step,pair,freq,total_tokens,compression,time_sec
1,[C][=C],9408974,80999028,1.1162,1.1
2,[C][C],6994190,75938233,1.1905,2
3,[C][=C][C][=C],3784817,73133144,1.2362,2.9
4,[=Branch1][C],3063920,70069224,1.2903,3.8
5,[=Branch1][C][=O],2490379,67578845,1.3378,4.6
6,[Branch1][C],1954557,65624288,1.3777,5.3
7,[C][=C][Ring1],1816263,63808025,1.4169,6
8,[Ring2][Ring1],1479693,62328332,1.4505,6.8
9,[C][=Branch1][C][=O],1384238,60944094,1.4835,7.5
10,[Branch1][C][C],1237203,59706891,1.5142,8.2
11,[Branch2][Ring1],1022442,58684449,1.5406,8.9
12,[C][=C][C][=C][C][=C][Ring1],876783,57807666,1.5639,9.3
13,[O][C],703071,57104595,1.5832,9.8
14,[N][C][C],698950,56405645,1.6028,10.2
15,[C][Branch1],647185,55758460,1.6214,10.7
16,[=C][Ring1],634558,55123902,1.6401,11.1
17,[C][=C][C][=C][C][=C][Ring1][=Branch1],629394,54494508,1.659,11.6
18,[C][=N],591986,53902522,1.6772,12
19,[C][Branch1][C],559046,53343476,1.6948,12.4
20,[C][C][C][C],544245,52931351,1.708,12.7
21,[N][C][=Branch1][C][=O],540888,52390463,1.7257,13.2
22,[C][O],528573,51861890,1.7432,13.7
23,[C][Ring1],472634,51389256,1.7593,14.1
24,[N][=C],419274,50969982,1.7737,14.5
25,[C][=C][Ring2][Ring1],402083,50567899,1.7879,14.8
26,[C][N],378568,50189331,1.8013,15.3
27,[C][=C][C][=C][Branch1],360337,49828994,1.8144,15.6
28,[Ring1][=Branch1],357295,49471699,1.8275,16
29,[C][=C][Ring1][#Branch1],352553,49119146,1.8406,16.3
30,[O][=C],351879,48767267,1.8539,16.7
31,[O][C][C],345236,48422031,1.8671,17.1
32,[Branch1][C][F],340647,48081384,1.8803,17.5
33,[Branch2][Ring2],326597,47754787,1.8932,17.9
34,[Branch1][C][O],279091,47475696,1.9043,18.3
35,[N][Branch1],273438,47202258,1.9153,18.7
36,[C][Branch2][Ring1],267541,46934717,1.9263,19
37,[C][C][=C][C][=C],246351,46688366,1.9364,19.5
38,[N][C][=C][C][=C],244949,46443417,1.9466,19.8
39,[C][C][=C],242522,46200895,1.9568,20.2
40,[=Branch1][C][=O][=Branch1][C][=O],211416,45989479,1.9658,20.5
41,[/C][=C],211263,45778216,1.9749,20.8
42,[S][=Branch1][C][=O][=Branch1][C][=O],210112,45568104,1.984,21.2
43,[N][Ring1],208390,45359714,1.9931,21.4
44,[C][C][=Branch1][C][=O],205282,45154432,2.0022,21.9
45,[C][=C][Branch1],199063,44955369,2.0111,22.2
46,[Branch1][C][Cl],193178,44762191,2.0197,22.5
47,[C][Branch1][C][F],192090,44570101,2.0284,22.8
48,[C][C][Ring1],191442,44378659,2.0372,23
49,[C][=C][C][=C][C][=C][Ring1][=Branch1][C],189520,44189139,2.0459,23.3
50,[N][=C][Ring1],177596,44011543,2.0542,23.6
51,[N][C],174793,43836750,2.0624,23.9
52,[C][O][C][=C][C][=C],169783,43666967,2.0704,24.3
53,[=C][Ring2][Ring1],169325,43497642,2.0785,24.6
54,[C][C][Branch1][C][C],165673,43331969,2.0864,25
55,[Ring2][Ring2],163534,43187600,2.0934,25.3
56,[Ring1][O],154041,43033559,2.1009,25.6
57,[C@H1][Branch1],152399,42881160,2.1083,25.9
58,[C][=Branch1][C][=O][N],149996,42731164,2.1157,26.3
59,[C][=C][C][Branch1],144964,42586200,2.1229,26.6
60,[Branch1][C][F][F],141239,42444961,2.13,26.9
61,[C][Ring2][Ring1],140177,42304784,2.1371,27.2
62,[O][Ring1],139055,42165729,2.1441,27.4
63,[C@@H1][Branch1],133833,42031896,2.1509,27.7
64,[O][C][=Branch1][C][=O],131760,41900136,2.1577,28
65,[Branch1][C][C][C],130763,41769373,2.1645,28.4
66,[C][Branch1][C][Cl],121690,41647683,2.1708,28.6
67,[C][=C][C][=C][Branch2][Ring1],118459,41529224,2.177,28.9
68,[=Branch2][C][=C][C][=C][C][=C][Ring1][=Branch1],115478,41413746,2.183,29.1
69,[N][C][=N],114095,41299651,2.1891,29.4
70,[Ring1][#Branch1],113422,41186229,2.1951,29.7
71,[=Branch1][C][=Branch1][C][=O],111249,41074980,2.201,30
72,[C][Ring1][=Branch1],110373,40964607,2.207,30.2
73,[Branch1][C][N],110321,40854286,2.2129,30.5
74,[C][N][C][C],109267,40745019,2.2189,30.8
75,[C][=Branch1],108645,40636374,2.2248,31.1
76,[Ring1][#Branch2],108021,40528353,2.2307,31.3
77,[Branch1][C][O][C],107332,40421021,2.2367,31.6
78,[Branch1][C][Cl][C][=C][Ring1][#Branch1],107018,40314003,2.2426,31.9
79,[C][Branch1][C][C],104410,40209593,2.2484,32.2
80,[C][Branch1][C][F][Branch1][C][F][F],103252,40106341,2.2542,32.4
81,[N][Branch2][Ring1],102459,40003882,2.26,32.7
82,[Ring1][Branch1],100069,39903813,2.2656,32.9
83,[C][N][C][=Branch1][C][=O],98843,39804970,2.2713,33.2
84,[N][=C][Branch1],95072,39709898,2.2767,33.4
85,[Ring1][=Branch2],93649,39616249,2.2821,33.7
86,[N][=N],89935,39526314,2.2873,34
87,[C][C][Ring2][Ring1],89265,39437049,2.2925,34.3
88,[C][C@H1],88782,39348267,2.2976,34.6
89,[Branch1][C][F][C][=C][Ring1][#Branch1],88481,39259786,2.3028,34.8
90,[C][=Ring1],87248,39172538,2.3079,35
91,[=Branch2][C][Branch1][C][F][Branch1][C][F][F],87243,39085295,2.3131,35.3
92,[Ring1][C],85411,38999884,2.3182,35.5
93,[Branch1][C][C][C][C],85207,38914677,2.3232,35.8
94,[#Branch2][C],84009,38830668,2.3283,36.1
95,[C][=Branch1][Ring2],83708,38746960,2.3333,36.4
96,[N][C][=C],81464,38665496,2.3382,36.6
97,[=C][Ring1][#Branch1],80166,38585330,2.3431,36.9
98,[C][S],80010,38505320,2.3479,37.2
99,[O][=C][Branch1],79473,38425847,2.3528,37.4
100,[C][=C][Ring1][#Branch2],78514,38347333,2.3576,37.7
101,[C][=Branch1][C][=O][N][C][C],76831,38270502,2.3623,37.9
102,[C][C@@H1],76669,38193833,2.3671,38.2
103,[Branch2][Branch1],76387,38117446,2.3718,38.5
104,[C][Branch2][Ring2],75823,38041623,2.3766,38.8
105,[Ring1][=N],75522,37966101,2.3813,39
106,[C][=Branch1][Ring2][=C][Ring1],74642,37891459,2.386,39.3
107,[N][Branch1][C][C],73455,37818004,2.3906,39.6
108,[C][C][=N],73447,37744557,2.3953,39.8
109,[=Branch1][C][=O][O-1],71821,37672736,2.3998,40.1
110,[C][=C][Ring1][Branch2],71622,37601114,2.4044,40.3
111,[O][C][=C][C][=C],71358,37529756,2.409,40.6
112,[N+1][=Branch1][C][=O][O-1],71156,37458600,2.4135,40.9
113,[C][C][C][N],71143,37387457,2.4181,41.2
114,[C][O][C][=Branch1][C][=O],69059,37318398,2.4226,41.4
115,[=N][Ring2][Ring1],66344,37252054,2.4269,41.7
116,[O][=C][Branch2][Ring1],64154,37187900,2.4311,41.9
117,[C][=C][Ring1][=Branch2],63952,37123948,2.4353,42.2
118,[C][=C][Ring1][=Branch1],63642,37060306,2.4395,42.4
119,[C][C][C][C][C][C],62942,36997364,2.4436,42.7
120,[=C][Ring1][Branch2],62089,36935275,2.4477,42.9
121,[C][=C][C][=N],61741,36873534,2.4518,43.1
122,[C][=C][Branch2][Ring1],61508,36812026,2.4559,43.4
123,[Ring1][=C],61281,36750745,2.46,43.6
124,[N][Ring2][Ring1],61277,36689468,2.4641,43.8
125,[Ring1][S],60662,36628806,2.4682,44
126,[C][=C][C][Branch2][Ring1],59892,36568914,2.4723,44.3
127,[O][C][Branch1][C][C],59111,36509803,2.4763,44.5
128,[Ring1][Branch2],58659,36451144,2.4803,44.8
129,[C][=Branch1][Ring2][=C][Ring1][=Branch1],57851,36393293,2.4842,45
130,[Ring1][#C],57834,36335459,2.4881,45.2
131,[O][C@@H1],56832,36278627,2.492,45.5
132,[=C][Ring1][#Branch2],56339,36222288,2.4959,45.7
133,[N][C][C][C][C],55797,36166491,2.4998,45.9
134,[=Branch1][N+1][=Branch1][C][=O][O-1],55688,36110803,2.5036,46.1
135,[C][=C][C][=C][C][=C][Ring1][=Branch1][C][=Branch1][C][=O],55683,36055120,2.5075,46.4
136,[C][=C][C][=C][C][Branch1],55506,35999614,2.5114,46.6
137,[Ring1][O][C],55099,35944515,2.5152,46.8
138,[Branch1][C][=Branch1][C][=O],54119,35890396,2.519,47
139,[O][C][C][Ring1][=Branch1],52088,35838308,2.5227,47.3
140,[Branch1][C][O][C@H1],51805,35786503,2.5263,47.5
141,[Ring1][N],50830,35735673,2.5299,47.7
142,[C][O][C][=C][C][=C][Branch2][Ring1],50713,35684960,2.5335,47.9
143,[O][C@H1],49612,35635348,2.537,48.2
144,[Ring1][=Branch1][C],48935,35586413,2.5405,48.4
145,[N][=C][Ring1][=Branch1],48668,35537745,2.544,48.6
146,[C][=C][N][=C],48583,35489162,2.5475,48.8
147,[C][Branch1][C][Cl][=C],48561,35440601,2.551,49
148,[Ring1][P],48100,35392501,2.5544,49.2
149,[O][Ring2][Ring1],47573,35344928,2.5579,49.5
150,[/C][=C][/C][=C],47511,35298526,2.5612,49.7
151,[C][N][Branch1],47401,35251125,2.5647,49.9
152,[Ring1][C][#N],47381,35203744,2.5681,50.1
153,[C][C][C][Ring1],47201,35156543,2.5716,50.4
154,[C][=C][C][Branch1][C],47088,35109455,2.575,50.5
155,[Branch1][C][Br],46270,35063185,2.5784,50.7
156,[C][C][O][C][=Branch1][C][=O],45608,35017577,2.5818,50.9
157,[C][=C][Branch1][C][C],45414,34972163,2.5851,51.2
158,[Ring1][C][O],44675,34927488,2.5884,51.4
159,[C][C][C@H1],43910,34883578,2.5917,51.7
160,[N][=C][Ring2][Ring1],43579,34839999,2.5949,51.9
161,[C][C][C][C][C][C][C][C],42738,34807719,2.5974,52.1
162,[N][S][=Branch1][C][=O][=Branch1][C][=O],42404,34765315,2.6005,52.3
163,[C][=C][C][=C][Ring1][=Branch1],42365,34722950,2.6037,52.5
164,[C][Ring1][#Branch1],41657,34681293,2.6068,52.7
165,[N][C][=C][C][=C][Branch1],41414,34639879,2.6099,52.9
166,[#Branch2][C][C][=C][C][=C][C][=C][Ring1][=Branch1],41237,34598642,2.6131,53.1
167,[C][=C][C][=C][Branch1][C][Cl][C][=C][Ring1][#Branch1],40628,34558014,2.6161,53.3
168,[C][C][=C][C][=C][Branch2][Ring1],40510,34517504,2.6192,53.5
169,[O][C][=C][C][=C][C][=C][Ring1][=Branch1],40457,34477047,2.6223,53.7
170,[C][C][Branch1],40107,34436940,2.6253,53.9
171,[Ring1][O][C][C],39737,34397203,2.6284,54.1
172,[C][C][=C][C][=C][C][=C][Ring1][=Branch1],39372,34357831,2.6314,54.3
173,[N][C][C][O][C][C][Ring1][=Branch1],38707,34319124,2.6343,54.4
174,[/N][=C],38341,34280783,2.6373,54.6
175,[=Branch1][C][=O][=O],38033,34242750,2.6402,54.8
176,[O][C][Branch1],37937,34204813,2.6431,54.9
177,[N][C][C][N][Branch1],37910,34166903,2.6461,55.1
178,[Ring2][Ring1][Ring2],37863,34129040,2.649,55.3
179,[C][=C][Ring1][#C],37645,34091395,2.6519,55.5
180,[C][=Branch1][C][=O][O],37435,34053960,2.6548,55.7
181,[C][Branch1][=Branch2],36723,34017237,2.6577,55.9
182,[C][C][N][Branch1],36450,33980787,2.6606,56
183,[C][C][=Branch1][C][=O][N],36439,33944348,2.6634,56.3
184,[N][C][=Branch1][C][=O][C][=C][C][=C],36402,33907946,2.6663,56.5
185,[N][C][=C][C][=C][Branch1][C][Cl][C][=C][Ring1][#Branch1],36278,33871668,2.6691,56.7
186,[Branch2][Ring2][Ring1],36237,33835431,2.672,56.9
187,[C][=C][Ring1][S],35933,33799498,2.6748,57.1
188,[Branch1][C][O][C][=C][Ring1][#Branch1],35494,33764004,2.6776,57.3
189,[C][O][C][=C][C][=C][Branch2][Ring2],35492,33728512,2.6805,57.5
190,[=C][C][=C][Ring2][Ring1],35200,33693312,2.6833,57.7
191,[C][=C][Ring1][P],35041,33658271,2.6861,57.9
192,[=C][Ring1][=Branch2],34925,33623346,2.6888,58.1
193,[Ring2][Ring1][Ring1],34855,33588491,2.6916,58.3
194,[C][=C][Ring2][Ring2],34836,33553655,2.6944,58.5
195,[C@@H1][Branch1][C][C],34706,33518949,2.6972,58.8
196,[C][C][=C][C][=C][Branch1],34236,33484713,2.7,59
197,[C][N][Branch1][C][C],34021,33450692,2.7027,59.2
198,[C][=C][C][=C][Branch2][Ring2],33718,33416974,2.7055,59.4
199,[C][=C][Ring1][=N],33485,33383489,2.7082,59.6
200,[Branch1][C][N][=O],33171,33350318,2.7109,59.8
201,[N][=C][Branch2][Ring1],33157,33317161,2.7136,60
202,[C][O][C],33097,33284064,2.7163,60.2
203,[S][Ring1][Branch1],33010,33251054,2.719,60.3
204,[C][C][Branch1][C][C][Branch1][C][C],32981,33218073,2.7217,60.6
205,[N][C][=C][C][=C][C][=C][Ring1][=Branch1],32915,33185158,2.7244,60.8
206,[/C][=C][/C],32557,33152601,2.727,61
207,[C][Branch1][C][Cl][=C][Ring1][#Branch1],32478,33120123,2.7297,61.1
208,[C][C][O],32001,33088122,2.7323,61.4
209,[C][=N][Ring1][=Branch1],31982,33056140,2.735,61.6
210,[N][C][=C][C][=C][Branch1][C][F][C][=C][Ring1][#Branch1],31973,33024167,2.7376,61.7
211,[C][Ring1][Branch1],31682,32992485,2.7403,61.9
212,[=Branch1][C][=S],31633,32960852,2.7429,62.1
213,[C][Branch1][C][O],31547,32929305,2.7455,62.3
214,[=Branch1][C][=N],31521,32897784,2.7481,62.5
215,[C][=C][C][Branch1][C][Cl][=C],31491,32866293,2.7508,62.6
216,[/C][=Branch1],31394,32834899,2.7534,62.8
217,[C@@H1][Branch2][Ring1],31228,32803671,2.756,63
218,[C][=C][C][=C][Branch1][C][F][C][=C][Ring1][#Branch1],31147,32772524,2.7587,63.2
219,[C][=C][Ring1][=C],31080,32741444,2.7613,63.4
220,[N][#C],30801,32710643,2.7639,63.6
221,[=C][C][Branch1],30775,32679868,2.7665,63.8
222,[C][Branch1][C][C][Branch1][C][C],30720,32649148,2.7691,64
223,[C][=N][C][Branch1],30537,32618611,2.7717,64.2
224,[=C][Branch1],30177,32588434,2.7742,64.4
225,[C][=C][C][=C][Ring1][#Branch1],30169,32558265,2.7768,64.6
226,[=Branch1][C][=Branch1][C][=O][O],30025,32528240,2.7794,64.8
227,[Ring1][C][C],29996,32498244,2.7819,64.9
228,[Ring2][Ring1][Branch1],29995,32468249,2.7845,65.2
229,[O][Ring1][Branch1],29914,32438335,2.7871,65.3
230,[Ring2][Ring1][=Branch1],29830,32408505,2.7896,65.6
231,[Branch1][C][O][C@@H1],29571,32378934,2.7922,65.7
232,[C][=C][C][=C][C][Ring1][=Branch1],29507,32349427,2.7947,65.9
233,[C][C][=C][Branch1],29347,32320080,2.7973,66.1
234,[O][C][C][=C][C][=C][C][=C][Ring1][=Branch1],29286,32290794,2.7998,66.3
235,[O][C][C][=Branch1][C][=O],29196,32261598,2.8023,66.4
236,[C@H1][Branch1][C][C],29194,32232404,2.8049,66.6
237,[Ring2][Ring1][#Branch1],28895,32203509,2.8074,66.9
238,[Branch1][C][F][Branch1][C][F][F],28676,32174833,2.8099,67.1
239,[N][C][C][C][C][Ring1],28551,32146282,2.8124,67.2
240,[P][=Branch1][C][=O],28415,32117867,2.8149,67.4
241,[O][Ring1][=Branch1],28216,32089651,2.8174,67.6
242,[O][C][Branch1][C][C][=O],28193,32061458,2.8198,67.8
243,[C][=C][Ring2][Ring1][=Branch1],27942,32033516,2.8223,67.9
244,[N][C][Branch1],27714,32005802,2.8247,68.1
245,[Ring1][Ring1],27481,31978588,2.8271,68.2
246,[C][O][C][=C][C][=C][Branch1],27159,31951429,2.8295,68.4
247,[C][=C][Ring2][Ring1][#Branch1],26943,31924486,2.8319,68.6
248,[C][=C][Ring1][N],26848,31897638,2.8343,68.8
249,[C][Branch1][C][F][=C],26680,31870958,2.8367,68.9
250,[C][=C][C][Branch1][Ring1][O],26598,31844360,2.8391,69.2
251,[N][C][C][N][Branch2][Ring1],26567,31817793,2.8414,69.3
252,[N][C][Branch1][C][C],26557,31791236,2.8438,69.5
253,[C][=C][C][=C][C][=Branch1][Ring2][=C][Ring1][=Branch1],26354,31764882,2.8462,69.7
254,[C][=C][Ring2][Ring1][Branch2],26316,31738566,2.8485,69.8
255,[C][Branch1][C][Cl][=C][Ring1][Branch2],26294,31712272,2.8509,70
256,[C][=C][Ring2][Ring1][=Branch2],26234,31686038,2.8532,70.2
257,[N][=Ring1],26216,31659822,2.8556,70.3
258,[Branch1][C][Br][C][=C][Ring1][#Branch1],26158,31633664,2.858,70.5
259,[N][Branch2][Ring2],25684,31607980,2.8603,70.7
260,[C][NH1],25511,31582469,2.8626,70.9
261,[C][=C][Ring2][Ring1][Ring2],25470,31556999,2.8649,71.1
262,[N][Branch1][C][C][C],25461,31531538,2.8672,71.3
263,[C][S][=Branch1][C][=O][=Branch1][C][=O],25451,31506087,2.8695,71.5
264,[C][=C][Ring2][Ring1][Ring1],25274,31480813,2.8718,71.6
265,[Branch1][C][O][C][C],25210,31455603,2.8741,71.8
266,[N][C][C][=C][C][=C],25044,31430559,2.8764,72
267,[=N][C][C][=C][C][=C],24995,31405564,2.8787,72.2
268,[C][=C][Ring2][Ring1][Branch1],24823,31380741,2.881,72.3
269,[C@@][Branch1][C][C],24753,31355988,2.8833,72.6
270,[N][C][=Branch1][C][=O][C@H1][Branch1],24536,31331452,2.8855,72.8
271,[C][=C][C][=C][Branch1][=Branch2],24500,31306952,2.8878,73
272,[\C][=C],24352,31282600,2.89,73.1
273,[C][N][Branch2][Ring1],24308,31258292,2.8923,73.3
274,[Ring2][Ring2][Ring1],24260,31234032,2.8945,73.5
275,[C@H1][Branch2][Ring1],24237,31209795,2.8968,73.7
276,[N][Branch1][=Branch2],24090,31185705,2.899,73.8
277,[=Branch1][C][Branch1][C][C],23962,31161743,2.9012,74
278,[C][=C][C][=C][N][=C][Ring1][=Branch1],23808,31137935,2.9035,74.2
279,[O][C][=N],23777,31114158,2.9057,74.3
280,[C][O][C][C],23753,31090405,2.9079,74.5
281,[Ring2][Ring1][Branch2],23659,31066746,2.9101,74.6
282,[Ring1][Branch1][C],23610,31043136,2.9123,74.8
283,[C][=C][S],23603,31019533,2.9146,75
284,[C@][Branch1][C][C],23576,30995957,2.9168,75.2
285,[C][=C][C][=C][C][=C][Ring1][=Branch2],23501,30972456,2.919,75.4
286,[Branch1][C][C][C][=C][Ring1][#Branch1],23491,30948965,2.9212,75.6
287,[C][Branch1][=Branch2][C][=C][C][=C][C][=C][Ring1][=Branch1],23347,30925618,2.9234,75.7
288,[C][O][C][=C],23317,30902301,2.9256,75.9
289,[C][C][C@@H1],23071,30879230,2.9278,76.2
290,[C][Ring1][#Branch2],23014,30856216,2.93,76.3
291,[Branch1][Ring2],22993,30833223,2.9322,76.5
292,[C][=C][Ring2][Ring1][#Branch2],22897,30810326,2.9343,76.6
293,[Branch1][Ring1][O],22858,30787468,2.9365,76.8
294,[C][=C][Ring1][O],22839,30764629,2.9387,77
295,[C][=C][C][=C][C][Branch2][Ring1],22800,30741829,2.9409,77.2
296,[Ring2][Ring1][=Branch2],22778,30719051,2.9431,77.4
297,[C][=Ring2],22687,30696364,2.9452,77.5
298,[C][=C][NH1],22474,30673890,2.9474,77.7
299,[O][C][C][C][C],22422,30651468,2.9495,77.9
300,[Branch2][C][C],22188,30629280,2.9517,78
301,[C][=Branch1][C][=O][O][C],22104,30607176,2.9538,78.2
302,[N][C@@H1][Branch1],22073,30585103,2.9559,78.4
303,[Branch1][C][C][=Branch1][C][=O][=O],22026,30563077,2.9581,78.6
304,[Ring1][Branch1][C][=Branch1][C][=O],21880,30541197,2.9602,78.8
305,[#C][C][=C][C][=C],21876,30519321,2.9623,78.9
306,[C][=C][Branch1][C][Cl],21874,30497447,2.9644,79.1
307,[C][O][C][=C][C][=C][C][=C][Ring1][=Branch1],21703,30475744,2.9666,79.3
308,[C][C][Ring1][=N],21623,30454121,2.9687,79.5
309,[C][Branch1][C][F][=C][Ring1][#Branch1],21553,30432568,2.9708,79.7
310,[S][Branch1][C][C][=Branch1][C][=O][=O],21411,30411157,2.9729,79.9
311,[C][C][=C][C][=C][Branch2][Ring2],21395,30389762,2.9749,80
312,[N][=C][Branch1][C][N],21265,30368497,2.977,80.2
313,[C][C][Ring1][#Branch1],21262,30347235,2.9791,80.3
314,[C][Ring1][Branch2],21247,30325988,2.9812,80.5
315,[O][C][=C][C][=C][Branch1],21219,30304769,2.9833,80.6
316,[C][Ring1][=N],21172,30283597,2.9854,80.8
317,[O][=C][Branch1][C][O],21020,30262577,2.9875,81
318,[C][=C][Branch1][C][O],20944,30241633,2.9895,81.1
319,[=C][Ring1][P],20933,30220700,2.9916,81.3
320,[Ring2][Ring1][C],20844,30199856,2.9937,81.4
321,[C][S][C][=N],20636,30179220,2.9957,81.5
322,[Branch2][C][=C][C][=C],20634,30158586,2.9978,81.7
323,[C][C][C][Ring1][Ring1],20587,30137999,2.9998,81.8
324,[N][Ring1][Branch1],20549,30117450,3.0018,82
325,[N][=C][Ring1][#Branch1],20471,30096979,3.0039,82.1
326,[C][Ring1][#C],20361,30076618,3.0059,82.3
327,[C][C][=Branch1][C][=O][N][C][C],20334,30056284,3.008,82.4
328,[C][Ring1][=C],20310,30035974,3.01,82.6
329,[Branch1][C][O-1],20303,30015671,3.012,82.8
330,[C][=Branch1][C][=O][N][C][=C][C][=C],20292,29995379,3.0141,83
331,[Ring2][Ring1][#Branch2],20225,29975154,3.0161,83.1
332,[C][N][C][=N],20208,29954946,3.0181,83.3
333,[=Branch1][N+1][=Branch1][C][=O][O-1][C][=C][Ring1][=Branch2],20175,29934771,3.0202,83.4
334,[C][C][N][C][=Branch1][C][=O],19964,29914807,3.0222,83.6
335,[=Branch2][C][Branch1][C][F][Branch1][C][F][F][C][=C][Ring1][#Branch2],19953,29894854,3.0242,83.7
336,[C][=C][C][=N][C][=C][Ring1][=Branch1],19815,29875039,3.0262,83.9
337,[O][C@H1][Branch1],19765,29855274,3.0282,84
338,[Branch2][=Branch1],19694,29835580,3.0302,84.2
339,[S][C][=N],19593,29815987,3.0322,84.4
340,[N][Ring1][=Branch2],19578,29796409,3.0342,84.5
341,[N][=O],19548,29776861,3.0362,84.7
342,[C][Branch1][=N],19528,29757333,3.0382,84.8
343,[=C][C][=N],19509,29737824,3.0402,85
344,[/C][=Branch2],19337,29718487,3.0421,85.2
345,[Ring2][Branch1],19317,29699170,3.0441,85.4
346,[N][C][C][=C][C][=C][C][=C][Ring1][=Branch1],19208,29679962,3.0461,85.5
347,[=Branch1][C][Branch1][C][N][=O],19172,29660790,3.0481,85.7
348,[Ring1][O][C][C][=C][Ring1][Branch2],19135,29641655,3.05,85.9
349,[#Branch2][Ring1][=Branch1],19028,29622627,3.052,86
350,[C][=C][C][=C][Branch1][#Branch2],18983,29603644,3.0539,86.2
351,[O][Ring1][#Branch1],18978,29584666,3.0559,86.4
352,[C][C][C],18886,29565780,3.0579,86.5
353,[C][Ring1][=Branch2],18775,29547005,3.0598,86.7
354,[C][=C][Ring2][Ring1][O],18749,29528256,3.0617,86.8
355,[C][Ring1][S],18663,29509593,3.0637,87
356,[Branch1][C][C][=C],18524,29491069,3.0656,87.2
357,[#Branch1][O][C][Branch1][C][C][=O],18507,29472562,3.0675,87.3
358,[N][C][C][C][C][Ring1][Branch1],18479,29454083,3.0695,87.5
359,[N][C][C][C][C][C][C],18465,29435618,3.0714,87.6
360,[C][Ring1][P],18443,29417175,3.0733,87.8
361,[=C][S],18432,29398743,3.0752,87.9
362,[C][Branch2][Ring1][Ring2],18372,29380371,3.0772,88.1
363,[N][=C][Ring1][Branch1],18126,29362245,3.0791,88.2
364,[N][C][C][C][C][C][Ring1][=Branch1],18056,29344189,3.081,88.3
365,[C][C][=C][NH1],17960,29326229,3.0828,88.5
366,[C@@H1][Branch1][C][O][C@H1],17943,29308286,3.0847,88.6
367,[Branch2][Ring1][Ring2],17930,29290356,3.0866,88.7
368,[N][C][=C][Branch1],17914,29272442,3.0885,88.9
369,[/C][=C][/C][=Branch1][C][=O],17807,29254635,3.0904,89.1
370,[C][=C][Ring2][Ring1][=N],17769,29236866,3.0923,89.2
371,[#Branch2][C][=C][C][=C][C][=C][Ring1][=Branch1],17701,29219165,3.0941,89.4
372,[#Branch1][C][C][Branch1][C][C],17638,29201527,3.096,89.5
373,[#Branch1][C][C][=Branch1][C][=O],17609,29183918,3.0979,89.7
374,[C][O][C][=C][C][Branch2][Ring1],17590,29166328,3.0997,89.8
375,[Ring1][Ring2],17515,29148813,3.1016,89.9
376,[C][=C][Ring2][Ring1][N],17398,29131415,3.1035,90.1
377,[=C][Ring1][#C],17392,29114023,3.1053,90.2
378,[N][C][=Branch1][C][=O][C@@H1],17373,29096650,3.1072,90.4
379,[N][C][C][C][Branch1],17364,29079286,3.109,90.6
380,[/C][=N],17358,29061928,3.1109,90.7
381,[C][Branch1][Ring1][O],17321,29044607,3.1127,90.8
382,[N][C][=Branch1][C][=O][C][C],17297,29027310,3.1146,91
383,[/N][=C][/C][=C],17237,29010073,3.1164,91.1
384,[S][C][C],17174,28992899,3.1183,91.2
385,[C][Branch1][=Branch2][C][Branch1][C][F][Branch1][C][F][F],17151,28975748,3.1201,91.4
386,[C][Branch1][C][Br],17135,28958613,3.122,91.5
387,[Branch2][Ring1][Ring1],17082,28941531,3.1238,91.7
388,[C][=C][C][=C][C][=N][Ring1][=Branch1],17066,28924465,3.1257,91.8
389,[C][Branch1][C][N][=N],17027,28907438,3.1275,91.9
390,[Ring1][=Branch1][C][=Branch1][C][=O],16992,28890446,3.1293,92.1
391,[C][Branch1][C][C][=N],16956,28873490,3.1312,92.2
392,[C][=C][C][=C][C][Ring1][=Branch1][=C][Ring1][#Branch2],16901,28856589,3.133,92.3
393,[O][=C][Branch2][Ring2],16851,28839738,3.1348,92.4
394,[C][=Branch1][C][=O][N][Branch1],16839,28822899,3.1367,92.6
395,[C][C][C@],16822,28806077,3.1385,92.7
396,[Branch1][=Branch2],16753,28789324,3.1403,92.9
397,[P][=Branch1][C][=O][Branch1][C][O],16557,28772767,3.1421,93
398,[C][=C][Branch1][C][F],16549,28756218,3.1439,93.1
399,[=C][Ring1][=C],16479,28739739,3.1457,93.3
400,[C][=C][C][=C][C][=C][Ring1][=Branch2][Ring1][=Branch1],16341,28723398,3.1475,93.4
401,[Ring2][C][C],16302,28707096,3.1493,93.6
402,[C][=C][Branch2][Ring2],16261,28690835,3.1511,93.8
403,[=N][C][=Branch1][C][=O],16223,28674612,3.1529,93.9
404,[/C][=C][\C],16180,28658432,3.1547,94
405,[S][S][=Branch1][C][=O][=Branch1][C][=O],16170,28642262,3.1565,94.1
406,[=C][C][=Branch1][C][=O],15991,28626271,3.1582,94.3
407,[Ring1][O][C][C][Branch1][Ring1][O],15913,28610358,3.16,94.4
408,[C][=C][C][=Branch1][C][=O],15885,28594473,3.1617,94.6
409,[C][Branch2][Branch1],15870,28578603,3.1635,94.7
410,[C][Branch2][Ring1][Ring1],15826,28562777,3.1652,94.8
411,[C][=Ring1][Branch1],15672,28547105,3.167,95
412,[O][C][O][Ring1][=Branch1],15662,28531443,3.1687,95.1
413,[C][C][Ring1][S],15639,28515804,3.1705,95.2
414,[C][C@H1][Branch1],15615,28500189,3.1722,95.4
415,[=C][Ring1][=N],15611,28484578,3.1739,95.6
416,[N][=Ring2],15603,28468975,3.1757,95.7
417,[Branch1][C][C][Branch1][C][C],15590,28453687,3.1774,95.9
418,[C][=C][Branch1][=Branch2],15579,28438108,3.1791,96
419,[C][=C][C][=C][C][=C][Ring1][#Branch2][Ring1][=Branch1],15553,28422555,3.1809,96.1
420,[O][C][=Ring1],15549,28407006,3.1826,96.3
421,[N][N][=C],15546,28391460,3.1843,96.4
422,[N][C@H1],15524,28375936,3.1861,96.5
423,[=C][Ring1][S],15420,28360516,3.1878,96.6
424,[Branch1][=Branch2][C][=C][C][=C][C][=C][Ring1][=Branch1],15418,28345098,3.1895,96.7
425,[N][C][C][=C],15400,28329698,3.1913,96.9
426,[C][=Branch1][C][=O][N][C@@H1][Branch1],15389,28314309,3.193,97
427,[C][=C][C][Branch1][C][F][=C],15326,28298983,3.1947,97.2
428,[=C][N][C][=Branch1][C][=O],15309,28283674,3.1965,97.3
429,[C][C@],15247,28268427,3.1982,97.6
430,[C][C][C][C][C][C][Ring1][=Branch1],15229,28253198,3.1999,97.7
431,[C][Branch1][C][O][=C],15071,28238127,3.2016,97.8
432,[#Branch2][C][C][=C][C][=C][C][=C][Ring1][=Branch1][C][=Branch1][C][=O],15068,28223059,3.2033,97.9
433,[N][C][=C][C][=C][Branch2][Ring1],15061,28207998,3.205,98.1
434,[C][=C][Ring2][Ring1][=C],14948,28193050,3.2067,98.2
435,[C][=C][Ring2][Ring1][C],14803,28178247,3.2084,98.3
436,[O][C][C@H1],14781,28163466,3.2101,98.4
437,[Ring2][Ring1][=N],14706,28148760,3.2118,98.6
438,[C][=C][N][Branch1],14661,28134099,3.2135,98.7
439,[N][C][=N][C][=N],14579,28119520,3.2151,98.8
440,[C][Ring1][=Branch1][C],14551,28104969,3.2168,98.9
441,[N][N][C][C],14478,28090491,3.2185,99.1
442,[C][C][Ring1][#C],14398,28076093,3.2201,99.2
443,[N][C][=Branch1][C][=S],14341,28061752,3.2218,99.3
444,[C][Branch1][P],14281,28047471,3.2234,99.5
445,[#C][N][C][=Branch1][C][=O],14280,28033191,3.225,99.6
446,[=C][Ring2][Ring1][Ring2],14238,28018953,3.2267,99.8
447,[Branch1][C][Cl][C][Branch1][C][Cl][=C][Ring1][Branch2],14235,28004718,3.2283,99.9
448,[S][=Branch1][C][=O][=Branch1][C][=O][C][=C][C][=C],14233,27990485,3.23,100
449,[Branch1][C][C][C@H1],14198,27976287,3.2316,100.2
450,[N][N][C][=Branch1][C][=O],14141,27962146,3.2332,100.3
451,[=C][Ring2][Ring2],14104,27948042,3.2349,100.4
452,[C][C][C][C][=Branch1][C][=O],14067,27933975,3.2365,100.6
453,[C][Branch1][#Branch2],13958,27920017,3.2381,100.7
454,[C][=Branch1][C][=O][N][Ring1],13925,27906092,3.2397,100.9
455,[C][=Branch1][C][=O][NH1],13887,27892205,3.2413,101
456,[C][#C],13862,27878343,3.2429,101.2
457,[C][C@@H1][Branch1],13838,27864505,3.2446,101.4
458,[C][=C][C][=C][C][=C][Ring1][=Branch1][S],13796,27850709,3.2462,101.5
459,[C][=C][Ring2][Ring1][#C],13786,27836923,3.2478,101.7
460,[C][Branch1][S],13766,27823157,3.2494,101.8
461,[N][=C][Branch1][=Branch2],13735,27809422,3.251,101.9
462,[N][Ring1][Branch1][C],13662,27795760,3.2526,102
463,[C][=C][C][Branch1][C][O][=C],13659,27782101,3.2542,102.1
464,[O][=S],13539,27768562,3.2558,102.3
465,[=C][Ring1][O],13443,27755119,3.2573,102.4
466,[C][=C][C][=C][Branch1][Ring1][O][C][C][=C][Ring1][Branch2],13403,27741716,3.2589,102.5
467,[O][C][=C][C][=C][Branch2][Ring1],13385,27728331,3.2605,102.7
468,[O][=S][=Branch1][C][=O],13263,27715068,3.2621,102.8
469,[Ring2][Ring1][#C],13224,27701844,3.2636,103
470,[C][C][Branch2][Ring1],13222,27688622,3.2652,103.1
471,[C][=Branch1][C][=S],13213,27675409,3.2667,103.2
472,[=C][Ring2][Ring1][#Branch1],13152,27662257,3.2683,103.4
473,[C][=C][C][=C][Branch1][=Branch2][C][Branch1][C][F][Branch1][C][F][F][C][=C][Ring1][#Branch2],13108,27649149,3.2698,103.5
474,[C][Branch2][Ring1][#Branch1],13100,27636049,3.2714,103.7
475,[=C][Ring2][Ring1][Ring1],13036,27623013,3.2729,103.8
476,[C][=C][C][Branch1][C][Cl][=C][C][=C][Ring1][#Branch1],13021,27609992,3.2745,103.9
477,[C][Ring2][Ring1][Ring1],12958,27597034,3.276,104.1
478,[C@@H1][C][C],12954,27584080,3.2775,104.2
479,[C][Branch1][=C],12937,27571143,3.2791,104.4
480,[O][C][Branch1][C][C][Branch1][C][C],12906,27558237,3.2806,104.5
481,[C][Ring2][Ring1][Ring2],12809,27545428,3.2821,104.7
482,[Ring2][Ring1][O],12793,27532635,3.2837,104.8
483,[C][Branch1][C][C][=C][Ring1][#Branch1],12672,27519963,3.2852,104.9
484,[N][C][C][=Branch1][C][=O],12597,27507366,3.2867,105.1
485,[C][Branch1][#C],12581,27494785,3.2882,105.2
486,[C][Ring1][O],12440,27482345,3.2897,105.4
487,[C][C@@],12417,27469928,3.2912,105.5
488,[Ring2][Ring1][=C],12412,27457516,3.2927,105.7
489,[C][C][C][N][Branch1],12408,27445108,3.2941,105.8
490,[Ring1][Branch1][C][C],12398,27432710,3.2956,106
491,[C][=C][C][=C][Branch1][=Branch1][N+1][=Branch1][C][=O][O-1][C][=C][Ring1][=Branch2],12350,27420360,3.2971,106.1
492,[N][Ring1][=Branch1],12331,27408029,3.2986,106.2
493,[C][Branch1][C][F][=C][Ring1][Branch2],12326,27395703,3.3001,106.3
494,[C][N][Branch1][C][C][C][C],12319,27383384,3.3016,106.5
495,[C][=C][C][Branch1][=Branch2][C][Branch1][C][F][Branch1][C][F][F],12274,27371110,3.303,106.6
496,[N][C][=C][C][=N],12246,27358864,3.3045,106.8
497,[C][Branch1][Branch2],12170,27346694,3.306,106.9
498,[C][=C][Ring1][=Branch1][C],12154,27334540,3.3075,107.1
499,[N][C][C@H1],12111,27322429,3.3089,107.2
500,[C][C][Ring1][=C],12076,27310353,3.3104,107.3
501,[=C][C][Branch1][Ring1][O],12029,27298324,3.3119,107.5
502,[#Branch2][C][C][=C][C][=C][C][=C][Ring1][=Branch1][C],12023,27286301,3.3133,107.6
503,[C][C][C][=N],12010,27274291,3.3148,107.7
504,[C][C][=C][Branch2][Ring1],12002,27262289,3.3162,107.8
505,[C][Ring2][Ring1][Branch1],11924,27250365,3.3177,108
506,[C][Branch2][Ring1][Branch2],11891,27238474,3.3191,108.1
507,[#Branch1][C][=Branch1][C][=O],11861,27226613,3.3206,108.3
508,[N][Ring1][#Branch2],11812,27214801,3.322,108.4
509,[=C][Ring2][Ring1][=Branch2],11698,27203103,3.3234,108.5
510,[O][C@H1][Branch1][Ring1][C][O],11682,27191421,3.3249,108.7
511,[O][N][C][=Branch1][C][=O],11678,27179743,3.3263,108.8
512,[O][C][Branch1][C][F][Branch1][C][F][F],11607,27168136,3.3277,108.9
513,[=C][Ring2][Ring1][Branch1],11531,27156605,3.3291,109
514,[#Branch1][C][C],11473,27145132,3.3305,109.2
515,[=N][C][=C][C][=C],11466,27133666,3.3319,109.3
516,[C][=C][Ring2][Ring1][S],11443,27122223,3.3334,109.4
517,[=Ring1][=Branch2],11386,27110837,3.3348,109.5
518,[C][C][=C][C][Branch1][C],11361,27099476,3.3362,109.7
519,[C][N][=C],11358,27088118,3.3376,109.8
520,[Ring2][Ring2][Ring2],11356,27076762,3.339,110
521,[C][=C][Branch1][C][N],11321,27065441,3.3403,110.1
522,[C][=C][C][=C][C][=C][Ring1][=Branch1][C][Ring1][#Branch2],11311,27054130,3.3417,110.2
523,[=C][\C][=C],11301,27042829,3.3431,110.3
524,[C][C][C@@],11285,27031544,3.3445,110.4
525,[=C][/C][=C],11284,27020260,3.3459,110.6
526,[C][=C][C][Branch1][=Branch2],11269,27008991,3.3473,110.7
527,[C][Ring2][Ring1][=Branch1],11258,26997733,3.3487,110.8
528,[C][=C][C][Branch2][Ring2],11257,26986476,3.3501,111
529,[=N][C][=N],11226,26975250,3.3515,111.1
530,[C][=Branch1][C][=O][N][Branch1][C][C],11213,26964037,3.3529,111.2
531,[Ring2][Ring1][P],11143,26952894,3.3543,111.3
532,[N][C][=C][C][=C][C][Branch1][C][Cl][=C][Ring1][#Branch1],11129,26941765,3.3557,111.5
533,[Ring2][Ring1][S],11115,26930650,3.3571,111.6
534,[C][Branch2][Ring1][=Branch2],11092,26919558,3.3585,111.7
535,[#Branch1][C][C][C][C],11041,26908517,3.3598,111.8
536,[/C][=C][/C][=C][C][=C],10998,26897519,3.3612,112
537,[C][Branch1][C][C][Branch1][C][C][C],10981,26886538,3.3626,112.1
538,[C][C][=C][S],10977,26875561,3.3639,112.2
539,[C][=Branch1][C][=O][C][=C][C][=C],10965,26864596,3.3653,112.3
540,[=N][N][Ring1],10909,26853687,3.3667,112.4
541,[Ring1][C][C][C][C],10896,26842791,3.3681,112.6
542,[Ring2][Ring2][C],10883,26831908,3.3694,112.7
543,[=C][Ring2][Ring1][Branch2],10880,26821028,3.3708,112.8
544,[C][=C][C][Branch1][Ring1][O][C][=C][Branch1],10823,26810205,3.3721,112.9
545,[S][N][C][=Branch1][C][=O],10808,26799397,3.3735,113.1
546,[=N+1][Branch1][C][O-1],10795,26788602,3.3749,113.2
547,[=N][Ring1][#Branch2],10794,26777808,3.3762,113.4
548,[C][Branch1][C][N][=O],10777,26767031,3.3776,113.5
549,[N][Branch1][C][C][C][C][Ring1][#Branch1],10767,26756264,3.3789,113.6
550,[O][Ring1][Branch2],10758,26745506,3.3803,113.8
551,[C][Ring2][Ring1][#Branch1],10732,26734774,3.3817,113.9
552,[Ring2][Ring1][N],10653,26724121,3.383,114
553,[Branch1][C][N][=Branch1][C][=O][=O],10616,26713505,3.3844,114.1
554,[=N][C][=C][C][=C][C][=C][Ring1][=Branch1],10589,26702916,3.3857,114.3
555,[C][C][N][C][C],10588,26692328,3.387,114.4
556,[N][C][Branch1][C][C][=O],10456,26681872,3.3884,114.5
557,[Branch2][Ring2][Ring2],10451,26671421,3.3897,114.7
558,[C][Branch1][C][F][Branch1][C][F],10439,26660982,3.391,114.8
559,[=N][NH1],10429,26650553,3.3923,114.9
560,[=C][Ring2][Ring1][#Branch2],10417,26640136,3.3937,115.1
561,[C][Ring2][Ring1][Branch2],10388,26629748,3.395,115.2
562,[C][Branch2][Ring1][#Branch2],10375,26619373,3.3963,115.4
563,[C][C][Ring1][P],10293,26609080,3.3976,115.5
564,[S][C][C][=Branch1][C][=O],10249,26598831,3.3989,115.6
565,[C][=C][C][=C][Branch1][=N],10211,26588620,3.4003,115.8
566,[C][C][N],10139,26578481,3.4015,115.9
567,[C][Branch2][Ring1][=Branch1],10110,26568371,3.4028,116
568,[N][Branch2][Ring1][Ring1],10098,26558273,3.4041,116.2
569,[NH1][Ring1][=Branch2],10071,26548202,3.4054,116.3
570,[O][=C][Branch1][C][O][C],10046,26538156,3.4067,116.4
571,[C][=C][C][=C][Branch1][Branch2],9999,26528157,3.408,116.6
572,[S][Branch1][C][N][=Branch1][C][=O][=O],9982,26518175,3.4093,116.7
573,[P][=Branch1][C][=O][Branch1][C][O][O],9906,26508269,3.4106,116.8
574,[=C][Ring1][N],9904,26498365,3.4118,117
575,[C][=C][C][Ring1][=Branch1],9884,26488481,3.4131,117.1
576,[C][O][C][=C][C][Branch1],9873,26478608,3.4144,117.3
577,[C][C][=C][C][=N],9872,26468736,3.4157,117.4
578,[=C][Ring2][Ring1][=Branch1],9871,26458865,3.4169,117.5
579,[/C][=N][/N],9866,26448999,3.4182,117.7
580,[C][C][O][C][=C][C][=C],9858,26439141,3.4195,117.8
581,[C][=C][C][=C][C][Branch1][=Branch2][C][Branch1][C][F][Branch1][C][F][F],9851,26429290,3.4208,118
582,[Branch1][C][=N],9815,26419475,3.422,118.1
583,[C][Branch2][Ring1][Branch1],9787,26409688,3.4233,118.2
584,[Branch1][C][N][C][=Branch1][C][=O],9779,26399909,3.4246,118.3
585,[#C][C][=Branch1][C][=O],9766,26390143,3.4258,118.4
586,[O][C][C@@H1],9718,26380425,3.4271,118.5
587,[N][C@@H1],9705,26370720,3.4283,118.7
588,[=C][Ring1][=Branch1],9665,26361055,3.4296,118.8
589,[Ring1][C][#N][C][=C][Ring1][Branch2],9642,26351413,3.4309,118.9
590,[C][Branch1][C][O][=C][Ring1][#Branch1],9590,26341823,3.4321,119
591,[Branch1][=N],9588,26332235,3.4334,119.2
592,[S][Ring1][=Branch1],9510,26322725,3.4346,119.3
593,[C][=Branch1][Ring2][=C][Ring1][=Branch1][C],9508,26313217,3.4358,119.4
594,[=Branch1][C][=Branch1][C][=O][O][=C],9492,26303725,3.4371,119.5
595,[C][=C][C][=C][Branch1][C][O][C][=C][Ring1][#Branch1],9484,26294241,3.4383,119.6
596,[N][Branch1][C][C][C][=Branch1][C][=O],9450,26284791,3.4396,119.7
597,[=Branch1][C][Branch1][C][C][=O],9432,26275359,3.4408,119.9
598,[C][C][C][C][Ring1][=Branch1],9425,26265934,3.442,120
599,[O][C][Branch2][Ring1],9404,26256530,3.4433,120.1
600,[C][=C][Ring2][Ring1][P],9404,26247126,3.4445,120.2
601,[O][=N+1][Branch1][C][O-1],9395,26237731,3.4457,120.4
602,[Branch2][N][C][=Branch1][C][=O],9372,26228359,3.447,120.5
603,[O][Ring1][=Branch2],9367,26218992,3.4482,120.7
604,[C][N][C][=C],9365,26209627,3.4494,120.8
605,[C][C][C][Branch1],9362,26200265,3.4507,120.9
606,[N][Ring1][Branch1][C][C],9348,26190917,3.4519,121
607,[Branch1][=C],9335,26181582,3.4531,121.1
608,[S][C][C][=C][C][=C],9287,26172295,3.4543,121.2
609,[Branch1][C][O][C][Branch1][C][O],9259,26163036,3.4556,121.4
610,[O][C][=C],9256,26153780,3.4568,121.5
611,[O][C@@H1][Branch1],9240,26144540,3.458,121.6
612,[C][=C][C][=C][C][Branch1][=Branch2][C][Branch1][C][F][Branch1][C][F][F][=C][Ring1][#Branch2],9185,26135355,3.4592,121.7
613,[N][Ring1][=N],9146,26126209,3.4604,121.8
614,[C][Ring1][Branch1][=C][Ring1][=Branch2],9121,26117088,3.4616,122
615,[C@H1][C][C],9114,26107974,3.4629,122.1
616,[C][C][C][Ring1][=Branch1],9086,26098888,3.4641,122.2
617,[C][=Branch1][C][=N],9074,26089814,3.4653,122.3
618,[N][=C][Ring1][#Branch2],9055,26080759,3.4665,122.4
619,[N][Ring1][#C],9052,26071707,3.4677,122.6
620,[C][C][N][Branch1][Ring1][C][C],9005,26062702,3.4689,122.7
621,[C@@][Branch1][C][C][C][C],8974,26053728,3.4701,122.8
622,[C][=C][C][Branch1][C][Br],8952,26044776,3.4713,122.9
623,[C][C][Ring1][N],8945,26035831,3.4724,123
624,[S][=Branch1][C][=O][=Branch1][C][=O][N][C][C],8903,26026928,3.4736,123.1
625,[O][=C][Branch1][#Branch2],8879,26018049,3.4748,123.2
626,[=Branch1][C][C][C][Ring1][Ring1],8862,26009187,3.476,123.4
627,[C@H1][Branch1][C][O][C@@H1],8851,26000336,3.4772,123.5
628,[N][=C][Branch1][C][C],8817,25991519,3.4784,123.6
629,[=C][Ring2][Ring1][C],8779,25982740,3.4795,123.7
630,[C][C][=Branch1][C][=O][N][C][=C][C][=C],8772,25973968,3.4807,123.8
631,[C@H1][Branch1][C][O][C],8771,25965197,3.4819,124
632,[=C][Ring2][Ring1][O],8736,25956461,3.4831,124.1
633,[O][O][C][C][=C][C][=C][C][=C][Ring1][=Branch1],8724,25947737,3.4842,124.2
634,[Branch1][C][S],8713,25939024,3.4854,124.3
635,[Ring2][Ring2][Branch1],8673,25930351,3.4866,124.5
636,[/C][=C][/C][=C][C][=C][C][=C][Ring1][=Branch1],8645,25921706,3.4877,124.6
637,[C][C][C][N][Branch2][Ring1],8614,25913092,3.4889,124.7
638,[N][C][C@@H1],8599,25904493,3.4901,124.8
639,[N][Ring1][P],8581,25895912,3.4912,125
640,[C][=Branch1][Ring2][=C][Ring1][=Branch1][O][C][O][Ring1][=Branch1],8574,25887338,3.4924,125.1
641,[S][C][=Branch1][C][=O],8569,25878769,3.4935,125.2
642,[C][=C][C][=C][C][=C][C][=C][Ring1][=Branch1],8546,25870223,3.4947,125.3
643,[C][=C][C][=C][C][=C][Ring1][=Branch1][C][=N],8509,25861714,3.4958,125.4
644,[N][N][=C][Branch1],8498,25853216,3.497,125.6
645,[C][Ring2][Ring1][=Branch2],8466,25844750,3.4981,125.7
646,[N][=C][Ring1][S],8434,25836316,3.4993,125.8
647,[C][=C][C][=C][Ring1][#Branch1][Cl],8434,25827882,3.5004,125.9
648,[C][C][C][=Branch1][C][=O],8420,25819462,3.5015,126
649,[N][C@H1][Branch1],8418,25811044,3.5027,126.1
650,[C][=C][C][=C][Branch1][P],8377,25802667,3.5038,126.2
651,[C][C][C][N][C][C],8349,25794318,3.505,126.3
652,[N][C][=C][C][=C][Branch1][C][Br][C][=C][Ring1][#Branch1],8348,25785970,3.5061,126.4
653,[C@H1][Branch1][C][O],8346,25777624,3.5072,126.6
654,[N][Branch2][Ring1][Ring2],8317,25769307,3.5084,126.7
655,[O][C][=Branch1][C][=O][N],8279,25761028,3.5095,126.8
656,[C][=N][Ring1][Branch1],8277,25752751,3.5106,126.9
657,[N][Branch1][=Branch2][C][=C][C][=C][C][=C][Ring1][=Branch1],8271,25744480,3.5117,127
658,[C][Ring2][Ring1][C],8269,25736211,3.5129,127.1
659,[=Branch1][N+1][=Branch1][C][=O][O-1][=C][Ring1][=Branch2],8244,25727967,3.514,127.2
660,[C][=Branch2],8236,25719731,3.5151,127.4
661,[N][C][C][C][Ring1],8236,25711495,3.5162,127.5
662,[Ring1][C][#N][=C],8178,25703317,3.5174,127.6
663,[N][S][=Branch1][C][=O][=Branch1][C][=O][C][=C][C][=C],8161,25695156,3.5185,127.8
664,[Branch2][C][=N],8151,25687005,3.5196,127.9
665,[=Branch1][C][=Branch1][C][=O][O][C][=C][Ring1][=Branch2],8136,25678869,3.5207,128
666,[Branch2][C][=C][C][=C][O][Ring1][Branch1],8100,25670769,3.5218,128.1
667,[C][=C][Branch1][P],8084,25662685,3.5229,128.3
668,[C][C@H1][Branch2][Ring1],8076,25654609,3.524,128.4
669,[C][=C][C][=C][Branch2][Ring1][Ring2],8061,25646548,3.5252,128.5
670,[C][C][Ring2][Ring1][=Branch1],8051,25638497,3.5263,128.6
671,[N][/N][=C][/C][=C],8028,25630469,3.5274,128.7
672,[N][C][=C][C][=C][Branch1][C][O][C][=C][Ring1][#Branch1],8025,25622444,3.5285,128.8
673,[C][=C][C][=C][C][=C][Ring1][=Branch1][Ring1][=Branch2],8015,25614429,3.5296,128.9
674,[Branch1][C][\C],7985,25606444,3.5307,129
675,[Branch2][C][=C][C][=C][S][Ring1][Branch1],7959,25598485,3.5318,129.2
676,[C@@H1][Branch1][C][O],7958,25590527,3.5329,129.3
677,[O][Ring1][#Branch2],7955,25582572,3.534,129.4
678,[C][O][C][=C][C][=C][Branch2][Branch1],7948,25574624,3.5351,129.5
679,[C][C][=C][Branch1][C][C],7938,25566686,3.5362,129.6
680,[N][C][=C][C][Branch1],7938,25558748,3.5373,129.7
681,[Branch2][C][C][C][C],7908,25550840,3.5384,129.8
682,[N][Ring1][#Branch1],7907,25542933,3.5395,129.9
683,[O][C@H1][Branch1][Ring1][C][O][C@@H1][Branch1][C][O][C@H1],7905,25535028,3.5405,130
684,[O][C][C][=C][C][=C],7893,25527135,3.5416,130.1
685,[C@@H1][Branch1][C][O][C],7868,25519267,3.5427,130.3
686,[S][=Branch1][C][=O][=Branch1][C][=O][C][=C][C][=C][C][=C][Ring1][=Branch1],7867,25511400,3.5438,130.4
687,[#Branch2][C][C][=C][C][=C][C][=C][Ring1][=Branch1][N][C][=Branch1][C][=O],7837,25503563,3.5449,130.5
688,[C][O][C][=C][C][Branch2][Ring2],7834,25495729,3.546,130.6
689,[Ring2][Ring2][=Branch1],7832,25487897,3.5471,130.8
690,[#C][C][C][=C][NH1],7815,25480082,3.5482,130.8
691,[C][C][Ring2][Ring1][#Branch1],7791,25472291,3.5493,131
692,[/C][Branch1][C][C][=C],7790,25464501,3.5504,131.1
693,[C][=C][N][=C][Branch1],7759,25456742,3.5514,131.2
694,[C][C][C][N][C][=Branch1][C][=O],7748,25448994,3.5525,131.4
695,[C][C][Ring2][Ring1][Ring1],7744,25441250,3.5536,131.5
696,[C][N][C][C][O][C][C][Ring1][=Branch1],7724,25433526,3.5547,131.6
697,[C][C][=Branch1][C][=O][O],7719,25425807,3.5558,131.7
698,[C][=C][C][=C][Branch1][#Branch1],7711,25418096,3.5568,131.9
699,[Branch2][C][=Branch1][C][=O],7696,25410400,3.5579,132
700,[C][=C][C][=C][Branch1][C][Cl][C][=C][Ring1][#Branch1][Cl],7689,25402711,3.559,132.1
701,[C][Branch1][C][C][C],7679,25395032,3.5601,132.3
702,[C][=C][C][=C][Branch1][#C],7647,25387385,3.5611,132.4
703,[O][Ring1][#C],7643,25379742,3.5622,132.5
704,[C][C][Ring2][Ring1][Ring2],7616,25372126,3.5633,132.6
705,[C][=C][C][=C][Branch1][S],7612,25364514,3.5643,132.7
706,[N][Branch1][#Branch2],7583,25356931,3.5654,132.9
707,[C][=C][Branch1][=Branch2][C][=C][C][=C][C][=C][Ring1][=Branch1],7569,25349362,3.5665,133
708,[=C][C][C],7562,25341800,3.5675,133.1
709,[N][C][C][N][C][C],7561,25334364,3.5686,133.2
710,[Branch1][N][C][=Branch1][C][=O],7530,25326834,3.5697,133.3
711,[=C][Branch1][C][C],7513,25319321,3.5707,133.5
712,[=N][C][=Ring1],7512,25311809,3.5718,133.6
713,[C][C][C][N][Ring1][Branch1][C][=Branch1][C][=O],7506,25304303,3.5728,133.7
714,[=C][Ring2][Ring1][=N],7504,25296799,3.5739,133.8
715,[C][O][C][=C][C][=C][C][Branch2][Ring2],7468,25289331,3.5749,133.9
716,[O][=C][Branch1][C][O][C][C],7463,25281868,3.576,134.1
717,[C][Branch2][Ring2][Ring1],7456,25274412,3.5771,134.2
718,[C][Ring2][Ring1][#Branch2],7437,25266975,3.5781,134.3
719,[C][C][=C][C][=C][C][=C][Ring1][=Branch1][C],7413,25259562,3.5792,134.5
720,[S][C][=Ring1],7388,25252174,3.5802,134.6
721,[C][C][Ring1][Branch1],7373,25244801,3.5813,134.7
722,[C][=C][C][=C][C][=C][Ring1][=Branch1][Cl],7372,25237429,3.5823,134.8
723,[C][Branch2][Ring1][=N],7342,25230087,3.5833,135
724,[C][=C][C][=C][Branch2][Ring1][=Branch2],7307,25222780,3.5844,135.1
725,[Branch1][C][O][C@H1][Ring1][#Branch2],7284,25215496,3.5854,135.2
726,[=N][Ring1][S],7268,25208228,3.5864,135.3
727,[O][C][C][C][=C][C][=C][C][=C][Ring1][=Branch1],7265,25200963,3.5875,135.4
728,[O][C][C][O][Ring1][#Branch1],7261,25193702,3.5885,135.5
729,[C][=C][C][=C][Branch2][Ring1][#Branch1],7248,25186454,3.5895,135.6
730,[C@][Branch1],7239,25179215,3.5906,135.7
731,[Branch2][#Branch1],7236,25171979,3.5916,135.9
732,[N][Ring1][S],7223,25164756,3.5926,136
733,[C][=C][C][=C][Branch1][=C],7207,25157549,3.5937,136.1
734,[C][=C][C][Branch1][C][Br][=C],7199,25150350,3.5947,136.2
735,[N][Branch1][C][C][C][=Ring1],7184,25143166,3.5957,136.3
736,[Ring2][Ring2][#Branch1],7176,25135990,3.5968,136.5
737,[N][C][Branch1][C],7121,25128869,3.5978,136.6
738,[N][Branch1][=Branch2][C][=C][C][=C][C][=C][Ring1][=Branch1][C],7119,25121750,3.5988,136.7
739,[C][=C][S][Ring1][Branch1],7116,25114634,3.5998,136.8
740,[O][Ring1][O],7109,25107525,3.6008,136.9
741,[N][Branch1][C][C][C][C],7073,25100452,3.6018,137.1
742,[C][Ring1][=Branch1][C][Ring1][=Branch2],7070,25093382,3.6029,137.2
743,[Branch2][Ring1][#Branch1],7043,25086339,3.6039,137.3
744,[C][C][C][=C][C][=C][C][=C][Ring1][=Branch1],7039,25079300,3.6049,137.4
745,[=N][Ring1][#C],7033,25072267,3.6059,137.5
746,[C][=C][C][=C][Branch2][Ring1][Ring1],7009,25065258,3.6069,137.6
747,[C][=C][C][=C][Branch1][=Branch2][C][=C][C][=C][C][=C][Ring1][=Branch1],6988,25058270,3.6079,137.8
748,[C][=C][C][=C][Branch1][C][Cl],6970,25051300,3.6089,137.9
749,[P][C][=Branch1][C][=O],6968,25044332,3.6099,138
750,[=Ring1][Branch1],6958,25037374,3.6109,138.1
751,[C][#N],6947,25030427,3.6119,138.2
752,[Branch2][Ring2][#Branch1],6941,25023486,3.6129,138.4
753,[C][=C][C][=C][Ring1][=Branch1][C],6937,25016549,3.6139,138.5
754,[C][Branch1][C][Br][=C][Ring1][#Branch1],6929,25009620,3.6149,138.6
755,[C][Ring1][#Branch1][=O],6924,25002696,3.6159,138.7
756,[=N][Ring2][Ring1][Ring2],6920,24995776,3.6169,138.8
757,[N][O],6919,24988857,3.6179,138.9
758,[C][C][Ring1][=Branch2],6900,24981957,3.6189,139.1
759,[Branch2][Ring1][=Branch2],6892,24975065,3.6199,139.2
760,[C][=C][C][Branch1][C][F][=C][C][=C][Ring1][#Branch1],6886,24968179,3.6209,139.3
761,[C][C][C][C][N][C][=Branch1][C][=O],6882,24961297,3.6219,139.4
762,[C][O][C][=N],6873,24954424,3.6229,139.6
763,[#Branch2][C][=C][C][=C][C][=C][Ring1][=Branch1][Cl],6869,24947555,3.6239,139.7
764,[C][Ring1][=Branch1][=O],6852,24940703,3.6249,139.8
765,[C][C][Ring2][Ring1][Branch1],6847,24933856,3.6259,139.9
766,[C][=C][Branch1][=C],6831,24927025,3.6269,140
767,[Branch1][C][O][C][Branch1],6818,24920207,3.6279,140.1
768,[C][C][Ring1][Branch2],6790,24913417,3.6289,140.2
769,[Branch2][Ring2][=Branch2],6766,24906651,3.6299,140.3
770,[Ring1][N][C][C],6765,24899886,3.6309,140.5
771,[C][=C][C][=C][C][=Branch1][Ring2][=C][Ring1][=Branch1][O][C][O][Ring1][=Branch1],6750,24893136,3.6318,140.6
772,[=Branch1][N][Branch1][C][C][C],6734,24886402,3.6328,140.8
773,[C][Branch1][O],6727,24879675,3.6338,140.9
774,[Branch1][C][O][C][Branch1][C][O][=C][Ring1][Branch2],6726,24872949,3.6348,141
775,[O][N][=Ring1],6701,24866248,3.6358,141.1
776,[C][C][S],6700,24859548,3.6368,141.3
777,[O][C][C][O][C][C],6696,24854471,3.6375,141.4
778,[C][=Branch1][C][=O][N][C][=C][C][=C][C][=C][Ring1][=Branch1],6694,24847777,3.6385,141.5
779,[O][C][C][Ring1][=Branch1][C],6694,24841083,3.6395,141.6
780,[=C][Ring2][Ring1][=C],6673,24834410,3.6404,141.7
781,[=C][Ring2][Ring1][N],6670,24827740,3.6414,141.9
782,[Ring1][C][=O],6667,24821073,3.6424,142
783,[C][=C][C][=C][C][=C][Ring1][=Branch1][S][Ring1][=Branch2],6667,24814406,3.6434,142.1
784,[C][=N][Ring1][#Branch1],6649,24807757,3.6443,142.2
785,[O][=C][Branch1][=N],6649,24801108,3.6453,142.3
786,[C][=C][Branch1][=N],6647,24794461,3.6463,142.4
787,[Branch1][S],6645,24787816,3.6473,142.5
788,[C][=Branch1][C][=O][N][C][=N],6630,24781186,3.6483,142.7
789,[N][Branch2][Branch1],6625,24774561,3.6492,142.8
790,[C][C][C][=C],6617,24767944,3.6502,142.9
791,[C][C][=C][C][=C][Branch1][C][Cl][C][=C][Ring1][#Branch1],6613,24761331,3.6512,143
792,[C][=C][C][=C][C][Branch1][C][Cl][=C][Ring1][#Branch1],6592,24754739,3.6521,143.1
793,[O][Ring1][=N],6578,24748161,3.6531,143.2
794,[=Branch1][N][C][=Branch1][C][=O],6561,24741600,3.6541,143.4
795,[C][C][C][Branch1][C][C],6559,24735041,3.6551,143.5
796,[C][C][N][Branch2][Ring1],6559,24728482,3.656,143.6
797,[O][=C][Branch1][=C],6559,24721923,3.657,143.7
798,[C][=C][C][=C][Branch2][Ring1][#Branch2],6539,24715384,3.658,143.8
799,[#Branch2][C][C][=C][C][=C][C][=C][Ring1][=Branch1][C][C][Ring1][=N],6539,24708845,3.6589,143.9
800,[C][=Ring1][Branch1][C],6514,24702331,3.6599,144
801,[C][Branch1][=Branch2][N][C][C][O][C][C][Ring1][=Branch1],6498,24695833,3.6609,144.1
802,[O][C][C][Branch1][Ring2],6495,24689338,3.6618,144.2
803,[O][=C][Branch1][O],6486,24682852,3.6628,144.4
804,[C][=C][C][=C][NH1],6481,24676371,3.6637,144.5
805,[C][Branch1][=Branch2][C][Branch1][C][F][Branch1][C][F][F][=C][Ring1][#Branch2],6480,24669891,3.6647,144.6
806,[C][C][C][C][C][C][C][Ring1][=Branch1],6479,24663412,3.6657,144.7
807,[C][=C][Branch1][#Branch2],6477,24656935,3.6666,144.9
808,[C][N+1],6470,24650465,3.6676,145
809,[C][=C][Branch1][Branch2],6462,24644003,3.6686,145.1
810,[N][=C][Ring1][=Branch1][C],6450,24637553,3.6695,145.2
811,[=N][N][C][=Branch1][C][=O],6438,24631115,3.6705,145.3
812,[=C][C][=C][Ring1][#Branch2],6435,24624680,3.6714,145.4
813,[N][C][=C][C][=C][Branch1][C][C][C][=C][Ring1][#Branch1],6435,24618245,3.6724,145.5
814,[N][=C][Branch1][=Branch2][C][=C][C][=C][C][=C][Ring1][=Branch1],6425,24611820,3.6734,145.6
815,[C][Branch2][Ring1][#C],6416,24605404,3.6743,145.8
816,[C][=Branch1][C][=O][C][=C][C][=C][C][=C][Ring1][=Branch1],6415,24598989,3.6753,145.9
817,[Ring1][C][O][C],6386,24592603,3.6762,146
818,[C][C][Ring2][Ring1][Branch2],6385,24586218,3.6772,146.1
819,[C][=C][C][=N][Ring1][=Branch1],6383,24579835,3.6781,146.2
820,[C][=C][C][Branch1][Ring1][O][C][=C][Branch1][Ring1][O][C][C][Branch1][Ring1][O],6372,24573463,3.6791,146.3
821,[C][=N][C][=N],6363,24567345,3.68,146.4
822,[C][Ring1][=Branch1][C][Ring1][=Branch2][C][Ring1][#Branch2],6357,24560988,3.681,146.6
823,[=C][C][Branch1][=Branch2][C][Branch1][C][F][Branch1][C][F][F],6346,24554642,3.6819,146.7
824,[N][Ring1][Branch2],6314,24548328,3.6829,146.8
825,[=Branch1][N+1][=Branch1][C][=O][O-1][=C],6307,24542021,3.6838,146.9
826,[=Branch1][C][Branch1][C][C][C],6300,24535721,3.6848,147
827,[C][=C][C][=Branch1],6293,24529428,3.6857,147.2
828,[P][N][C][=Branch1][C][=O],6292,24523136,3.6866,147.3
829,[C][=C][Branch1][S],6281,24516855,3.6876,147.4
830,[C][=Branch1][Ring2][=N],6262,24510593,3.6885,147.5
831,[O][C][C][Branch1][Ring2][C][Ring1][=Branch1][C][Ring1][=Branch2][C][Ring1][#Branch2],6254,24504339,3.6895,147.6
832,[S][C][=C][C][=C][C][=C][Ring1][=Branch1],6251,24498088,3.6904,147.7
833,[C][=C][Branch1][Ring1][O][C],6247,24491841,3.6914,147.8
834,[O][C][C][=N],6244,24485597,3.6923,147.9
835,[C][C][=C][C][=C][Branch1][C][F][C][=C][Ring1][#Branch1],6241,24479356,3.6932,148.1
836,[N][C][=C][C][=C][C][Branch1][C][F][=C][Ring1][#Branch1],6227,24473129,3.6942,148.2
837,[C][O][C][=C][C][=C][C][=C][Ring1][=Branch1][C],6201,24466928,3.6951,148.3
838,[Branch2][Ring1][#Branch2],6200,24460728,3.696,148.4
839,[Branch2][Ring2][#Branch2],6189,24454539,3.697,148.5
840,[N][=C][Ring1][#C],6181,24448358,3.6979,148.6
841,[C][=C][C][=C][C][Branch2][Ring2],6174,24442184,3.6989,148.7
842,[O][C][Branch1][C],6170,24436014,3.6998,148.9
843,[O][C][=C][C][=C][Branch1][C][Cl][C][=C][Ring1][#Branch1],6154,24429860,3.7007,148.9
844,[C][N][C][C][N][Branch1],6137,24423723,3.7016,149
845,[C][C][=C][C][=C][C][Branch2][Ring2],6115,24417608,3.7026,149.2
846,[C][C][Branch1][C][C][=C],6112,24411496,3.7035,149.3
847,[C][=C][Branch2][Ring1][Ring1],6099,24405397,3.7044,149.5
848,[O][S][=Branch1][C][=O][=Branch1][C][=O],6083,24399314,3.7054,149.6
849,[O][=C][Branch2][Ring1][Ring2],6071,24393243,3.7063,149.7
850,[C][C][N][Branch1][Ring1][C][C][C][C],6068,24387175,3.7072,149.8
851,[C][N][C][C][N][Branch2][Ring1],6061,24381114,3.7081,149.9
852,[C][N][Branch1][C][C][C][=Branch1][C][=O],6059,24375055,3.709,150
853,[/C][=C][Branch1][C][\C],6053,24369002,3.71,150.2
854,[C][C][Ring1][#Branch2],6051,24362951,3.7109,150.3
855,[=N][C][C][=C][C][=C][Branch1][C][O][C][=C][Ring1][#Branch1],6038,24356913,3.7118,150.4
856,[Ring1][O][C][C][Branch1][Ring1][O][C][=C][Ring1][#Branch2],6037,24350876,3.7127,150.5
857,[Branch1][C][F][C][Branch1][C][F][=C][Ring1][Branch2],6009,24344867,3.7136,150.6
858,[C][C][=C][C][Branch1],6005,24338862,3.7146,150.7
859,[N][C][C][C][C@H1],6004,24332858,3.7155,150.8
860,[Branch2][Ring1][=Branch1],6002,24326856,3.7164,150.9
861,[=Branch1][C][C][C][Ring1],6002,24320854,3.7173,151
862,[N][Ring1][=C],5999,24314855,3.7182,151.1
863,[C][Branch1][C][Cl][=C][C][=C][Ring1][#Branch1],5973,24308882,3.7191,151.2
864,[O][Ring1][=C],5957,24302925,3.72,151.3
865,[N][Ring1][=Branch1][C],5935,24296990,3.721,151.4
866,[N][C][C][C][C][C][C][Ring1][=Branch1],5925,24291065,3.7219,151.5
867,[C][=C][C][=C][Branch1][Ring1][C][#N][C][=C][Ring1][Branch2],5921,24285144,3.7228,151.6
868,[C][=C][C][=C][C][=C][Ring1][=Branch1][NH1][Ring1][=Branch2],5916,24279228,3.7237,151.7
869,[Branch2][Ring1][Branch2],5903,24273325,3.7246,151.8
870,[N][=C][N][=C][Ring1][#Branch1],5900,24267425,3.7255,152
871,[Branch2][Ring2][Branch2],5895,24261530,3.7264,152.1
872,[C][C][=C][N][=C],5895,24255635,3.7273,152.2
873,[O][=C][Branch1][P],5893,24249742,3.7282,152.3
874,[Ring2][Ring2][Branch2],5887,24243855,3.7291,152.4
875,[C][=C][C][=C][Branch2][Ring1][Branch2],5881,24237974,3.73,152.5
876,[=N][C][C][=C][C][=C][Branch1][C][F][C][=C][Ring1][#Branch1],5873,24232101,3.7309,152.6
877,[N][C][S],5867,24226234,3.7318,152.7
878,[C][=C][Branch2][Ring1][Ring2],5865,24220369,3.7327,152.8
879,[O][C][=C][C][Branch1],5859,24214510,3.7336,152.9
880,[C][=C][C][=C][Branch1][C][F][C][=C][Ring1][#Branch1][F],5847,24208663,3.7345,153
881,[O][Ring1][N],5842,24202821,3.7354,153.2
882,[=N][Ring2][Ring1][Ring1],5840,24196981,3.7363,153.3
883,[C][=C][C][=C][Branch1][C][Br][C][=C][Ring1][#Branch1],5835,24191146,3.7372,153.4
884,[C][=C][Branch1][#Branch1],5825,24185321,3.7381,153.5
885,[Branch1][C][O][Branch1],5812,24179509,3.739,153.6
886,[C][=C][C][=C][C][=C][Ring1][=Branch1][C][Ring1][#Branch2][=O],5800,24173709,3.7399,153.7
887,[C][C][=N][NH1],5798,24167911,3.7408,153.8
888,[C][=C][C][=C][Ring1][#Branch1][F],5796,24162115,3.7417,153.9
889,[N][N][=N],5770,24156345,3.7426,154
890,[N][Branch1][=N],5759,24150586,3.7435,154.1
891,[Ring1][O][=O],5747,24144839,3.7444,154.2
892,[O][Ring1][S],5728,24139111,3.7453,154.3
893,[C][Branch2][Ring1][P],5718,24133393,3.7462,154.4
894,[C@H1][Branch1][#Branch1][O][C][Branch1][C][C][=O],5703,24127690,3.7471,154.5
895,[C][Ring2][Ring1][=N],5689,24122001,3.7479,154.6
896,[NH1][N][=Ring1],5677,24116324,3.7488,154.7
897,[C][=C][Ring2][Ring2][Ring1],5677,24110647,3.7497,154.9
898,[#Branch2][C][=C][C][=C][C][=C][Ring1][=Branch1][F],5657,24104990,3.7506,155
899,[N][C][=C][C][=C][Branch1][=Branch2],5649,24099341,3.7515,155.1
900,[C][O][C@@H1],5642,24093699,3.7524,155.2
901,[Branch2][Ring1][Branch1],5612,24088087,3.7532,155.3
902,[C][Ring1][#C][=O],5611,24082476,3.7541,155.4
903,[O][Ring1][P],5610,24076866,3.755,155.5
904,[C][=C][NH1][C][=C][C][=C][C][=C][Ring1][=Branch2][Ring1][=Branch1],5593,24071273,3.7558,155.6
905,[N][S][Branch1][C][C][=Branch1][C][=O][=O],5570,24065703,3.7567,155.7
906,[C][N][N][=C],5569,24060134,3.7576,155.8
907,[C@H1][Branch1][C][O][C@H1],5561,24054573,3.7585,156
908,[=Branch1][C][=Branch1][C][=O][O][C],5558,24049015,3.7593,156.1
909,[C][Branch2][Ring1][=C],5547,24043468,3.7602,156.2
910,[N][=C][Ring1][Branch2],5544,24037924,3.7611,156.3
911,[C][C][=Branch1][C][=O][N][C@@H1][Branch1],5528,24032396,3.7619,156.4
912,[O][=C][NH1],5523,24026873,3.7628,156.6
913,[=N][N][Ring2][Ring1],5518,24021355,3.7637,156.7
914,[N][Branch1][P],5510,24015845,3.7645,156.8
915,[C][C][Ring2][Ring1][=Branch2],5497,24010348,3.7654,156.9
916,[O][=C][Branch1][#C],5497,24004851,3.7662,157
917,[Ring2][Ring2][=Branch2],5481,23999370,3.7671,157.1
918,[C@@][Branch1],5480,23993890,3.768,157.2
919,[C][C][C][C][C][C][C][C][C][C][C][C],5476,23988414,3.7688,157.3
920,[=N][\N],5453,23982961,3.7697,157.4
921,[=C][C][=C][Ring1][#C],5453,23977508,3.7705,157.6
922,[=N][Ring1][P],5440,23972068,3.7714,157.7
923,[C][C][C][O],5439,23966629,3.7722,157.8
924,[=N][C][=Branch1][C][=O][N][C][C],5439,23961190,3.7731,157.9
925,[C][Branch2][Ring1][S],5436,23955754,3.774,158
926,[C@H1][Ring1][#Branch2],5426,23950328,3.7748,158.1
927,[Ring1][O][=C],5411,23944917,3.7757,158.2
928,[=N][Ring2][Ring1][Branch1],5408,23939509,3.7765,158.3
929,[C][Ring1][=N][=O],5374,23934135,3.7774,158.4
930,[N][C][=C][N][=C],5371,23928764,3.7782,158.5
931,[C][Branch1][#Branch1],5362,23923402,3.7791,158.7
932,[C@H1][C][C][C@H1],5358,23918044,3.7799,158.8
933,[Branch1][C][N][C][C],5346,23912698,3.7808,158.9
934,[Branch1][C][I],5338,23907360,3.7816,159
935,[N][C][C][=C][C][=C][C][=C][Ring1][=Branch1][C],5333,23902027,3.7824,159.1
936,[C][N][Branch1][C][C][C],5325,23896702,3.7833,159.2
937,[C][Branch1][Ring1][C][#N],5322,23891380,3.7841,159.3
938,[=Branch1][C][=C][Ring1][=Branch1],5311,23886069,3.785,159.4
939,[O][C@H1][Branch1][Ring1][C][O][C@@H1][Branch1][C][O][C@H1][Branch1][C][O][C@H1][Ring1][#Branch2],5294,23880775,3.7858,159.5
940,[C][C][Ring1][=Branch1][C],5293,23875482,3.7866,159.6
941,[=N][Ring2][Ring1][C],5283,23870199,3.7875,159.8
942,[N][=C][Ring1][=Branch2],5269,23864930,3.7883,159.9
943,[O][C@],5262,23859668,3.7892,160
944,[C][Branch1][C][C][=C],5254,23854414,3.79,160.1
945,[O][=C][Branch1][S],5243,23849171,3.7908,160.3
946,[Branch1][C][C][Ring1][=Branch1],5242,23843929,3.7917,160.4
947,[NH1][Ring1][Branch1],5235,23838694,3.7925,160.5
948,[C][=C][Ring1][O][Ring1][#Branch1],5233,23833461,3.7933,160.6
949,[C][Ring2][Ring1][O],5227,23828234,3.7942,160.7
950,[C][=C][C][=C][C][=C][Ring1][=Branch1][F],5216,23823018,3.795,160.9
951,[C][=C][Branch1][#C],5198,23817820,3.7958,161
952,[N][Branch1][S],5184,23812636,3.7966,161.1
953,[N][=C][N][Ring1][Branch1],5180,23807456,3.7975,161.2
954,[N][C][=Branch1][C][=O][N],5166,23802290,3.7983,161.4
955,[C][=C][C][=C][Branch2][Branch1],5161,23797129,3.7991,161.5
956,[C@@][Branch1][C][C][Branch1],5158,23791971,3.7999,161.6
957,[#Branch1][C][C][=Branch1][C][=O][O],5157,23786814,3.8008,161.7
958,[C][=C][C][=C][S][Ring1][Branch1],5148,23781666,3.8016,161.8
959,[N][Branch1][=C],5144,23776522,3.8024,161.9
960,[C@@H1][Branch1][C][O][C@@H1],5144,23771378,3.8032,162
961,[Branch1][C][C][Branch1][C][C][C],5107,23766271,3.804,162.1
962,[C][O][C][=C][C][Branch1][Ring1][O],5096,23761175,3.8049,162.3
963,[#Branch1][C][C][Branch1][C][C][C][N][C][=Branch1][C][=O],5083,23756092,3.8057,162.4
964,[Branch1][N][C][C],5082,23751010,3.8065,162.5
965,[=C][Ring2][Ring1][#C],5078,23745932,3.8073,162.6
966,[C][O][C][=C][C][=C][C][=Branch1][Ring2][=C][Ring1][=Branch1],5069,23740863,3.8081,162.8
967,[N][C][=C][C][=C][C][=Branch1][Ring2][=C][Ring1][=Branch1],5061,23735802,3.8089,162.9
968,[C][Ring1][Branch2][=O],5038,23730764,3.8097,163
969,[C][N][Branch2][Ring2],5026,23725738,3.8105,163.1
970,[C][=C][C][=C][Branch1][=Branch1][C][=Branch1][C][=O][O][C][=C][Ring1][=Branch2],5024,23720714,3.8114,163.2
971,[C][=C][C][=C][C][Branch1][=Branch1][N+1][=Branch1][C][=O][O-1][=C][Ring1][=Branch2],5019,23715695,3.8122,163.3
972,[C][=C][C][Ring1][#Branch1],5016,23710679,3.813,163.4
973,[C][C][=C][C][Branch2][Ring2],5012,23705667,3.8138,163.5
974,[C][=C][C][=C][C][=C][Ring1][=Branch1][C][Branch1][C][F][Branch1][C][F][F],5007,23700660,3.8146,163.6
975,[=N][C][C][=C][C][=C][Branch1][C][Cl][C][=C][Ring1][#Branch1],4998,23695662,3.8154,163.7
976,[S][Branch1][C][N][=Branch1][C][=O][=O][C][=C][Ring1][#Branch2],4988,23690674,3.8162,163.9
977,[P][C][=N],4985,23685689,3.817,164
978,[=Branch1][N][Branch1][C][C],4967,23680722,3.8178,164.1
979,[C][Ring1][=C][=O],4967,23675755,3.8186,164.2
980,[=N][Ring2][Ring1][=Branch1],4963,23670792,3.8194,164.3
981,[C][=Branch1][C][=O][N][C][C][=C][C][=C],4956,23665836,3.8202,164.4
982,[#Branch2][C][=Branch1][C][=O],4951,23660885,3.821,164.5
983,[C][Branch1][N][C][=C][C][=C][Branch1][C][Cl][C][=C][Ring1][#Branch1],4949,23655936,3.8218,164.7
984,[C][Ring2][Ring1][=C],4941,23650995,3.8226,164.8
985,[Branch2][Ring1][#C],4920,23646075,3.8234,164.9
986,[O][C][Branch1][C][C][Branch1][C][C][C],4916,23641159,3.8242,165
987,[C@@H1][Branch1][Ring1][C][O],4915,23636244,3.825,165.1
988,[=N][Ring1][O],4913,23631331,3.8258,165.2
989,[=Branch2][N][C][=Branch1][C][=O],4912,23626419,3.8266,165.4
990,[C][N][C][C][C][C][C][Ring1][=Branch1],4908,23621511,3.8274,165.5
991,[C][=C][Branch1][C][Br],4906,23616605,3.8282,165.6
992,[C][Branch1][Ring2],4905,23611700,3.8289,165.7
993,[C][C@H1][Branch1][C][O],4893,23606807,3.8297,165.9
994,[O][C][=Branch1][C][=O][C][=C][C][=C][C][=C][Ring1][=Branch1],4890,23601917,3.8305,166
995,[C][=C][C][=C][C][=C][Ring1][=Branch1][C][=Ring1][=Branch2],4886,23597031,3.8313,166.1
996,[O][=C][Branch1][=Branch2],4882,23592149,3.8321,166.1
997,[C][Branch1][C][C][=C][Ring1][Branch2],4873,23587276,3.8329,166.3
998,[C][Ring1][P][=O],4866,23582410,3.8337,166.4
999,[/C][=Branch1][C][=O],4864,23577546,3.8345,166.5
1000,[O][=N],4860,23572686,3.8353,166.6
1001,[Branch2][Ring1][=N],4858,23567828,3.8361,166.7
1002,[C][C][C][=Branch1][C][=O][N][C][C],4854,23562974,3.8369,166.8
1003,[N][O][C][C],4838,23558136,3.8377,166.9
1004,[C][S][C][=C],4830,23553306,3.8384,167
1005,[Ring1][#Branch2][=O],4826,23548480,3.8392,167.1
1006,[C][C][Ring2][Ring1][C],4822,23543658,3.84,167.2
1007,[C][=C][C][=C][Branch1][C][C][C][=C][Ring1][#Branch1],4819,23538839,3.8408,167.3
1008,[N][Branch1][#C],4817,23534022,3.8416,167.4
1009,[C][Branch1][=Branch1][C][=Branch1][C][=O][O][=C],4815,23529207,3.8424,167.5
1010,[C][Ring1][Branch1][C],4811,23524396,3.8432,167.7
1011,[N][C][=Branch1][C][=O][C][=C][C][=C][C][=C][Ring1][=Branch1],4798,23519598,3.8439,167.8
1012,[C][O][C][=C][C][=C][Branch1][C][Cl][C][=C][Ring1][#Branch1],4796,23514802,3.8447,167.9
1013,[N][=C][Branch1][=N],4794,23510008,3.8455,168
1014,[#Branch1][C][=C][Ring1][=Branch1],4777,23505231,3.8463,168.1
1015,[C][=C][Branch1][C][O][C],4769,23500462,3.8471,168.2
1016,[N][=C][Ring1][P],4766,23495696,3.8479,168.3
1017,[=C][C][=C][Ring1][S],4764,23490932,3.8486,168.4
1018,[N][=C][S],4754,23486178,3.8494,168.5
1019,[C][=C][C][=C][Branch2][Ring1][Branch1],4744,23481434,3.8502,168.6
1020,[=Branch1][C][=Branch1][C][=N],4741,23476693,3.851,168.7
1021,[C][O][C@H1],4738,23471955,3.8517,168.9
1022,[C][N][Branch1][=Branch2],4736,23467219,3.8525,169
1023,[C@@H1][Branch1][#Branch1][O][C][Branch1][C][C][=O],4733,23462486,3.8533,169.1
1024,[\C][=Branch1][C][=O],4726,23457760,3.8541,169.2
1025,[N][C][=Branch1][C][=O][N][C][C],4725,23453035,3.8549,169.3
1026,[N][C][=Branch1][C][=O][C][C][C][C],4722,23448313,3.8556,169.4
1027,[C][=Branch1][Ring2][=C][Ring1][=Branch1][C][=Branch1][C][=O],4719,23443594,3.8564,169.5
1028,[C@@H1][Ring2][Ring1],4708,23438886,3.8572,169.6
1029,[Branch1][#Branch2],4704,23434182,3.858,169.7
1030,[N][C][C][N][C][C][Ring1][=Branch1],4697,23429485,3.8587,169.8
1031,[=N][Ring1][=N],4692,23424793,3.8595,169.9
1032,[C][C][C@H1][Branch1],4686,23420107,3.8603,170
1033,[C][=C][C][=C][O][Ring1][Branch1],4684,23415423,3.861,170.2
1034,[S][S][=Branch1][C][=O][=Branch1][C][=O][N][C][C][O][C][C][Ring1][=Branch1],4678,23410745,3.8618,170.3
1035,[=N][Ring1][=C],4674,23406071,3.8626,170.4
1036,[C][=C][Branch1][C][N][N][=C][N][=C][Ring1][#Branch1],4669,23401402,3.8634,170.5
1037,[O][Ring2][Ring1][Ring1],4661,23396741,3.8641,170.6
1038,[N][Branch1][Ring2][C][C],4655,23392086,3.8649,170.7
1039,[Branch2][Ring2][=Branch1],4652,23387434,3.8657,170.8
1040,[C][=C][C][=C][C][=C][Ring1][=Branch1][N][Ring1][=Branch2],4645,23382789,3.8664,171
1041,[O][Ring1][Branch1][C],4642,23378147,3.8672,171.1
1042,[C][=C][C][=C][Branch1][O],4639,23373508,3.868,171.2
1043,[N][C][C][N][Branch2][Ring2],4633,23368875,3.8687,171.3
1044,[N][C][=C][N][=C][Ring1][Branch1],4628,23364247,3.8695,171.4
1045,[C][Branch1][C][O][=C][Ring1][Branch2],4624,23359623,3.8703,171.5
1046,[Ring1][C][N],4620,23355003,3.871,171.7
1047,[C][=N][Ring1][=Branch1][C],4612,23350391,3.8718,171.8
1048,[C][=Branch1][C][=O][N][C@H1],4605,23345786,3.8726,171.9
1049,[C][=C][Ring1][#Branch2][Ring1][#Branch1],4599,23341187,3.8733,172
1050,[C][=C][C][=C][Branch2][Ring1][=N],4577,23336610,3.8741,172.1
1051,[N][=C][Ring1][Branch1][C],4575,23332035,3.8748,172.2
1052,[N][Ring2][Ring1][Ring2],4575,23327460,3.8756,172.3
1053,[C][=C][C][=C][C][=C][C][=C],4571,23322957,3.8764,172.4
1054,[C][=Branch1][=Branch1],4564,23318393,3.8771,172.5
1055,[=Branch1][C][=Branch1][C][=O][O][C][C],4561,23313832,3.8779,172.6
1056,[C][=C][C][=C][Ring1][Branch2],4554,23309278,3.8786,172.7
1057,[C][C][C@][Branch1][C][C],4552,23304726,3.8794,172.8
1058,[C][=C][C][=C][Branch1][#Branch2][O][C][Branch1][C][F][Branch1][C][F][F],4547,23300179,3.8801,172.9
1059,[N][C][=Branch1][C][=N],4546,23295633,3.8809,173
1060,[C][=C][C][=C][C][Branch1][C][F][=C][Ring1][#Branch1],4546,23291087,3.8817,173.1
1061,[C][Ring1][S][=O],4546,23286541,3.8824,173.2
1062,[O][C][=Branch1][C][=O][O],4544,23281997,3.8832,173.3
1063,[=C][NH1],4542,23277455,3.8839,173.4
1064,[=N][Ring1][N],4519,23272936,3.8847,173.5
1065,[C][C][O][C][C],4512,23268424,3.8854,173.7
1066,[C][=C][Ring2][Ring2][C],4507,23263917,3.8862,173.8
1067,[=N][/C][=C],4505,23259412,3.8869,173.9
1068,[C][Ring1][=Branch1][=C][Ring1][#Branch2],4504,23254908,3.8877,174
1069,[C][=C][C][=C][C][Ring1][=Branch1][=N][Ring1][#Branch2],4501,23250407,3.8884,174.1
1070,[C][=Branch1][C][=O][O][C][C],4495,23245912,3.8892,174.2
1071,[N][Branch1][#Branch2][C][C][=C][C][=C][C][=C][Ring1][=Branch1][C],4490,23241422,3.89,174.3
1072,[C][=C][C][Branch1][#Branch2],4488,23236934,3.8907,174.4
1073,[/C][=Branch1][Ring1][=N],4486,23232448,3.8915,174.5
1074,[C][N][C][C][C][C][Ring1][Branch1],4483,23227965,3.8922,174.6
1075,[C][Branch1][C][Br][=C],4479,23223486,3.893,174.7
1076,[Branch1][C][C][=Branch1][C][=O],4473,23219013,3.8937,174.8
1077,[C@@H1][Ring1][=Branch1],4471,23214542,3.8945,174.9
1078,[C][C][C][N][C][=Branch1][C][=N],4469,23210073,3.8952,175
1079,[C][=C][C][=C][Branch1][Ring1][O][C][C][Branch1][Ring1][O][C][=C][Ring1][#Branch2],4468,23205605,3.896,175.1
1080,[C][=C][Ring2][Ring2][Ring2],4452,23201153,3.8967,175.2
1081,[C][Branch1][C][C][Branch1][C][C][C][C][=C][Ring1][#Branch2],4452,23196701,3.8975,175.3
1082,[C][Branch1][O][C][C][Branch1][Ring2][C][Ring1][=Branch1][C][Ring1][=Branch2][C][Ring1][#Branch2],4449,23192252,3.8982,175.4
1083,[C][Ring1][N],4442,23187810,3.8989,175.5
1084,[C][C][C][C][C][C][C][C][C][C],4433,23183377,3.8997,175.6
1085,[C][C][C][=Branch1][C][=O][N],4422,23178955,3.9004,175.7
1086,[O][Ring2][Ring1][Ring2],4421,23174534,3.9012,175.8
1087,[C][O][C][=C][C][=N],4420,23170114,3.9019,175.9
1088,[N][Ring2][Ring1][Ring1],4415,23165699,3.9027,176
1089,[O][C][=C][C][=C][C][=C][Ring1][=Branch1][C][=C][Ring1][=N],4412,23161287,3.9034,176.1
1090,[Branch1][C][C][=N],4411,23156876,3.9042,176.2
1091,[C][=C][Branch1][Ring2],4411,23152465,3.9049,176.3
1092,[O][C][=C][C][=C][Branch1][C][F][C][=C][Ring1][#Branch1],4403,23148062,3.9056,176.4
1093,[Branch1][C][O][=C],4400,23143662,3.9064,176.5
1094,[C][C][=C][C][=C][C][=Branch1][Ring2][=C][Ring1][=Branch1],4391,23139271,3.9071,176.6
1095,[C][/C][=Branch2],4388,23134883,3.9079,176.7
1096,[C][C][Ring2][Ring1][#Branch2],4386,23130497,3.9086,176.9
1097,[F][C][Branch1][C][F][Branch1][C][F],4386,23126111,3.9093,177
1098,[Ring1][N][=O],4384,23121727,3.9101,177.1
1099,[C][=C][C][=C][C][Branch1][#Branch2],4370,23117357,3.9108,177.2
1100,[C][Ring1][N][=O],4361,23112996,3.9116,177.3
1101,[C][N][C][=C][Branch2][Ring1],4341,23108655,3.9123,177.4
1102,[S+1][Branch1][C][O-1],4340,23104315,3.913,177.5
1103,[=N][Ring2][Ring1][Branch2],4335,23099980,3.9138,177.6
1104,[NH1][C][=Branch1][C][=O],4333,23095647,3.9145,177.7
1105,[N][C][C][N][Branch1][=Branch2],4306,23091341,3.9152,177.8
1106,[C][=C][C],4305,23087036,3.916,177.9
1107,[C][=C][C][Branch2][Ring1][Ring2],4301,23082735,3.9167,178
1108,[N][C][=C][C][=C][Branch1][C][F],4298,23078437,3.9174,178.1
1109,[Branch1][C][F][Branch1][C][F],4295,23074147,3.9182,178.2
1110,[N][=C][Ring2][Ring1][Ring1],4285,23069862,3.9189,178.3
1111,[#Branch1][C][=Branch1][C][=O][N],4274,23065588,3.9196,178.5
1112,[C@H1][Ring1][=Branch1],4270,23061318,3.9203,178.6
1113,[=N][Ring2][Ring1][#Branch1],4266,23057052,3.9211,178.7
1114,[N][=C][Ring1][=N],4264,23052788,3.9218,178.8
1115,[Branch1][P],4263,23048525,3.9225,178.9
1116,[O][C][Branch1][=Branch2][C][=C][C][=C][C][=C][Ring1][=Branch1],4263,23044262,3.9232,179
1117,[N][N][C][C][N][Branch1][C][C][C][C][Ring1][#Branch1],4263,23039999,3.924,179.1
1118,[C@@H1][Ring1][#Branch2],4261,23035738,3.9247,179.2
1119,[S][Ring1][#Branch2],4248,23031490,3.9254,179.3
1120,[=Branch1][C][C][C][C],4246,23027244,3.9261,179.4
1121,[N][C][C][C][Ring1][Ring1],4240,23023004,3.9269,179.5
1122,[C][=C][C][Branch2][Ring1][Ring1],4238,23018766,3.9276,179.6
1123,[Branch1][Branch2],4228,23014538,3.9283,179.7
1124,[=N][Ring2][Ring1][=Branch2],4223,23010315,3.929,179.8
1125,[C][C][=C][C][=C][Branch1][C][O][C][=C][Ring1][#Branch1],4214,23006101,3.9297,179.9
1126,[C][C][Branch1][C][C][C][C],4206,23001895,3.9305,180.1
1127,[N][/N][=C],4205,22997690,3.9312,180.2
1128,[C@H1][Ring1][#Branch1],4204,22993486,3.9319,180.3
1129,[=C][Ring2][Ring1][P],4195,22989291,3.9326,180.4
1130,[C@H1][Branch1][Ring1][C][O],4184,22985107,3.9333,180.5
1131,[O][C][=Branch1][C][=O][N][C][C],4183,22980924,3.934,180.6
1132,[C][=C][C][Branch1][C][O][=C][C][=C][Ring1][#Branch1],4183,22976741,3.9348,180.7
1133,[N][C][=C][C][=C][C][Branch1],4170,22972571,3.9355,180.8
1134,[=C][Ring2][Ring1][S],4170,22968401,3.9362,180.9
1135,[C][C][=C][O][C][=Ring1],4170,22964231,3.9369,181
1136,[C][Ring2][Ring1][#C],4168,22960063,3.9376,181.1
1137,[/C][=Branch1][#Branch2],4167,22955896,3.9383,181.2
1138,[C][C][=C][C][=C][Branch2][Branch1],4165,22951731,3.939,181.3
1139,[C][C][C][=C][C][=C],4162,22947569,3.9398,181.4
1140,[Ring2][Ring2][#Branch2],4144,22943425,3.9405,181.6
1141,[N][C][=N][C][Branch1],4143,22939282,3.9412,181.7
1142,[C][=C][Ring1][Branch1],4139,22935143,3.9419,181.8
1143,[C][C][C][=C][Branch1][C][C],4139,22931004,3.9426,181.9
1144,[=N][C][=C][C][=C][C][=C][Ring1],4134,22926870,3.9433,182
1145,[C][Branch2][Ring1][O],4127,22922743,3.944,182.1
1146,[C][=N][C][=C][Ring1][=Branch1],4121,22918622,3.9447,182.2
1147,[Ring1][O][C][=C][Ring1][Branch2],4117,22914505,3.9454,182.3
1148,[C][Ring2][Ring1][C][=O],4097,22910408,3.9462,182.4
1149,[/C][Branch1][C][C][=C][/C],4096,22906312,3.9469,182.5
1150,[C][=C][Branch1][=Branch1][N+1][=Branch1][C][=O][O-1],4095,22902217,3.9476,182.6
1151,[N][C][=C][C][=C][Branch1][#Branch2],4087,22898130,3.9483,182.7
1152,[C][C][C][C][N][Branch1],4071,22894059,3.949,182.8
1153,[C][=C][C][Branch1][=Branch2][C][Branch1][C][F][Branch1][C][F][F][=C][C][=C][Ring1][#Branch2],4070,22889989,3.9497,182.9
1154,[C][C][=Branch1][C][=O][O][C],4067,22885922,3.9504,183
1155,[=N][C][=Branch1][C][=O][C][=C][C][=C][C][=C][Ring1][=Branch1],4059,22881863,3.9511,183.1
1156,[C][=Ring1][#Branch2],4058,22877805,3.9518,183.2
1157,[C][Ring1][O][=O],4049,22873756,3.9525,183.3
1158,[C][C][Branch1][C][C][C][C@H1],4044,22869712,3.9532,183.4
1159,[Branch2][Ring2][Branch1],4038,22865674,3.9539,183.5
1160,[=C][C][=C],4034,22861640,3.9546,183.6
1161,[NH1][Ring1][#Branch2],4032,22857608,3.9553,183.7
1162,[C][O][C][=C][C][=C][Branch1][#Branch1][C][=C][Ring1][=Branch1],4031,22853577,3.956,183.8
1163,[#Branch2][C][C][C][N][C][=Branch1][C][=N],4031,22849546,3.9567,183.9
1164,[O][C][=C][C][=C][C][=C][Ring1][=Branch1][C],4024,22845522,3.9574,184
1165,[=N][C][Branch1],4015,22841507,3.9581,184.1
1166,[C][N][C][=C][N][=C][Ring1][Branch1],4013,22837494,3.9588,184.2
1167,[C][NH1][C][=C],4010,22833484,3.9594,184.3
1168,[C][=C][C][=C][C][=Branch1][Ring2][=C][Ring1][=Branch1][O][C][C][O][Ring1][#Branch1],4009,22829475,3.9601,184.4
1169,[C][=C][C][=C][Branch2][Ring1][P],4006,22825469,3.9608,184.5
1170,[C][O][C][C][Ring1][=Branch1],3995,22821474,3.9615,184.6
1171,[N][C][Branch1][C][C][Branch1][C][C],3991,22817483,3.9622,184.7
1172,[C][C][C][C][N][Branch2][Ring1],3988,22813495,3.9629,184.8
1173,[C][C][=C][C][Branch1][C][F][=C],3987,22809508,3.9636,184.9
1174,[C][=C][Branch1][Ring1][C][#N],3986,22805522,3.9643,185
1175,[C][=C][C][=C][Branch1][C][F],3983,22801539,3.965,185.1
1176,[Branch2][Ring1][=C],3982,22797557,3.9657,185.2
1177,[O][S],3975,22793582,3.9664,185.3
1178,[C][=C][C][=C][Branch2][Ring1][=C],3973,22789609,3.9671,185.4
1179,[C][=C][C][=C][Branch2][Ring1][#C],3973,22785636,3.9678,185.5
1180,[N][NH1],3972,22781664,3.9685,185.6
1181,[=Branch2][C][=Branch1][C][=O],3971,22777693,3.9691,185.7
1182,[#C][C][C][=C][NH1][C][=C][C][=C][C][=C][Ring1][=Branch2][Ring1][=Branch1],3962,22773731,3.9698,185.8
1183,[C][C][C@@][Branch1][C][C],3960,22769771,3.9705,185.9
1184,[O][C][Branch1][C][F][F],3956,22765815,3.9712,186
1185,[N][C][=Branch1],3955,22761860,3.9719,186.1
1186,[C][C][=C][C][=C][N][=C][Ring1][=Branch1],3951,22757909,3.9726,186.2
1187,[N][=C][Branch1][C][S],3941,22753968,3.9733,186.3
1188,[C][Branch1][C][O][C],3935,22750033,3.974,186.4
1189,[N][C][=Ring1],3935,22746098,3.9747,186.5
1190,[N][C][C][C][N][C][C],3929,22742169,3.9753,186.6
1191,[O][=C][Branch2][Ring1][=Branch2],3928,22738241,3.976,186.7
1192,[C][=Ring1][Branch1][C][=Branch1][C][=O],3927,22734314,3.9767,186.8
1193,[=C][C][=C][Ring1],3924,22730390,3.9774,186.9
1194,[C][O][Ring1][Branch1],3923,22726467,3.9781,187
1195,[N][Branch1][C][C][C][=Ring1][=Branch1],3921,22722546,3.9788,187.1
1196,[C][C][Ring2][Ring1][=N],3918,22718628,3.9795,187.2
1197,[=C][C][=C][C][=C][C][Ring1][=Branch1],3909,22714719,3.9802,187.3
1198,[C][=C][C][=C][Branch2][Ring1][=Branch1],3905,22710814,3.9808,187.4
1199,[S][=N],3904,22706910,3.9815,187.5
1200,[Branch1][=Branch2][C][Branch1][C][F][Branch1][C][F][F],3898,22703012,3.9822,187.6
1201,[C][Branch1][C][C][Branch1][C][C][C][C],3898,22699114,3.9829,187.7
1202,[=N][Ring2][Ring1][#Branch2],3897,22695217,3.9836,187.8
1203,[C][C][C@H1][Branch1][C][C],3885,22691332,3.9843,187.9
1204,[Branch1][=Branch2][C][=C][C][=C][C][=C][Ring1][=Branch1][C][=C][C][=C][C][=C][Ring1][=Branch1],3885,22687447,3.9849,188
1205,[=C][Branch1][C][O],3877,22683570,3.9856,188.1
1206,[C][=C][C][Branch1][C][Cl][=C][C][=C][Ring1][O][Ring1][#Branch1],3852,22679718,3.9863,188.2
1207,[C][=Branch1][C][=O][N][C@H1][Branch1],3847,22675871,3.987,188.3
1208,[C][N][C][C][N][Branch2][Ring2],3843,22672028,3.9876,188.5
1209,[C][O][C][=C][C][=C][Branch1][Ring1][O][C][C],3838,22668190,3.9883,188.6
1210,[#Branch2][N][C][=Branch1][C][=O],3830,22664360,3.989,188.7
1211,[O][C][C][=C],3829,22660531,3.9897,188.8
1212,[C][=C][C][Branch1][=Branch2][C][=C][C][=C][C][=C][Ring1][=Branch1],3824,22656707,3.9903,188.9
1213,[C][=N][C][=C],3821,22652886,3.991,189
1214,[=Branch1][N+1][=Branch1][C][=O][O-1][=C][C][=C][Ring1][=Branch2],3817,22649069,3.9917,189.1
1215,[/C][=C][/C][=C][C][=C][Branch1],3816,22645253,3.9924,189.2
1216,[#Branch1][C][C][C][C][Ring1][Ring1],3809,22641444,3.993,189.3
1217,[C][=C][C][=C][Branch1][=Branch2][C][=C][C][=C][C][=C][Ring1][=Branch1][C][=C][Ring1][N],3809,22637635,3.9937,189.4
1218,[#Branch1][N][C][Branch1][C][C][=O],3808,22633827,3.9944,189.5
1219,[Ring1][Branch2][O],3807,22630020,3.995,189.6
1220,[C][=C][C][=C][C][=C][Ring1][=Branch1][C][=Branch1][C][=O][O],3806,22626214,3.9957,189.7
1221,[#C][C][=C][C][=C][Branch1][C][Cl][C][Branch1][C][Cl][=C][Ring1][Branch2],3806,22622408,3.9964,189.8
1222,[C][C][=Branch1][C][=O][O][C@H1],3800,22618608,3.9971,189.9
1223,[C][C][C][C][C][C][C][C][C][C][C][C][C][C][C][C],3791,22614992,3.9977,190
1224,[N][C][C][C][C][C][C][Ring1][#Branch1],3791,22611201,3.9984,190.1
1225,[C][Branch1][C][N][=C],3789,22607412,3.999,190.2
1226,[C][Ring2][Ring1][Ring1][=O],3777,22603635,3.9997,190.3
1227,[P][S][=Branch1][C][=O][=Branch1][C][=O],3775,22599860,4.0004,190.4
1228,[C][=C][C][=C][N][=C],3774,22596086,4.001,190.5
1229,[#C][C][C][=C][NH1][C][=C][C][=C][C][=C][Ring1][=Branch2],3767,22592319,4.0017,190.6
1230,[C][=C][C][Branch1][S],3752,22588567,4.0024,190.7
1231,[Branch2][C][C][C][=Branch1][C][=O][O],3746,22584821,4.003,190.9
1232,[/C][Branch1],3741,22581080,4.0037,191
1233,[O][Ring2][Ring1][=Branch1],3741,22577339,4.0044,191.1
1234,[O][Ring2][Ring1][#Branch1],3737,22573602,4.005,191.1
1235,[/C][=Branch1][=N],3737,22569865,4.0057,191.2
1236,[C][C][=C][S][C][=Ring1][Branch1],3732,22566133,4.0064,191.3
1237,[N][C][=Branch1][C][=O][C@@H1][Branch1],3730,22562403,4.007,191.4
1238,[N][C][C][=N],3728,22558675,4.0077,191.5
1239,[C][Branch1][Ring1][O][C][=C][Ring1][Branch2],3725,22554950,4.0083,191.6
1240,[=Branch1][N][Branch1][C][C][C][C][=C][Ring1][=Branch2],3724,22551226,4.009,191.7
1241,[C][N][=C][Branch1],3721,22547505,4.0097,191.8
1242,[N][=N][Ring1][Branch1],3721,22543784,4.0103,191.9
1243,[C][=C][Ring2][Ring2][Branch1],3720,22540064,4.011,192
1244,[C][C][O][C],3716,22536348,4.0117,192.1
1245,[/C][=N][/N][C][=Branch1][C][=O],3703,22532645,4.0123,192.2
1246,[C][Ring1][Ring1],3692,22528953,4.013,192.3
1247,[C][N][N][=N],3687,22525266,4.0136,192.4
1248,[C@H1][Branch1][#Branch2][C][C][=C][C][=C][C][=C][Ring1][=Branch1],3685,22521581,4.0143,192.5
1249,[Branch1][C][N][C][=C][Ring1][#Branch1],3684,22517897,4.0149,192.6
1250,[=C][C][=C][Ring1][P],3683,22514214,4.0156,192.7
1251,[C][C][C][C][=C],3681,22510533,4.0163,192.8
1252,[Branch2][Ring1][S],3671,22506862,4.0169,192.9
1253,[=C][C][=C][Ring2][Ring1][Ring2],3670,22503192,4.0176,193
1254,[C][=C][Branch1][=Branch2][C][Branch1][C][F][Branch1][C][F][F],3665,22499527,4.0182,193.1
1255,[N][Ring2][Ring1][#Branch1],3663,22495864,4.0189,193.2
1256,[C][Ring2][Ring1][Ring2][=O],3663,22492201,4.0195,193.3
1257,[C@H1][Branch1][#Branch2][C][C][=C][C][=C][C][=C][Ring1][=Branch1][N][C][=Branch1][C][=O],3661,22488540,4.0202,193.4
1258,[O][O][C],3657,22484883,4.0208,193.5
1259,[C][=C][Branch1][C][Cl][C][=C][C][=C][Ring1][#Branch1][Cl],3642,22481241,4.0215,193.6
1260,[O][Ring2][Ring1][C],3640,22477601,4.0221,193.7
1261,[N][=C][Ring2][Ring1][Ring2],3639,22473962,4.0228,193.8
1262,[S][Branch1][C][C][=Branch1][C][=O][=O][C][=C][Ring1][#Branch2],3634,22470328,4.0234,193.9
1263,[N][C][C][C][N][Branch1],3633,22466695,4.0241,194
1264,[O][Ring1][Branch1][C][C],3630,22463065,4.0247,194.1
1265,[C@@H1][Branch2][Ring2],3620,22459445,4.0254,194.2
1266,[=Branch1][C][C],3617,22455828,4.026,194.3
1267,[Branch2][Ring1][P],3604,22452224,4.0267,194.4
1268,[C][=C][C][=C][Branch2][Ring2][Ring2],3601,22448623,4.0273,194.5
1269,[C@][Ring1][#Branch1],3600,22445023,4.028,194.6
1270,[=C][C][Branch1][=Branch2][C][Branch1][C][F][Branch1][C][F][F][=C][Ring1][=C],3593,22441430,4.0286,194.7
1271,[N][Ring2][Ring1][=Branch2],3590,22437840,4.0293,194.8
1272,[O][Ring2][Ring1][Branch1],3581,22434259,4.0299,194.9
1273,[Ring1][=N][=O],3576,22430683,4.0306,195
1274,[N][=C][Ring2][Ring1][=Branch1],3574,22427109,4.0312,195
1275,[C@H1][Branch2][Ring2],3565,22423544,4.0318,195.1
1276,[C@H1][Ring2][Ring1],3559,22419985,4.0325,195.2
1277,[S][Ring1][=Branch2],3556,22416429,4.0331,195.3
1278,[C][C][N][C][=C],3542,22412887,4.0338,195.4
1279,[O][C@@],3540,22409347,4.0344,195.5
1280,[C@H1][Branch1][=Branch2],3539,22405808,4.035,195.6
1281,[S][Ring1][Branch1][C][C],3538,22402270,4.0357,195.7
1282,[C][C][C][C@@H1],3533,22398737,4.0363,195.8
1283,[C][C][O][C][=C][C][=C][C][=C][Ring1][=Branch1],3533,22395204,4.0369,195.9
1284,[N][C][C][O][C][C][Ring1][=Branch1][C],3533,22391671,4.0376,196
1285,[C][=C][C][Branch1][=N],3532,22388139,4.0382,196.1
1286,[S][Ring1][Branch1][C],3532,22384607,4.0388,196.2
1287,[O][=C][Branch2][Ring1][Branch1],3531,22381076,4.0395,196.3
1288,[Branch1][#C],3528,22377548,4.0401,196.4
1289,[S][Ring1][=N],3528,22374020,4.0408,196.5
1290,[#Branch1][N][C][=Branch1][C][=O],3523,22370497,4.0414,196.6
1291,[C][=C][C][Branch1][Ring1][O][C][=C][Branch1][Ring1][O][C],3520,22366977,4.042,196.7
1292,[O][C][Ring1][#C],3518,22363459,4.0427,196.8
1293,[C][C][Branch1][C][O],3516,22359943,4.0433,196.9
1294,[O][C][C][Branch1][C][O][C],3510,22356433,4.0439,197
1295,[C][=C][C][Branch1][Ring1][O][C][=C][Branch1][Ring1][O][C][C][Branch1][Ring1][O][C][=C][Ring1][N],3510,22352923,4.0446,197.1
1296,[C][=C][C][=C][Branch1][=Branch2][C][Branch1][C][F][Branch1][C][F][F],3505,22349418,4.0452,197.2
1297,[O][C@@H1][O][C@H1][Branch1][Ring1][C][O][C@@H1][Branch1][C][O][C@H1][Branch1][C][O][C@H1][Ring1][#Branch2],3505,22345913,4.0458,197.3
1298,[C][=C][C][=C][C][=C][Ring1][=Branch1][C][=Branch1][C][=O][N][Ring1],3503,22342410,4.0465,197.4
1299,[O][=C][Branch2][Ring1][Branch2],3500,22338910,4.0471,197.5
1300,[#Branch1][C][C][Branch1][C][N][=O],3498,22335412,4.0477,197.6
1301,[N][=C][Ring2][Ring1][Branch1],3497,22331915,4.0484,197.7
1302,[C][/C][=C],3495,22328420,4.049,197.8
1303,[N][S][=Branch1][C][=O][=Branch1][C][=O][C][=C][C][=C][C][=C][Ring1][=Branch1],3494,22324926,4.0496,197.9
1304,[C][Ring1][Ring2],3488,22321438,4.0503,198
1305,[C][C][C][C][C][N],3479,22317959,4.0509,198.1
1306,[C][=C][C][=C][Branch1][=Branch2][C][Branch1][C][C][Branch1][C][C][C][C][=C][Ring1][#Branch2],3479,22314480,4.0515,198.2
1307,[C@@H1][Ring1][Branch2],3474,22311006,4.0522,198.3
1308,[N][C][=C][C][=C][Branch1][C][Cl],3471,22307535,4.0528,198.4
1309,[C][C][Ring2][Ring1][=C],3458,22304077,4.0534,198.5
1310,[N][Branch1][#Branch2][C][C][=C][C][=C][C][=C][Ring1][=Branch1],3455,22300622,4.0541,198.6
1311,[Branch1][C][O][C][=Branch1][C][=O],3452,22297170,4.0547,198.7
1312,[Branch1][Ring1],3451,22293719,4.0553,198.8
1313,[C][=Ring1][=Branch2],3441,22290278,4.0559,198.9
1314,[N][C][=N][C][=C],3439,22286839,4.0566,199
1315,[N][=C][Branch1][C],3438,22283401,4.0572,199.1
1316,[C][=C][C][=C][Branch1][=Branch2][S][Branch1][C][N][=Branch1][C][=O][=O][C][=C][Ring1][#Branch2],3437,22279964,4.0578,199.2
1317,[O][C][O],3431,22276533,4.0584,199.3
1318,[C][=C][Ring2][Ring2][=Branch1],3431,22273102,4.0591,199.4
1319,[C][=C][C][=C][Branch1][Ring2],3421,22269681,4.0597,199.5
1320,[Ring1][N][C][=Branch1][C][=O],3419,22266262,4.0603,199.6
1321,[C][C][S][=Branch1][C][=O][=Branch1][C][=O],3416,22262846,4.0609,199.7
1322,[C][=C][C][Branch1][C][Cl][=C][C][Branch1][C][Cl][=C][Ring1][Branch2],3416,22259430,4.0616,199.8
1323,[C][C][N][Ring1],3406,22256024,4.0622,199.9
1324,[=C][Branch1][C][Cl],3401,22252623,4.0628,200
1325,[O][Ring2][Ring1][Branch2],3400,22249223,4.0634,200.1
1326,[N][C][C][C][C][C][Ring1][Branch1],3389,22245834,4.064,200.2
1327,[C][Ring1][=Branch2][=Ring1][Branch1],3389,22242445,4.0647,200.3
1328,[C][=Branch1][Ring2][=N][Ring1][=Branch1],3388,22239057,4.0653,200.4
1329,[N][=C][Branch1][S],3386,22235671,4.0659,200.5
1330,[C][C][NH1],3384,22232287,4.0665,200.6
1331,[C][N][C][Branch1],3379,22228908,4.0671,200.7
1332,[C][Branch2][Ring2][Ring2],3368,22225540,4.0678,200.8
1333,[C][=Ring1][=N],3366,22222174,4.0684,200.9
1334,[Branch1][C][C][O],3364,22218810,4.069,201
1335,[C][=N][NH1],3353,22215457,4.0696,201.1
1336,[C@@H1][Branch2][Ring1][Branch1],3351,22212106,4.0702,201.2
1337,[C][=C][Branch1][C][F][C][=C][C][=C][Ring1][#Branch1][F],3351,22208755,4.0708,201.3
1338,[C][Branch1][=Branch1][N+1][=Branch1][C][=O][O-1],3350,22205405,4.0714,201.4
1339,[N][C][C][N][Branch1][=Branch2][C][=C][C][=C][C][=C][Ring1][=Branch1],3347,22202058,4.0721,201.5
1340,[Branch2][Branch1][Ring2],3341,22198717,4.0727,201.6
1341,[C][=C][C][Branch1][=C],3332,22195385,4.0733,201.7
1342,[C][C][Ring2][Ring1][O],3323,22192062,4.0739,201.8
1343,[O][=C][Branch2][Ring1][#Branch1],3323,22188739,4.0745,201.9
1344,[C][=C][C][Branch1][C][Br][=C][C][=C][Ring1][#Branch1],3321,22185418,4.0751,202
1345,[C][Ring1][=N][=C][Ring1][P],3320,22182098,4.0757,202.1
1346,[#Branch2][C][C],3318,22178780,4.0763,202.2
1347,[C][C][Branch1][C][C][C],3316,22175464,4.0769,202.3
1348,[C][C][Ring1][=Branch1],3311,22172153,4.0775,202.4
1349,[S][=Branch1][C][=O][=Branch1][C][=O][C][=C][C][=C][Branch1][C][C][C][=C][Ring1][#Branch1],3308,22168845,4.0782,202.5
1350,[C][C][C][Ring1][Branch1],3301,22165544,4.0788,202.6
1351,[N][C@@H1][Branch1][C][C],3299,22162245,4.0794,202.7
1352,[C][=C][C][Branch1][P],3297,22158948,4.08,202.8
1353,[O][Ring1][=Branch1][C],3297,22155651,4.0806,203
1354,[S][=Branch1][C][=O][=Branch1][C][=O][C][=C][C][=C][Branch1][C][Cl][C][=C][Ring1][#Branch1],3296,22152355,4.0812,203.1
1355,[Branch2][Ring1][O],3294,22149061,4.0818,203.2
1356,[C][C][=Branch1][C][=O][N][C][=C],3293,22145768,4.0824,203.3
1357,[C][=C][N][=C][C][=N][Ring1][=Branch1],3292,22142476,4.083,203.4
1358,[C][=C][C][=C][C][=C][Ring1][#Branch2],3289,22139187,4.0836,203.5
1359,[C][C][Branch1][=Branch2][C][=C][C][=C][C][=C][Ring1][=Branch1],3289,22135898,4.0842,203.6
1360,[Ring2][=N],3280,22132618,4.0848,203.7
1361,[C][C][=C][Branch1][C][Cl],3280,22129338,4.0854,203.8
1362,[=C][Branch1][=Branch2],3276,22126062,4.086,203.9
1363,[C][=C][C][=C][C][Branch1][Ring1][O][C][=C][Ring1][Branch2],3272,22122790,4.0866,204
1364,[C][C][=C][Branch1][C][F],3271,22119519,4.0872,204.1
1365,[Ring1][=Branch1][=O],3264,22116255,4.0879,204.2
1366,[C@][Branch1][C][C][C][C],3264,22112991,4.0885,204.3
1367,[=Branch1][C][=Branch1][C][=O][O][=C][Ring1][=Branch2],3260,22109731,4.0891,204.4
1368,[N][=C][Branch2][Ring1][Ring2],3258,22106473,4.0897,204.5
1369,[C][=C][C][=C][Branch2][Ring1][S],3254,22103219,4.0903,204.5
1370,[C][=C][C][=C][Branch1][C][C],3252,22099967,4.0909,204.6
1371,[C][Ring2][Ring2],3251,22096716,4.0915,204.7
1372,[O][=C][Branch2][Ring1][#Branch2],3247,22093469,4.0921,204.8
1373,[N][C][N],3246,22090223,4.0927,205
1374,[C][Branch1][=Branch2][C][=C][C][=C][C][=C][Ring1][=Branch1][C][=C][C][=C][C][=C][Ring1][=Branch1],3242,22086981,4.0933,205.1
1375,[C@H1][Branch1][C][C][C],3240,22083741,4.0939,205.2
1376,[Branch1][O][C][C],3236,22080505,4.0945,205.3
1377,[C][C][C][C][Ring1][#Branch1],3236,22077269,4.0951,205.4
1378,[C][=C][C][=C][C][=C][C][Ring1][=Branch1],3234,22074035,4.0957,205.5
1379,[C][O][C][=C][C][=C][Branch2][Ring2][Ring1],3232,22070803,4.0963,205.6
1380,[N][=C][Ring2][Ring1][#Branch1],3226,22067577,4.0969,205.7
1381,[N][C][=Branch1][C][=O][C@H1],3222,22064355,4.0975,205.8
1382,[=C][C][=C][Ring2][Ring1][#Branch1],3222,22061133,4.0981,205.9
1383,[N][C][=N][C][=N][C][=C][Ring1][=Branch1],3216,22057917,4.0987,206
1384,[O][C@@H1][O][C@H1],3212,22054705,4.0993,206.1
1385,[C][C][O][C][=Branch1][C][=O][C][=C][Branch1][C][C],3199,22051506,4.0999,206.2
1386,[N][=C][N][Ring1],3197,22048309,4.1005,206.3
1387,[C][C][=C][C][=C][C][Branch1][C][C][=C][Ring1][#Branch1],3188,22045121,4.101,206.4
1388,[Ring2][Ring1][C][=O],3187,22041934,4.1016,206.5
1389,[C][Ring1][#Branch2][=O],3175,22038759,4.1022,206.6
1390,[=Branch1][C][Branch1][C][C][C][C],3172,22035587,4.1028,206.7
1391,[C][C@@][Branch1][C][C],3168,22032419,4.1034,206.8
1392,[C][=C][C][=C][Branch1][#Branch2][O][C][=C][C][=C][C][=C][Ring1][=Branch1][C][=C][Ring1][=N],3161,22029258,4.104,206.9
1393,[N][C][=Branch1][C][=O][C@@H1][C][C][C][N][Ring1][Branch1][C][=Branch1][C][=O],3160,22026098,4.1046,207
1394,[C][C][=C][C][=C][C][=Branch1][Ring2][=C][Ring1][=Branch1][O][C][O][Ring1][=Branch1],3159,22022939,4.1052,207.1
1395,[N][Branch1][O][C][C],3157,22019782,4.1058,207.2
1396,[C][C][N][C][=N],3152,22016630,4.1064,207.3
1397,[O][C][Branch1][C][C][C],3150,22013480,4.1069,207.4
1398,[C][C][C][C][C][Ring1][Branch1],3150,22010330,4.1075,207.5
1399,[N][C][=Branch1][C][=O][C][N][C][=Branch1][C][=O],3145,22007185,4.1081,207.5
1400,[Branch2][C][C][C][=Branch1][C][=O],3145,22004040,4.1087,207.7
1401,[N][S],3142,22000898,4.1093,207.7
1402,[C][C][C][C][=N],3141,21997757,4.1099,207.8
1403,[N][Ring2][Ring1][Branch2],3129,21994628,4.1105,208
1404,[C][=C][Ring1][O][C],3124,21991504,4.111,208.1
1405,[Branch1][C][O][C][C][=Branch1][C][=O],3120,21988384,4.1116,208.2
1406,[O][=C][Branch2][Ring1][=Branch1],3119,21985265,4.1122,208.3
1407,[#C][S][=Branch1][C][=O][=Branch1][C][=O],3112,21982153,4.1128,208.3
1408,[C][Branch1][C][C][=O],3111,21979042,4.1134,208.4
1409,[N][=C][Branch1][=C],3109,21975933,4.114,208.5
1410,[N][Branch1][Ring2],3108,21972825,4.1145,208.6
1411,[O][C][Branch1][C][C][Branch1][C][C][C][C],3107,21969718,4.1151,208.7
1412,[C][C][C][S][=Branch1][C][=O][=Branch1][C][=O],3099,21966619,4.1157,208.8
1413,[C][=C][Ring1][=Branch1][C][=Branch1][C][=O],3095,21963524,4.1163,208.9
1414,[/N][=C][Branch1][C],3094,21960430,4.1169,209
1415,[Ring1][N][C],3093,21957337,4.1174,209.1
1416,[C][O][C][Branch1],3093,21954244,4.118,209.2
1417,[C][O][C][=C][C][=C][C][Branch2][Ring1],3079,21951165,4.1186,209.3
1418,[C][N][=N],3078,21948087,4.1192,209.4
1419,[C][Branch1][C][O][C][C],3078,21945009,4.1198,209.5
1420,[C][=C][Branch2][Ring1][#Branch1],3075,21941934,4.1203,209.6
1421,[Ring1][=Branch2][=O],3071,21938863,4.1209,209.7
1422,[Branch1][O],3068,21935795,4.1215,209.8
1423,[C][Branch1][=Branch2][C][=C][C][=N][C][=C][Ring1][=Branch1],3064,21932731,4.1221,209.9
1424,[C@H1][Branch1][C][C][C][C],3063,21929668,4.1226,210
1425,[O][C][=C][C][=C][C][=Branch1][Ring2][=C][Ring1][=Branch1],3061,21926607,4.1232,210.1
1426,[C][O][C][=C][C][=C][C][=C][Ring1][=Branch1][C][=Branch1][C][=O],3059,21923548,4.1238,210.2
1427,[C][C][Ring2][Ring1][#C],3054,21920494,4.1244,210.3
1428,[C][N][C][=N][C][=N][Ring1][Branch1],3051,21917443,4.1249,210.4
1429,[C][=C][C][=C][C][=C][C][=C][C][Ring1][=Branch1][=C][Ring1][#Branch2],3049,21914394,4.1255,210.5
1430,[C][=C][Branch1][C][Cl][C][=C][Ring1][#Branch1],3048,21911346,4.1261,210.6
1431,[C][=C][C][=C][Ring1][#Branch2],3046,21908300,4.1267,210.7
1432,[C][Ring2][Ring1][Branch1][=O],3046,21905254,4.1272,210.8
1433,[C][Branch1][C][O][=N],3042,21902212,4.1278,210.9
1434,[Branch2][Branch1][C],3041,21899171,4.1284,211
1435,[N][C@@H1][Branch1][#Branch2][C][C][=C][C][=C][C][=C][Ring1][=Branch1][C][=Branch1][C][=O],3036,21896135,4.1289,211.1
1436,[Ring2][Ring1][C][C],3031,21893104,4.1295,211.1
1437,[N][C][=C][C][=C][C][Branch1][C][O][=C][Ring1][#Branch1],3026,21890078,4.1301,211.2
1438,[C][=C][N][Branch2][Ring1],3025,21887053,4.1307,211.3
1439,[C][Ring2][Ring1][=Branch1][=O],3022,21884031,4.1312,211.4
1440,[C@H1][Ring1][=Branch2],3021,21881010,4.1318,211.6
1441,[C][Branch1][C][N][=C][Ring1][#Branch1],3015,21877995,4.1324,211.6
1442,[Ring2][Ring1][Branch1][C],3014,21874981,4.1329,211.8
1443,[C@@H1][C][C@@H1],3013,21871968,4.1335,211.9
1444,[Ring1][=C][=O],3013,21868955,4.1341,212
1445,[C][/C][=C][\C],3012,21865943,4.1346,212.1
1446,[O][=C][N][C][=Branch1][C][=O],3011,21862932,4.1352,212.2
1447,[C][/C][=Branch1],3010,21859922,4.1358,212.3
1448,[C@@H1][C][C@H1],3006,21856916,4.1364,212.4
1449,[C][Branch1][N][C][=C][C][=C][Branch1][C][F][C][=C][Ring1][#Branch1],3006,21853910,4.1369,212.5
1450,[O][C][C][=C][C][=C][C][=C][Ring1][=Branch1][C][=Branch1][C][=O],3004,21850906,4.1375,212.5
1451,[S][C][C][=Branch1][C][=O][N],3003,21847903,4.1381,212.6
1452,[C][C][=C][C][Branch2][Ring1],2999,21844904,4.1386,212.7
1453,[C][N][S][=Branch1][C][=O][=Branch1][C][=O],2998,21841906,4.1392,212.8
1454,[Ring1][N][=C],2992,21838914,4.1398,212.9
1455,[C][=Branch1][C][=O][N][C],2991,21835923,4.1403,213
1456,[C][=Branch1][Branch1],2990,21832933,4.1409,213.1
1457,[O][C][C@H1][O][C@@H1],2989,21829944,4.1415,213.2
1458,[=C][C][=C][Ring1][=N],2988,21826956,4.142,213.3
1459,[C][O][C][=C][C][=C][Branch2][Ring2][Ring2],2982,21823974,4.1426,213.4
1460,[#C][C][C],2980,21820994,4.1432,213.5
1461,[N][=C][Branch1][#Branch2],2976,21818018,4.1437,213.6
1462,[C][C][=C][C][=C][C][=C][Ring1][=Branch1][C][=Branch1][C][=O],2972,21815046,4.1443,213.7
1463,[C][=C][C][=C][Branch1][=Branch2][S][Branch1][C][C][=Branch1][C][=O][=O][C][=C][Ring1][#Branch2],2971,21812075,4.1449,213.8
1464,[C][=N][C][Branch1][=Branch2][C][=C][C][=C][C][=C][Ring1][=Branch1],2970,21809105,4.1454,213.9
1465,[N][C][C][N][Branch2][Ring1][Ring1],2968,21806137,4.146,214
1466,[C][=C][C][=C][Branch1][=Branch1][N+1][=Branch1][C][=O][O-1],2958,21803179,4.1466,214.1
1467,[=C][\C],2956,21800223,4.1471,214.2
1468,[C][O][C][=C][C][=C][Branch2][Ring1][=Branch2],2956,21797267,4.1477,214.3
1469,[N][=C][Ring1][=C],2955,21794312,4.1482,214.4
1470,[C][=C][C][=C][C][Branch1][=Branch2],2952,21791360,4.1488,214.5
1471,[N][C][Branch1][=Branch2][C][=C][C][=C][C][=C][Ring1][=Branch1],2951,21788409,4.1494,214.6
1472,[Branch1][#Branch1],2941,21785468,4.1499,214.7
1473,[C][=C][Ring2][Ring2][#Branch1],2939,21782529,4.1505,214.7
1474,[N][C@@H1][Branch2][Ring1],2933,21779596,4.151,214.8
1475,[C][Branch2][=Branch1],2931,21776665,4.1516,214.9
1476,[Branch2][Ring2][=N],2927,21773738,4.1522,215
1477,[N][C][=Branch1][C][=O][C][S],2919,21770819,4.1527,215.1
1478,[C][=C][C][=C][C][=C][Ring1][=Branch1][O][C],2911,21767908,4.1533,215.2
1479,[C][=C][C][=C][C][=C][Ring1][O][Ring1][=Branch1],2905,21765003,4.1538,215.3
1480,[Branch1][C][C][C][C@H1][Branch1],2895,21762108,4.1544,215.4
1481,[C][O][C][=C][C][=C][Branch2][Ring1][#Branch2],2890,21759218,4.1549,215.5
1482,[O][Ring2][Ring1][=Branch2],2889,21756329,4.1555,215.7
1483,[#Branch2][C][C][C][C][C][C][C][Ring1][=Branch1],2886,21753443,4.156,215.8
1484,[=Branch1][C][Branch1][C][C][C][C][=C][Ring1][=Branch2],2886,21750557,4.1566,215.8
1485,[C][=C][Branch2][Ring1][Branch2],2884,21747673,4.1571,215.9
1486,[C][N][Branch1][#Branch1],2884,21744789,4.1577,216
1487,[C][=C][C][Branch1][C][C][=C][C][=C][Ring1][#Branch1],2884,21741905,4.1582,216.1
1488,[C][=Ring1][#Branch1],2882,21739023,4.1588,216.2
1489,[C@@H1][Ring1][#Branch1],2880,21736143,4.1593,216.3
1490,[=C][C][=C][Ring1][=C],2876,21733267,4.1599,216.4
1491,[C][=N+1],2874,21730393,4.1604,216.5
1492,[C][Ring2][Ring1][P],2867,21727526,4.161,216.6
1493,[N][C][C][C][C][Ring1][Branch1][C],2865,21724661,4.1615,216.7
1494,[C][Branch1][=Branch2][C][=C][C][=C][N][=C][Ring1][=Branch1],2865,21721796,4.1621,216.8
1495,[=N][/N],2862,21718934,4.1626,216.9
1496,[Branch1][Ring1][C][O],2859,21716075,4.1632,217
1497,[C][Ring1][=Branch2][=Ring1],2856,21713219,4.1637,217.1
1498,[C][=C][C][=C][N][=C][Ring1],2854,21710365,4.1643,217.3
1499,[C][C@@H1][Branch1][C][C],2848,21707517,4.1648,217.3
1500,[C][=C][C][=C][C][=C][Ring1][=Branch1][Ring1][#Branch2],2846,21704671,4.1654,217.5
1501,[C][Ring2][Ring1][S],2845,21701826,4.1659,217.5
1502,[Ring2][Ring1][=Branch1][C],2842,21698984,4.1665,217.6
1503,[S][Ring1][S],2842,21696142,4.167,217.7
1504,[=N][Ring2][Ring1][O],2841,21693301,4.1676,217.8
1505,[N][C][=Branch1][C][=O][C][=N],2840,21690461,4.1681,217.9
1506,[N][C][=C][C][=C][N][=C][Ring1][=Branch1],2839,21687622,4.1686,218
1507,[C][=C][C][=C][C][=C][Ring1][=Branch1][C][=C][C][=C][C][=C][Ring1][=Branch1],2838,21684811,4.1692,218.1
1508,[C@@H1][Branch1][=C],2837,21681974,4.1697,218.2
1509,[N][=C][Branch1][P],2837,21679137,4.1703,218.3
1510,[C][C][Ring2][Ring1][N],2837,21676300,4.1708,218.4
1511,[C][=C][Branch1][Ring1][O][C][C][Branch1][Ring1][O],2837,21673463,4.1714,218.5
1512,[C][=C][C][=C][Branch1][C][Cl][C][Branch1][C][Cl][=C][Ring1][Branch2],2834,21670629,4.1719,218.6
1513,[O][O][C][C][=C][C][=C][C][=C][Ring1][=Branch1][C][=C][Ring1][=C],2829,21667800,4.1725,218.7
1514,[C][=C][C][Branch1][Ring1][O][C][=C][Branch1][Ring1][O][C][C][Branch1][Ring1][O][C][=C][Ring1],2829,21664971,4.173,218.8
1515,[N][C][C][=C][C][=C][O][Ring1][Branch1],2827,21662144,4.1735,218.9
1516,[O][O],2825,21659325,4.1741,219
1517,[C][C][C][C][Ring1][Ring1],2825,21656500,4.1746,219.1
1518,[=N][C][=C],2824,21653676,4.1752,219.2
1519,[C][C][=C][C][=C][C][Branch1],2821,21650855,4.1757,219.3
1520,[C][=C][C][Branch1][C][O],2820,21648035,4.1763,219.4
1521,[N][Ring2][Ring1][=Branch1],2814,21645221,4.1768,219.4
1522,[C][=C][C][=C][Branch1][C][O][C],2807,21642414,4.1774,219.5
1523,[=C][C][=C][Ring2][Ring1][=Branch1],2802,21639612,4.1779,219.6
1524,[C][C@][Branch1][C][C],2798,21636814,4.1784,219.8
1525,[C][C][C][C][Branch1][C][C],2795,21634019,4.179,219.9
1526,[C][=N][Ring1][#Branch2],2792,21631227,4.1795,220
1527,[C][=C][C][=C][C][=C][Ring1][=Branch1][C][Branch1],2791,21628436,4.1801,220.1
1528,[C][C][=C][C][=N][C][=C][Ring1][=Branch1],2789,21625647,4.1806,220.2
1529,[/C][=C][\S],2788,21622859,4.1811,220.3
1530,[C][Branch1][=Branch2][N][C][C][C][C][C][Ring1][=Branch1],2786,21620073,4.1817,220.4
1531,[C][=Ring2][Ring1],2785,21617288,4.1822,220.5
1532,[C][=C][Branch2][Ring1][Branch1],2784,21614504,4.1827,220.6
1533,[N][Branch2][Ring1][=Branch2],2783,21611721,4.1833,220.7
1534,[C][O][C][=C][C][=C][Branch2][Ring1][#C],2782,21608939,4.1838,220.8
1535,[C@@H1][Branch1][P],2781,21606158,4.1844,220.9
1536,[C][C][=C][C][=C][C][Branch2][Ring1],2777,21603381,4.1849,221
1537,[Branch1][C][I][C][=C][Ring1][#Branch1],2768,21600613,4.1854,221.1
1538,[O][C@@H1][Branch1][C][O][C@H1],2763,21597850,4.186,221.2
1539,[C][=Ring1][Branch2],2761,21595089,4.1865,221.3
1540,[C][C][C][N][=C][Branch1][C][N],2761,21592328,4.187,221.4
1541,[N][Branch2][Ring1][#Branch1],2758,21589570,4.1876,221.5
1542,[=C][C][=Branch1][C][=O][N][C][C],2758,21586812,4.1881,221.6
1543,[C][Branch1][C][Cl][=N],2757,21584055,4.1886,221.7
1544,[Ring2][Ring2][=N],2753,21581302,4.1892,221.8
1545,[O][=C][Branch2][Ring1][Ring1],2749,21578553,4.1897,221.9
1546,[C][=C][C][N],2746,21575807,4.1902,222
1547,[C@H1][C][C@@H1],2746,21573061,4.1908,222.1
1548,[C][=C][C][Branch1][#C],2739,21570322,4.1913,222.2
1549,[C][=C][C][Branch1][Ring1][O][C][=C][Branch1][Ring1][O][C][C][=C][Ring1][#Branch2],2738,21567584,4.1918,222.3
1550,[N+1][Branch1][C][O-1],2737,21564847,4.1924,222.4
1551,[C][=C][C][=C][C][=Branch1][Ring2][=C][Ring1][=Branch1][C],2736,21562111,4.1929,222.5
1552,[N][C][=C][C][=C][C][Branch1][C][Br][=C][Ring1][#Branch1],2736,21559375,4.1934,222.6
1553,[\C][=C][C][=C][C][=C][Ring1][=Branch1],2734,21556641,4.194,222.7
1554,[C][Branch1][=Branch2][C][=C][C][=C][C][=C][Ring1][=Branch1][=N],2731,21553910,4.1945,222.8
1555,[=N][S][=Branch1][C][=O][=Branch1][C][=O],2729,21551181,4.195,222.9
1556,[N][Ring2][Ring1][Branch1],2729,21548452,4.1956,222.9
1557,[C][C][C][C@H1],2728,21545724,4.1961,223
1558,[C][C][C][Branch1][Ring1][C][C],2728,21542996,4.1966,223.1
1559,[C][=C][Branch2][Ring1][#Branch2],2726,21540270,4.1972,223.2
1560,[C][N][C][C][C][C][Ring1],2725,21537545,4.1977,223.3
1561,[Branch1][C][C][Ring1][=Branch1][C],2724,21534821,4.1982,223.4
1562,[N][C][C][Branch1],2723,21532098,4.1988,223.5
1563,[C][=C][Branch1][O],2722,21529376,4.1993,223.6
1564,[C@@H1][Branch1][C][O][C][C],2720,21526656,4.1998,223.7
1565,[N][C][C][C][C][=C][C][=C][C][=C][Ring1][=Branch1],2719,21523937,4.2003,223.8
1566,[S][C],2718,21521219,4.2009,223.9
1567,[C][C][=C][C][=C][Branch1][=Branch2],2715,21518504,4.2014,224
1568,[#Branch1][C][=Branch1][C][=O][O][C][C],2713,21515791,4.2019,224.1
1569,[Branch2][Ring1][N],2712,21513079,4.2025,224.2
1570,[C][C][N][Branch1][Ring1][C][C][C][=Branch1][C][=O],2711,21510368,4.203,224.3
1571,[=N][Ring1][=Branch2],2710,21507658,4.2035,224.4
1572,[O][C][Branch1][=Branch2],2706,21504952,4.2041,224.5
1573,[N][C][=Branch1][C][=O][C][S][C][=N],2704,21502248,4.2046,224.6
1574,[C@@H1][Branch1][=Branch2],2695,21499553,4.2051,224.7
1575,[N][=C][Branch1][#C],2695,21496858,4.2056,224.8
1576,[C][Ring1][N][=C][Ring1][S],2695,21494163,4.2062,224.9
1577,[C][C][C][C][C][=N],2693,21491470,4.2067,225
1578,[O][C@H1][Branch1][C][C],2693,21488777,4.2072,225.1
1579,[C][C][=C][C][=C][Branch1][Branch2],2689,21486088,4.2077,225.2
1580,[C@H1][Branch1][P],2685,21483403,4.2083,225.3
1581,[S][C][=Branch1][C][=O][N][C][C],2684,21480719,4.2088,225.4
1582,[C][C][=N][O][C][Branch1][C],2682,21478037,4.2093,225.5
1583,[Ring1][N][=N],2678,21475359,4.2098,225.6
1584,[=C][N][C][=Branch1][C][=O][C][=C][C][=C][C][=C][Ring1][=Branch1],2678,21472681,4.2104,225.7
1585,[C][=Branch1][Ring2][=C][Ring1][#Branch1],2675,21470006,4.2109,225.7
1586,[C@H1][Branch1][Ring2],2671,21467335,4.2114,225.8
1587,[C][=C][Branch2][Ring1][=Branch2],2670,21464665,4.2119,225.9
1588,[C@@H1][C][C][C@H1],2665,21462000,4.2125,226
1589,[C][C][N][Ring1][Branch1],2663,21459337,4.213,226.1
1590,[C][=Branch1][C][=O][C][=C],2661,21456676,4.2135,226.2
1591,[C][C][Branch1][C][C][Branch1][C][C][C],2661,21454015,4.214,226.3
1592,[N][Ring1][=Branch1][C][=Branch1][C][=O],2661,21451354,4.2146,226.4
1593,[C][=C][Branch1][=Branch1][C][=Branch1][C][=O][O],2657,21448697,4.2151,226.5
1594,[C][=Branch1][C][=O][N][C][C][N][Branch1],2656,21446041,4.2156,226.6
1595,[C][=C][C][=C][Branch1][Ring1][O][C][C],2655,21443386,4.2161,226.7
1596,[N][=C][Ring1][N],2653,21440733,4.2166,226.8
1597,[C][=N][C][=C][C][=N][Ring1][=Branch1],2652,21438081,4.2172,226.9
1598,[S][S],2650,21435535,4.2177,227
1599,[Branch1][C][C][C@],2650,21432885,4.2182,227.1
1600,[N][=C][Branch2][Ring1][Ring1],2650,21430235,4.2187,227.2
1601,[O][C][C][=C][C][=C][C][=C][Ring1][=Branch1][F],2646,21427589,4.2192,227.3
1602,[C][N][Branch2][Ring1][Ring1],2646,21424943,4.2198,227.4
1603,[C][C][=C][C][Branch1][C][O][=C],2644,21422299,4.2203,227.5
1604,[N][=N][N][Ring1][Branch1],2642,21419657,4.2208,227.6
1605,[N][Branch1][#Branch2][C][C][=C][C][=C][C][=C][Ring1][=Branch1][C][=Branch1][C][=O],2641,21417016,4.2213,227.7
1606,[C@H1][Branch1][=C],2639,21414377,4.2218,227.8
1607,[O][=C][Branch2][Ring1][=N],2639,21411738,4.2224,227.9
1608,[C][C][=Branch1][C][=O][N][C][=C][C][=C][Branch2][Ring1],2639,21409099,4.2229,228
1609,[=Ring1][#Branch2],2637,21406462,4.2234,228.1
1610,[/C][=Branch1][P],2631,21403831,4.2239,228.2
1611,[C][=C][C][=C][Branch1][=Branch1][C][=C][Ring1][=Branch1],2631,21401200,4.2244,228.3
1612,[O][C][C][C][C][C][C],2630,21398570,4.225,228.4
1613,[Ring1][Branch1][=O],2629,21395941,4.2255,228.5
1614,[N][C][=C][Branch1][C][C],2627,21393314,4.226,228.6
1615,[S][Ring1][#C],2623,21390691,4.2265,228.7
1616,[N][C][=C][Branch1][C][Cl],2622,21388069,4.227,228.8
1617,[C][=N][C][=C][C][=C][Ring1][=Branch1],2622,21385447,4.2275,228.9
1618,[N][N][=C][Branch1][C][C],2619,21382828,4.2281,229
1619,[NH1][N][=Ring1][Branch1],2618,21380210,4.2286,229.1
1620,[C][C][C][N][Branch1][Ring2],2616,21377594,4.2291,229.2
1621,[=Branch1][N][C][C],2615,21374979,4.2296,229.3
1622,[C@H1][Ring1][Branch2],2612,21372367,4.2301,229.4
1623,[N][C][=C][C][=C][C][=C][Ring1][=Branch1][C],2608,21369759,4.2307,229.6
1624,[O][Ring2][Ring1][#Branch2],2605,21367154,4.2312,229.7
1625,[C][N][C][=C][C][=C],2603,21364551,4.2317,229.8
1626,[C][Branch1][=Branch1][C][Branch1][C][N][=O],2603,21361948,4.2322,229.9
1627,[C][NH1][C][=N],2602,21359346,4.2327,230
1628,[C@@H1][Ring1][=N],2594,21356752,4.2332,230.1
1629,[C][=Ring1][#C],2591,21354161,4.2337,230.2
1630,[C][Ring2][Ring1][Branch2][=O],2590,21351571,4.2343,230.3
1631,[C][=Branch1][C][=O][N][O],2588,21348983,4.2348,230.5
1632,[C][C@H1][Ring1][Branch1][C][=Branch1][C][=O],2585,21346398,4.2353,230.6
1633,[Branch1][C][Cl][C][=C][Ring1][Branch2],2580,21343818,4.2358,230.7
1634,[C][C][N][=C],2579,21341239,4.2363,230.8
1635,[C][=C][C][Branch1][Branch2],2578,21338661,4.2368,230.9
1636,[N][C][=N][C][=C][S][Ring1][Branch1],2577,21336084,4.2373,231
1637,[/C][=C][\C][=Branch1][C][=O],2571,21333513,4.2378,231.1
1638,[C][Ring2][Ring1][#Branch1][=O],2567,21330946,4.2383,231.2
1639,[C][=C][C][Branch1][=Branch2][C][Branch1][C][F][Branch1][C][F][F][=C][C][Branch1][=Branch2][C][Branch1][C][F][Branch1][C][F][F][=C][Ring1][=C],2565,21328381,4.2389,231.3
1640,[C][=C][C][=C][C][Branch1][C][O][=C][Ring1][#Branch1],2564,21325817,4.2394,231.4
1641,[C][C][Branch1][=Branch2],2563,21323254,4.2399,231.5
1642,[=Ring1][O],2561,21320693,4.2404,231.6
1643,[C][C][C][C][C][C][C][C][C][C][C][C][C][C],2560,21318133,4.2409,231.7
1644,[Ring1][P][=O],2558,21315575,4.2414,231.8
1645,[C@@H1][Branch2][Ring1][Ring2],2552,21313023,4.2419,231.9
1646,[=Ring1][=N],2551,21310472,4.2424,232
1647,[N][=C][Ring2][Ring1][=Branch2],2546,21307926,4.2429,232.1
1648,[N][C][C][Ring1][=Branch1],2542,21305384,4.2434,232.2
1649,[O][=C][Branch2][Ring1][#C],2542,21302842,4.2439,232.3
1650,[=C][Ring2][Ring2][Ring1],2540,21300302,4.2444,232.5
1651,[Branch2][C],2537,21297765,4.245,232.5
1652,[C@@H1][Branch1][Ring2],2537,21295228,4.2455,232.7
1653,[N][=C][N][Ring1][Branch1][C][C],2537,21292691,4.246,232.7
1654,[C][O][C][=C][C][=C][Branch2][Ring1][P],2534,21290157,4.2465,232.8
1655,[C][C][C][C][Branch1],2532,21287625,4.247,232.9
1656,[C][C][Branch1][C][O][C],2530,21285095,4.2475,233
1657,[C][=C][C][Branch1][=Branch1][N+1][=Branch1][C][=O][O-1][=C][C][=C][Ring1][=Branch2],2524,21282571,4.248,233.1
1658,[Branch2][Ring2][=C],2521,21280050,4.2485,233.2
1659,[C][=C][C][=C][Branch2][Ring2][Ring1],2520,21277530,4.249,233.3
1660,[C][=C][C][=C][C][=C][Ring2][Ring1],2518,21275012,4.2495,233.4
1661,[Branch1][C][N][C],2514,21272498,4.25,233.5
1662,[N][C][=Branch1][C][=O][C][=C][C][=C][O][Ring1][Branch1],2513,21269985,4.2505,233.6
1663,[S][Ring1][O],2511,21267474,4.251,233.7
1664,[C][C][Branch1][C][C][Branch1][C][C][O][C][=Branch1][C][=O],2511,21264963,4.2515,233.8
1665,[=C][Branch1][=Branch2][C][=C][C][=C][C][=C][Ring1][=Branch1],2511,21262452,4.252,233.9
1666,[N][Branch1][=Branch2][C][C][=C][C][=C],2507,21259945,4.2525,234
1667,[C][C][Branch1][C][C][=N],2506,21257439,4.253,234.1
1668,[C][N][C][=C][Branch2][Ring2],2505,21254934,4.2535,234.2
1669,[C][C][=Branch1][C][=O][N][Branch1],2503,21252431,4.254,234.3
1670,[C][S][C][=C][C][=Ring1][Branch1],2501,21249930,4.2545,234.4
1671,[O][=C][Branch2][Ring1][=C],2500,21247430,4.255,234.5
1672,[S][Ring1][=C],2493,21244937,4.2555,234.6
1673,[C][=C][N][=C][N][=C][Ring1][=Branch1],2489,21242448,4.256,234.7
1674,[C][C][Branch1][C][C][C][C][=Branch1][C][=O],2488,21239960,4.2565,234.8
1675,[#C][C][C][=C][NH1][C][=C][C][=C][C][=C][Ring1][=Branch2][Ring1][=Branch1][C][=Branch1][C][=O],2487,21237473,4.257,234.9
1676,[C][C][C][C][C][C][Ring1][=Branch1][C],2484,21234989,4.2575,235
1677,[C][=C][Ring1][Branch1][C],2483,21232506,4.258,235.1
1678,[#Branch1][C][=Branch1][C][=O][O][C],2479,21230027,4.2585,235.2
1679,[C][=C][C][=C][C][=C][Ring1][=Branch2][Ring1][=Branch1][C],2474,21227553,4.259,235.3
1680,[O][C][C][=C][C][=C][C][=C][Ring1][=Branch1][C],2473,21225080,4.2595,235.4
1681,[=Branch1][C][=Branch1][C][=N][N],2473,21222607,4.26,235.5
1682,[N+1][=C],2472,21220135,4.2605,235.6
1683,[Branch2][Branch1][Ring1],2466,21217669,4.261,235.7
1684,[C@@H1][Ring1][#C],2466,21215203,4.2615,235.8
1685,[C@][Branch1][C][C][C],2465,21212738,4.262,235.9
1686,[N][C][C][C][C@@H1],2465,21210273,4.2625,236
1687,[C][C][=N][N][Branch1],2464,21207809,4.263,236.1
1688,[C][=C][C][=C][Branch1][C][Br],2464,21205345,4.2635,236.2
1689,[C][O][C][=C][C][=C][Branch2][Ring1][#Branch1],2462,21202883,4.2639,236.3
1690,[C][C][Ring2][Ring1][S],2461,21200422,4.2644,236.4
1691,[C][=C][Branch1][C][C][C][=C][Ring1][Branch2],2459,21197963,4.2649,236.5
1692,[Ring2][Ring1][Ring1][=O],2459,21195504,4.2654,236.6
1693,[C][Branch1][=Branch2][C][Branch1][C][C][Branch1][C][C],2458,21193046,4.2659,236.7
1694,[C][=C][Ring2][Ring1][#Branch1][O][C],2458,21190588,4.2664,236.8
1695,[C][=C][C][C@@H1],2457,21188131,4.2669,236.9
1696,[C][=Branch1][C][=O][N][C][C][=Branch1][C][=O],2455,21185676,4.2674,237
1697,[C][C][=Branch1][C][=O][O][C][C],2454,21183222,4.2679,237.1
1698,[C][O][C][=C][C][=C][Branch2][Ring1][=N],2454,21180768,4.2684,237.2
1699,[C][=C][C][=C][Branch1][=Branch2][C][=C][C][=C][C][=C][Ring1][=Branch1][C][=C][Ring1],2450,21178318,4.2689,237.3
1700,[C][O][C][=C][C][=C][Branch2][Ring1][Branch2],2449,21175869,4.2694,237.4
1701,[C][O][C][=C][C][=C][NH1],2448,21173421,4.2699,237.5
1702,[C][C][C@@H1][Branch1][C][C],2448,21170973,4.2704,237.6
1703,[C][C][Branch1][C][C][N][C][=Branch1][C][=O],2447,21168526,4.2709,237.7
1704,[O][=C][C][C],2445,21166081,4.2714,237.8
1705,[C][=Branch1][C][=O][N][C][Branch1],2444,21163637,4.2719,237.9
1706,[O][O][C][C],2440,21161197,4.2723,238
1707,[C][O][C][=C][C][Branch1][C],2439,21158758,4.2728,238.1
1708,[C][Branch1][=Branch2][C][=C][C][=C][C][=N][Ring1][=Branch1],2437,21156321,4.2733,238.2
1709,[C][C][O][P][=Branch1][C][=O],2436,21153885,4.2738,238.3
1710,[=Branch1][C][C][C][Ring1][Ring1][=N],2435,21151450,4.2743,238.4
1711,[C][C][=C][Branch1][C][O],2434,21149016,4.2748,238.5
1712,[C][=C][N][Branch1][C][C],2434,21146582,4.2753,238.6
1713,[N][C][=Branch1][C][=O][C@H1][Branch1][#Branch2][C][C][=C][C][=C][C][=C][Ring1][=Branch1][N][C][=Branch1][C][=O],2434,21144148,4.2758,238.7
1714,[N][C][C][C][C@H1][Ring1][Branch1][C][=Branch1][C][=O],2434,21141714,4.2763,238.8
1715,[Ring2][Ring2][#C],2433,21139281,4.2768,238.9
1716,[C][C][#C],2432,21136849,4.2773,239
1717,[C][C][Branch1][C][C][C@H1],2426,21134423,4.2778,239.1
1718,[C][=C][N][=C][Ring1][=Branch1],2425,21131998,4.2783,239.2
1719,[N][C][C][C][N],2423,21129575,4.2787,239.3
1720,[Ring2][Ring2][=C],2421,21127154,4.2792,239.4
1721,[Branch2][Ring2][S],2420,21124734,4.2797,239.5
1722,[S][Ring1][P],2419,21122315,4.2802,239.6
1723,[C][=N][C][=C][C][=C][C][=C][Ring1][=Branch1],2418,21119897,4.2807,239.7
1724,[C][=C][C][=C][Branch1][#Branch2][O][C][Branch1][C][F][Branch1][C][F][F][C][=C][Ring1][O],2417,21117480,4.2812,239.8
1725,[N][C][=C][C][=C][C][Branch1][=Branch2][C][Branch1][C][F][Branch1][C][F][F][=C][Ring1][#Branch2],2416,21115064,4.2817,239.9
1726,[C][=C][Ring2][Ring1][=Branch1][O][C],2415,21112649,4.2822,240
1727,[C][C][=C][C][=C][Branch2][Ring1][#Branch1],2413,21110236,4.2827,240.1
1728,[S][S][=Branch1][C][=O][=Branch1][C][=O][N][C][C][C][C][C][Ring1][=Branch1],2412,21107824,4.2832,240.2
1729,[C][=C][Ring2][Ring1][Branch2][O][C],2406,21105418,4.2836,240.3
1730,[C][C][=Branch1][C][=O][N][C][=N],2402,21103016,4.2841,240.4
1731,[C][=C][C][Ring1][Branch1][=C][Ring1][=Branch2],2399,21100617,4.2846,240.6
1732,[Branch2][Ring2][#C],2397,21098220,4.2851,240.7
1733,[N][Ring1][Branch1][C][=Branch1][C][=O],2393,21095827,4.2856,240.8
1734,[C][=C][C][=C][Branch1][Ring1][C][#N],2393,21093434,4.2861,240.9
1735,[C][O][C][=C][C][=C][Branch2][Ring1][=C],2390,21091044,4.2866,241
1736,[Ring1][S][=O],2387,21088657,4.287,241.1
1737,[N][C][=C][C][=C][C][=C][Ring1][=Branch1][C][=Branch1][C][=O],2386,21086271,4.2875,241.2
1738,[C][C][=C][C][=C][Branch1][C][C],2385,21083886,4.288,241.3
1739,[C@@H1][Ring1][S],2385,21081501,4.2885,241.5
1740,[N][=N][NH1][Ring1][Branch1],2385,21079116,4.289,241.6
1741,[C][C][C][=C][S],2382,21076734,4.2895,241.7
1742,[/C][=Branch2][Ring1],2382,21074352,4.29,241.8
1743,[C][=C][Ring2][Ring1][=Branch2][O][C],2377,21071975,4.2904,241.9
1744,[C][Ring1][S][=C][Ring2][Ring1][Ring2],2376,21069599,4.2909,242
1745,[C][C][C][N][Ring1][Branch1],2369,21067230,4.2914,242.1
1746,[C][O][C][=C][C][=C][Branch2][Ring2][#Branch1],2369,21064861,4.2919,242.2
1747,[N][C][C][N],2367,21062494,4.2924,242.3
1748,[N][C][=C][C][=C][Branch1][C][F][C][=C][Ring1][#Branch1][C][C][Ring1][=N],2367,21060127,4.2929,242.5
1749,[N][C][=C][C][=C][C][=N][Ring1][=Branch1],2366,21057761,4.2933,242.6
1750,[=Ring1][#Branch1],2362,21055399,4.2938,242.7
1751,[N][=C][N][Ring1][Branch1][C@@H1],2361,21053038,4.2943,242.8
1752,[O][N][C][C],2357,21050681,4.2948,242.9
1753,[=N][Ring2][Ring1][=N],2357,21048324,4.2953,243
1754,[=N+1][=N-1],2355,21045969,4.2957,243.1
1755,[O][=C][C][=C][C][=C][C][=C][Ring1][=Branch1],2352,21043617,4.2962,243.2
1756,[C][=C][Branch1][C][O][C][=C][C][=C][Ring1][#Branch1],2352,21041265,4.2967,243.3
1757,[S][=Branch1][C][=O][=Branch1][C][=O][C][=C][C][=C][Branch1][C][F][C][=C][Ring1][#Branch1],2349,21038916,4.2972,243.5
1758,[=Branch1][C][Branch1][C][F][F],2340,21036576,4.2977,243.6
1759,[C][N][C][=Branch1][C][=O][C][=C][C][=C],2337,21034239,4.2981,243.7
1760,[/N][=N][/C][=C],2335,21031904,4.2986,243.8
1761,[N][C][=Branch1][C][=O][C@H1][Branch1][#Branch1][C][C][Branch1][C][C][C][N][C][=Branch1][C][=O],2334,21029570,4.2991,243.9
1762,[C][C][=C][O][C][=Ring1][Branch1],2329,21027241,4.2996,244
1763,[C][=C][C][=C][Branch1][Ring1][O][C],2328,21024913,4.3,244.1
1764,[N][C][C][C][Branch1][Branch1][C][C][Ring1][=Branch1],2328,21022585,4.3005,244.2
1765,[C][=C][Branch2][Ring1][=Branch1],2317,21020268,4.301,244.2
1766,[C][C][C][N][Ring1][Branch1][C],2316,21017952,4.3015,244.3
1767,[=C][Branch1][C][F],2315,21015637,4.3019,244.4
1768,[O][C][=C][C][Branch1][C][O][=C],2315,21013322,4.3024,244.5
1769,[=Ring1][=Branch1],2313,21011009,4.3029,244.6
1770,[C][=C][C][=C][Branch2][Ring2][#Branch1],2313,21008696,4.3034,244.7
1771,[C@H1][Branch2][Ring1][Ring2],2311,21006385,4.3038,244.8
1772,[C][C][=C][C][=Branch1][C][=O],2310,21004075,4.3043,245
1773,[Branch1][N][C][=C][C][=C][Branch1][C][Cl][C][=C][Ring1][#Branch1],2303,21001772,4.3048,245.1
1774,[C][=C][C][Branch1][C][C][=C][Ring1][Branch2],2297,20999475,4.3053,245.2
1775,[C][C][=C][C][=C][Branch2][Ring1][#Branch2],2296,20997179,4.3057,245.3
1776,[B][Branch1][C][O],2293,20994886,4.3062,245.4
1777,[Ring2][Ring1][Ring2][=O],2292,20992594,4.3067,245.5
1778,[C][=C][Ring2][Ring1][#Branch2][O][C],2292,20990302,4.3071,245.6
1779,[N][C][=C][C][=C][Branch1][=Branch1][N+1][=Branch1][C][=O][O-1][C][=C][Ring1][=Branch2],2287,20988015,4.3076,245.7
1780,[C][C][C][C][C][C][Ring1],2286,20985729,4.3081,245.8
1781,[C][=C][Branch1][C][N][N][=C][N][=C][Ring1][#Branch1][Ring1][#Branch2],2284,20983445,4.3085,245.9
1782,[=N][C][=Ring2],2283,20981162,4.309,246
1783,[=C][N][=C],2282,20978880,4.3095,246.1
1784,[C][O][C][=Branch1][C][=O][C][=C][C][=C][C][=C][Ring1][=Branch1],2282,20976598,4.3099,246.2
1785,[O][=C][Branch2][Ring1][S],2282,20974316,4.3104,246.3
1786,[O][C][#C],2280,20972036,4.3109,246.4
1787,[C@@][Branch1][C][O],2279,20969757,4.3114,246.5
1788,[C][C][=Branch1][C][=O][NH1],2278,20967479,4.3118,246.6
1789,[C][NH1][N][=C],2278,20965201,4.3123,246.7
1790,[C][O][C][=C][C][=C][Branch2][Ring2][=Branch2],2276,20962925,4.3128,246.8
1791,[C][=C][C][Branch2][Ring1][#Branch1],2271,20960654,4.3132,246.9
1792,[=N][Ring2][Ring1][N],2269,20958385,4.3137,247
1793,[C][=Branch1][C][=O][NH1][C][Ring1][#Branch1][=O],2265,20956120,4.3142,247.1
1794,[=C][C][=C][C][=C],2263,20953857,4.3146,247.2
1795,[C][O][C][=C][C][=C][Branch2][Ring1][Ring2],2263,20951594,4.3151,247.3
1796,[=N][N][C][=C],2262,20949332,4.3156,247.4
1797,[Branch1][C][O][C][O],2261,20947071,4.316,247.5
1798,[C][C][C@][Branch1],2259,20944812,4.3165,247.6
1799,[=C][Ring2][Ring2][C],2258,20942554,4.317,247.8
1800,[C][=N][C][=C][Branch1],2255,20940299,4.3174,247.9
1801,[C][=Branch1][C][=O][N][Branch1][C][C][C],2254,20938045,4.3179,248
1802,[C][=N][O],2251,20935794,4.3183,248.1
1803,[Ring2][Ring2][O],2250,20933544,4.3188,248.2
1804,[=N][Ring2][Ring1][=C],2249,20931295,4.3193,248.3
1805,[C][=C][C][Branch2][Ring1][Branch2],2249,20929046,4.3197,248.4
1806,[C][C][=C][C][=C][Branch2][Ring1][Ring2],2248,20926798,4.3202,248.5
1807,[C][O][C][=C][C][=C][Branch2][Ring1][S],2246,20924552,4.3207,248.6
1808,[O][C][C][=C][C][=C][C][=C][Ring1][=Branch1][Cl],2246,20922306,4.3211,248.7
1809,[C][=C][C][=C][Ring1][=Branch1][C][=Branch1][C][=O],2246,20920060,4.3216,248.8
1810,[Branch1][C][Cl][Cl],2245,20917815,4.3221,248.9
1811,[=C][C][=C][Ring2][Ring1][Ring1],2245,20915570,4.3225,249
1812,[C][C][N][Branch1][=Branch2],2243,20913327,4.323,249.1
1813,[N][C][=Branch1][C][=O][C@H1][Branch1][#Branch2][C][C][=C][C][=C][C][=C][Ring1][=Branch1],2242,20911085,4.3234,249.2
1814,[C][C][C@H1][Branch1][C][C][C@H1],2241,20908844,4.3239,249.3
1815,[C][Branch1][C][C][C][C][Ring1][#Branch1],2239,20906605,4.3244,249.4
1816,[C][=C][C][Branch1][Ring1][O][C][=C][C][=C][Ring1][Branch2],2239,20904366,4.3248,249.5
1817,[N][C][=C][Branch2][Ring1],2236,20902130,4.3253,249.6
1818,[C@H1][Ring1][=C],2235,20899895,4.3258,249.7
1819,[O][C][=C][N][=C],2234,20897661,4.3262,249.8
1820,[C][=C][C][=C][Branch1][=Branch1][N][Branch1][C][C][C][C][=C][Ring1][=Branch2],2233,20895428,4.3267,250
1821,[N][C][Branch2][Ring1],2232,20893196,4.3272,250.1
1822,[=C][Branch1][Ring1][C][#N],2232,20890964,4.3276,250.2
1823,[C][C][Ring1][O],2231,20888733,4.3281,250.3
1824,[N][C][=C][C][=C][Ring1][Branch1],2231,20886502,4.3285,250.4
1825,[C][=C][Branch1][Ring1][O][C][C],2230,20884272,4.329,250.5
1826,[C][Branch2][Ring2][#Branch1],2228,20882044,4.3295,250.6
1827,[/C][=Branch1][Ring1][=N][/O],2224,20879820,4.3299,250.7
1828,[C][O][C][=C][C][=C][C][=Branch1][Ring2][=C][Ring1][=Branch1][C],2221,20877599,4.3304,250.8
1829,[C@@H1][C][C][C][N][Ring1][Branch1][C][=Branch1][C][=O],2221,20875378,4.3308,250.9
1830,[Branch2][Ring2][P],2216,20873162,4.3313,251.1
1831,[C][=C][Branch1][C][C][C@@H1],2216,20870946,4.3318,251.2
1832,[C][Ring1][P][=C][Ring2][Ring1][Branch1],2215,20868731,4.3322,251.3
1833,[C][=C][C][Branch1][Ring1][C][#N][=C],2212,20866519,4.3327,251.3
1834,[C][N][Branch2][Ring1][Ring2],2209,20864310,4.3331,251.4
1835,[=C][\C][=C][C][=C],2209,20862101,4.3336,251.5
1836,[O][C][C][C][N][C][C],2208,20859893,4.3341,251.6
1837,[C][=C][Ring2][Ring1][Branch1][O][C],2208,20857685,4.3345,251.7
1838,[O][=C][Branch2][Branch1],2207,20855478,4.335,251.8
1839,[S][Ring1][N],2206,20853272,4.3354,251.9
1840,[C][=Ring1][P],2205,20851067,4.3359,252
1841,[C][C][C][C][C][Ring1][=Branch1],2204,20848863,4.3364,252.1
1842,[O][C][C][=Branch1][C][=O][O],2204,20846659,4.3368,252.2
1843,[O][C][=Branch1][C][=O][C@H1][Branch1][C][C],2203,20844456,4.3373,252.4
1844,[N][Branch1][=Branch2][C][=C][C][=C][C][=C][Ring1][=Branch1][C][=Branch1][C][=O],2203,20842253,4.3377,252.5
1845,[C][=C][C][=C][C][=C][Ring1][=Branch1][C][Ring1][O][=O],2202,20840051,4.3382,252.6
1846,[Ring2][Ring2][S],2201,20837850,4.3386,252.7
1847,[N][N][C][=N],2201,20835649,4.3391,252.7
1848,[C][N][C][=N][C][Branch1],2201,20833448,4.3396,252.8
1849,[N][C][C][C][Branch2][Ring1],2200,20831248,4.34,252.9
1850,[C][C][=C][C][=C][Branch1][=Branch1][N+1][=Branch1][C][=O][O-1][C][=C][Ring1][=Branch2],2199,20829049,4.3405,253
1851,[C][Cl],2198,20826851,4.3409,253.1
1852,[C][=C][C][=C][Branch2][Ring2][Branch2],2197,20824654,4.3414,253.2
1853,[#Branch2][C][C][C][N][=C][Branch1][C][N],2192,20822462,4.3418,253.3
1854,[C@][Branch1][C][O],2188,20820274,4.3423,253.4
1855,[=C][Ring1][O][=C],2186,20818088,4.3428,253.5
1856,[=N][\O],2182,20815906,4.3432,253.6
1857,[C][O][C][=C][C][Branch2][Branch1],2181,20813725,4.3437,253.7
1858,[C][C][=Branch1][C][=O][N][C][C][C][C],2180,20811545,4.3441,253.8
1859,[N][C][C][=C][Branch1],2180,20809365,4.3446,253.9
1860,[N][=N][Ring1][=N],2179,20807186,4.345,254
1861,[C@H1][Ring1][=N],2178,20805008,4.3455,254.1
1862,[C@][Ring2][Ring1],2177,20802831,4.3459,254.2
1863,[C][=C][Ring2][Ring2][=Branch2],2176,20800655,4.3464,254.3
1864,[C@@H1][Ring1][=Branch2],2174,20798481,4.3469,254.4
1865,[C][C][=C][NH1][C][=N][Ring1][Branch1],2174,20796307,4.3473,254.5
1866,[C][O][C][=C][C][=C][Branch2][Ring2][#Branch2],2172,20794135,4.3478,254.6
1867,[C][=C][Ring2][Ring1][O][O][C],2171,20791964,4.3482,254.7
1868,[N][=C][Ring2][Ring1][Branch2],2168,20789796,4.3487,254.8
1869,[N][=Ring1][Branch1],2165,20787631,4.3491,255
1870,[C][=C][C][Branch1][C][F],2164,20785467,4.3496,255
1871,[C][=Branch1][C][=O][N][C][Ring1][=Branch1][=O],2164,20783303,4.35,255.2
1872,[C][=C][Branch1][=Branch1][C],2157,20781146,4.3505,255.3
1873,[C][Branch1][C][I],2153,20778993,4.3509,255.4
1874,[C][Ring2][Ring1][C][=C][Ring2][Ring1][=Branch1],2148,20776845,4.3514,255.5
1875,[N][Branch2][Ring1][Branch2],2143,20774702,4.3518,255.6
1876,[Ring2][Ring1][Ring1][C],2143,20772559,4.3523,255.7
1877,[N][Ring2][Ring1][#Branch2],2143,20770416,4.3527,255.8
1878,[N][N][=C][Branch2][Ring1],2140,20768276,4.3532,255.9
1879,[C][N][N][=C][Branch1],2138,20766138,4.3536,256
1880,[C][O][C][=C][C][=C][N][=C],2137,20764001,4.3541,256.1
1881,[C][=Ring1][=C],2136,20761865,4.3545,256.2
1882,[C][=C][Ring1][O][=C],2135,20759730,4.355,256.3
1883,[=N][Ring2][Ring1][#C],2133,20757597,4.3554,256.4
1884,[=Branch1][C][=Branch1][C][=N][N][C][=C][Ring1][=Branch2],2131,20755466,4.3559,256.5
1885,[C][Branch1][=Branch2][C][=C][C][=C][C][=C][Ring1][=Branch1][=C],2130,20753336,4.3563,256.6
1886,[S][S][=Branch1][C][=O][=Branch1][C][=O][C][=C][C][=C][C][=C][Ring1][=Branch1],2127,20751209,4.3568,256.7
1887,[S][Ring1][Branch2],2125,20749084,4.3572,256.7
1888,[C][C][=Branch1][C][=O][N][C][=C][C][=C][Branch1],2125,20746959,4.3577,256.8
1889,[C][Branch1][C][Cl][=C][Ring1][#Branch1][Cl],2125,20744834,4.3581,256.9
1890,[N][O][C][=Branch1][C][=O],2124,20742710,4.3585,257
1891,[#Branch1][C][C][C][C][Ring1][Ring2],2123,20740587,4.359,257.1
1892,[C][O][C][=C][C][=C][Branch1][#Branch1][C][=C][Ring1][=Branch1][O][C][C],2123,20738464,4.3594,257.2
1893,[C][C][C][=Branch1][C][=O][N][C][=C][C][=C],2122,20736342,4.3599,257.3
1894,[Branch2][Branch1][C][C],2121,20734221,4.3603,257.4
1895,[Branch1][Ring1][O][C][=C][Ring1][=Branch2],2120,20732101,4.3608,257.5
1896,[C][Ring2][Ring1][N],2118,20729983,4.3612,257.6
1897,[C][C][N][Branch2][Ring2],2112,20727871,4.3617,257.7
1898,[O][P][=Branch1][C][=O][Branch1][C][O][O],2109,20725762,4.3621,257.8
1899,[\C][#N],2108,20723654,4.3626,257.9
1900,[=C][Ring1][O][C],2108,20721546,4.363,258
1901,[N][=C][N][=C][Ring1],2107,20719439,4.3634,258.1
1902,[C][=C][C][=C][C][Branch2][Ring1][Ring2],2104,20717335,4.3639,258.3
1903,[C][C][=N][N][Branch1][C][C],2103,20715232,4.3643,258.4
1904,[C][C][O][C][=C][C][=C][Branch2][Ring1],2097,20713135,4.3648,258.5
1905,[C][=N][N][=C],2095,20711040,4.3652,258.6
1906,[C][=C][Ring2][Ring2][Branch2],2094,20708946,4.3656,258.7
1907,[#C][C][=C][C][=C][C][=C][C][=C][C][Ring1][=Branch1][=C][Ring1][#Branch2],2094,20706852,4.3661,258.8
1908,[=C][/C],2093,20704759,4.3665,258.9
1909,[N][Branch1][=N][C][C][=C][C][=C],2093,20702666,4.367,259
1910,[/C][=Branch1][Ring1][=N][\O],2092,20700574,4.3674,259.1
1911,[N][C][C][N][Branch2][Ring1][Ring2],2090,20698484,4.3679,259.2
1912,[C][=C][C][Branch1][C][C][=N],2085,20696399,4.3683,259.3
1913,[C][Ring1][#C][=C][Ring2][Ring1][Ring1],2083,20694316,4.3687,259.4
1914,[C@H1][Branch1][C][O][C][Branch1][C][C][Branch1][C][C],2083,20692233,4.3692,259.5
1915,[C@@][Ring2][Ring1],2082,20690151,4.3696,259.6
1916,[C][Branch1][Ring1][C][O],2082,20688069,4.3701,259.7
1917,[C][C][=Branch1][C][=O][N][C][C][=C][C][=C],2081,20685988,4.3705,259.8
1918,[N][C][C][=C][C][=C][Branch1][C][F][C][=C][Ring1][#Branch1],2081,20683907,4.3709,259.9
1919,[C][=Branch1][C][=O][N][C][C][C][C][C][C][Ring1][=Branch1],2081,20681826,4.3714,260
1920,[O][C][=C][C][=N],2078,20679748,4.3718,260.1
1921,[C][Ring2][Ring1][=Branch2][=O],2078,20677670,4.3723,260.2
1922,[Branch1][C][C][Branch1][C][C][C][C],2076,20675594,4.3727,260.3
1923,[C@@][Ring1][#Branch1],2075,20673519,4.3731,260.5
1924,[C][=C][C][Branch2][Ring1][=Branch2],2075,20671444,4.3736,260.6
1925,[C][=C][C][=C][Branch2][Ring2][#Branch2],2075,20669369,4.374,260.6
1926,[C@H1][Ring1][#C],2071,20667298,4.3744,260.7
1927,[C][C][C][Branch1][C][C][Branch1][C][C],2071,20665227,4.3749,260.8
1928,[N][C@H1][C][C][C@H1],2069,20663158,4.3753,260.9
1929,[Ring2][Ring2][P],2068,20661090,4.3758,261.1
1930,[C][=C][C][=C][C][=C][Ring1][=Branch1][Ring1][=N],2066,20659024,4.3762,261.2
1931,[O][=C][Branch1][N][N][C][C],2065,20656959,4.3766,261.3
1932,[Ring1][C][Cl],2059,20654900,4.3771,261.4
1933,[C][=Branch1][C][=O][O][C@H1],2059,20652841,4.3775,261.5
1934,[C][=C][Ring1][=Branch1][C][=N],2059,20650782,4.3779,261.6
1935,[=C][Branch1][C],2058,20648724,4.3784,261.7
1936,[C][=C][Ring1][O][C][C],2058,20646666,4.3788,261.9
1937,[P][N][C][=N],2054,20644612,4.3793,262
1938,[C][N][C][C@@H1],2053,20642559,4.3797,262.1
1939,[C][=C][C][Ring1][=Branch1][=C][Ring1][#Branch2],2053,20640506,4.3801,262.2
1940,[=N][C][C],2052,20638454,4.3806,262.3
1941,[O][C][C][C][O],2052,20636402,4.381,262.4
1942,[Branch1][C][Ring1][=Branch1][=O],2051,20634351,4.3814,262.5
1943,[C][=C][Branch2][Branch1],2050,20632301,4.3819,262.6
1944,[C][C][=C][C][=C][Branch2][Ring1][=Branch2],2050,20630251,4.3823,262.7
1945,[N][C][=C][C][=C][Branch1][=Branch2][C][Branch1][C][F][Branch1][C][F][F][C][=C][Ring1][#Branch2],2049,20628202,4.3827,262.8
1946,[/C][=N][/O],2049,20626153,4.3832,262.9
1947,[C][O][/N][=C],2046,20624107,4.3836,263
1948,[=C][Ring2][Ring2][Ring2],2044,20622063,4.384,263.1
1949,[=C][C][=C][Ring1][O],2041,20620022,4.3845,263.2
1950,[C][/C][=C][/C],2040,20617982,4.3849,263.3
1951,[Ring2][Ring1][Branch1][=O],2040,20615942,4.3853,263.5
1952,[C][O][C][=Branch1][C][=O][N],2039,20613903,4.3858,263.5
1953,[C][C][=Branch1][C][=O][O][C@@H1],2039,20611864,4.3862,263.7
1954,[C][=C][C][=C][Branch2][Ring2][=Branch2],2037,20609827,4.3866,263.8
1955,[O][Ring1][Branch1][C][=Branch1][C][=O],2036,20607791,4.3871,263.9
1956,[O][C][=Branch1][C][=O][NH1],2035,20605756,4.3875,263.9
1957,[C@H1][Branch1][S],2030,20603726,4.3879,264.1
1958,[C][C][C@@H1][Branch1],2030,20601696,4.3884,264.2
1959,[C][=C][Branch1][C][O][C][=C][Ring1][Branch2],2029,20599667,4.3888,264.3
1960,[O][C][Ring1][#Branch2][=O],2027,20597640,4.3892,264.4
1961,[Ring1][=Branch1][C][=Branch1][C][=O][O],2025,20595615,4.3897,264.5
1962,[C][C][C][Ring1][#Branch1],2024,20593591,4.3901,264.6
1963,[O][C][O][C][=C][C][=C][C][=C][Ring1][=Branch1],2024,20591567,4.3905,264.7
1964,[Branch1][=Branch2][C][N][C][=N][C][=N][Ring1][Branch1],2023,20589544,4.391,264.8
1965,[N][C][=C][C][=N][Ring1][Branch1],2022,20587522,4.3914,264.9
1966,[C][=C][Ring2][Ring1][Ring2][O][C],2020,20585502,4.3918,265
1967,[C][=C][C][=C][C][=C][Ring1][#Branch2][Ring1][=Branch1][C],2020,20583482,4.3923,265.1
1968,[C][=Ring1][=Branch1],2019,20581463,4.3927,265.2
1969,[C][=C][C][=N][C][=C][Ring1][=Branch1][C],2019,20579444,4.3931,265.3
1970,[/C][=C][\C][=C],2018,20577426,4.3936,265.4
1971,[C][C][=C][C][Branch1][C][C][=N],2018,20575408,4.394,265.5
1972,[C][C][=C][C][Branch1][C][Cl][=C][C][=C][Ring1][#Branch1],2018,20573390,4.3944,265.6
1973,[N][C][=Branch1][C][=O][C][O][C][=Branch1][C][=O],2016,20571374,4.3948,265.7
1974,[=C][C][=C][Ring2][Ring1][Branch1],2016,20569358,4.3953,265.8
1975,[=C][C][=C][Ring2][Ring1][=Branch2],2014,20567344,4.3957,265.9
1976,[Branch2][C][C][C][Branch1][C][N][=O],2013,20565331,4.3961,266
1977,[N][C][C][C][=C][C][=C][C][=C][Ring1][=Branch1][C][Ring1][#Branch2],2012,20563319,4.3966,266.1
1978,[C][C][C][C][C][Ring1][#Branch1],2009,20561310,4.397,266.2
1979,[C][=C][Branch1][N][C][=C][C][=C][Branch1][C][F][C][=C][Ring1][#Branch1],2009,20559301,4.3974,266.3
1980,[C][=C][C][N][C][=Branch1][C][=O],2007,20557294,4.3979,266.4
1981,[C][C][Branch1][C][C][C][C@@H1],2007,20555287,4.3983,266.5
1982,[N][C][C][=C][C][=C][N][=C][Ring1][=Branch1],2005,20553282,4.3987,266.6
1983,[C@@H1][C][C][C][C],2004,20551278,4.3991,266.7
1984,[N][=C][Ring2][Ring1][#Branch2],2004,20549274,4.3996,266.8
1985,[Cl][C][C],2001,20547273,4.4,266.9
1986,[N][C][=Branch1][C][=O][N][C@@H1][Branch1],2000,20545273,4.4004,266.9
1987,[N][C][=C][C][=C][C][Branch1][C][C][=C][Ring1][#Branch1],1999,20543274,4.4009,267
1988,[C][=C][Ring2][Ring1][N][O][C],1998,20541276,4.4013,267.1
1989,[=N][C][=C][C][=C][Branch1][Ring1][O][C][C][=C][Ring1][Branch2],1996,20539280,4.4017,267.2
1990,[C@@H1][Ring1][P],1995,20537285,4.4021,267.3
1991,[C][=C][C][=C][Branch1][=Branch2][N][C][C][O][C][C][Ring1][=Branch1],1995,20535290,4.4026,267.5
1992,[C][N][C][=Branch1][C][=S],1995,20533295,4.403,267.5
1993,[O][/N][=C],1994,20531301,4.4034,267.6
1994,[C][=C][C][Branch1][=Branch1][C][=Branch1][C][=O][O][=C],1994,20529307,4.4039,267.7
1995,[C][O][C][=C][C][=C][Branch2][Ring2][Branch2],1992,20527315,4.4043,267.8
1996,[O][=C][Branch2][Ring1][P],1990,20525325,4.4047,267.9
1997,[C][=C][C][Branch2][Ring1][#Branch2],1987,20523338,4.4051,268
1998,[C][O][C][=Branch1][C][=O][C][=C][Branch1][C][C],1986,20521352,4.4056,268.1
1999,[N][C][C][C][C][C][Ring1][=Branch1][C],1984,20519368,4.406,268.2
2000,[C][C][C][C][C][N][C][=Branch1][C][=O],1982,20517386,4.4064,268.3
2001,[=C][/C][=C][C][=C],1982,20515404,4.4068,268.4
2002,[C@@][Ring1],1979,20513425,4.4073,268.6
2003,[N][C][C][C][C][C][O][Ring1][Branch1],1972,20511453,4.4077,268.7
2004,[C][=C][C][=C][Branch1][O][O][C][C][=C][C][=C][C][=C][Ring1][=Branch1][C][=C][Ring1][=C],1972,20509481,4.4081,268.8
2005,[S][Ring2][Ring1][Ring2],1970,20507511,4.4085,268.9
2006,[N][C][C][N][Branch1][P],1969,20505542,4.409,269
2007,[C][=C][N][=C][C][=C][Ring1][=Branch1],1967,20503575,4.4094,269.1
2008,[C][C][=C][C][=C][Branch1][Ring1][O][C][C][=C][Ring1][Branch2],1967,20501608,4.4098,269.2
2009,[C][Branch2][Ring2][Branch2],1962,20499646,4.4102,269.3
2010,[C][=C][Ring1][N][C],1959,20497687,4.4106,269.5
2011,[C][=C][C][=C][Ring2][Ring1],1957,20495730,4.4111,269.6
2012,[N][C][C][Branch1][C][O][C],1956,20493774,4.4115,269.6
2013,[C@H1][Branch2][Branch1],1955,20491819,4.4119,269.7
2014,[Branch1][=Branch2][C][=C][C][=C][C][=C][Ring1][=Branch1][C],1955,20489864,4.4123,269.8
2015,[C][C][=C][C][=C][Branch2][Ring2][Ring2],1951,20487913,4.4127,269.9
2016,[C][=N][N][Branch1],1949,20485964,4.4132,270
2017,[C][C][N][Branch1][C][C],1949,20484015,4.4136,270.1
2018,[=C][C][=C][Ring2][Ring1][Branch2],1947,20482068,4.414,270.3
2019,[N][=C][Branch1][C][N][C][=C][C][=C],1947,20480121,4.4144,270.4
2020,[N][C][C][C][=C][C][=C][C][=C][Ring1][=Branch1],1946,20478175,4.4148,270.5
2021,[Branch1][Ring1][C][#N],1946,20476229,4.4153,270.6
2022,[P][Ring1][=Branch1],1945,20474284,4.4157,270.7
2023,[S][S][=Branch1][C][=O][=Branch1][C][=O][N][C][C][O][C][C][Ring1][=Branch1][C][=C][Ring1][#C],1943,20472341,4.4161,270.8
2024,[O][Ring2][Ring1][O],1942,20470399,4.4165,270.8
2025,[C][C][C][C][Ring1][Ring2],1942,20468457,4.4169,270.9
2026,[C][C][=C][C][=C][Branch2][Ring1][Ring1],1941,20466516,4.4174,271
2027,[C][C][=C][C][=C][S][Ring1][Branch1],1941,20464575,4.4178,271.1
2028,[N][C][=Branch1][C][=O][C][Branch1],1940,20462635,4.4182,271.3
2029,[=N][Ring2][Ring1][S],1937,20460698,4.4186,271.4
2030,[O][=C][Branch2][Ring2][Ring1],1937,20458761,4.419,271.5
2031,[C][=Branch1][C][=O][N][/N][=C][/C][=C],1936,20456825,4.4195,271.6
2032,[C][C][=C][C][=C][Branch2][Ring1][Branch2],1935,20454890,4.4199,271.7
2033,[C][N][Branch1][C][C][C][C][Ring1][#Branch1],1935,20452955,4.4203,271.8
2034,[C][=C][C][=C][C][=C][C][=C][C][=C][Ring1][#Branch2][Ring1][=Branch1],1935,20451020,4.4207,271.9
2035,[C][C][S][C][=N],1934,20449086,4.4211,272
2036,[N][Branch1][#Branch1][C][C][Branch1][C][C],1934,20447152,4.4215,272.1
2037,[C][=C][C][Branch1][C][F][=C][C][Branch1][C][F][=C][Ring1][Branch2],1933,20445219,4.422,272.2
2038,[C][N][C][=C][Branch1],1932,20443287,4.4224,272.3
2039,[N][C][=C][C][=C][C][=C][Ring1][=Branch1][Cl],1930,20441357,4.4228,272.4
2040,[C][=C][C][=C][Ring1][=Branch2],1928,20439429,4.4232,272.5
2041,[C][Ring2][Ring1][#Branch2][=O],1927,20437502,4.4236,272.6
2042,[C][C][C][S],1925,20435577,4.424,272.7
2043,[C][=N][N][=C][Branch1],1923,20433654,4.4245,272.8
2044,[Ring1][S][C],1923,20431731,4.4249,272.9
2045,[=C][C][=C][Ring1][N],1923,20429808,4.4253,273
2046,[C][Branch2][Ring2][#Branch2],1922,20427886,4.4257,273.1
2047,[O][=S][=Branch1][C][=O][Branch1],1922,20425964,4.4261,273.2
2048,[C][=C][Ring2][Ring1][C][C],1921,20424043,4.4265,273.3
2049,[N][Ring1][O][C],1918,20422125,4.427,273.4
2050,[N][C][=C][C][=C][Branch1][P],1916,20420209,4.4274,273.5
2051,[F][C][=Branch1][C][=O],1915,20418294,4.4278,273.6
2052,[C][=C][Branch1][=Branch2][N][C][C][O][C][C][Ring1][=Branch1],1915,20416379,4.4282,273.7
2053,[C][=C][N][Ring1][Branch1][C],1914,20414465,4.4286,273.8
2054,[C][=C][C][Branch1][=Branch2][C][Branch1][C][C][Branch1][C][C],1914,20412551,4.429,273.9
2055,[C][Branch2][Ring2][=Branch2],1913,20410638,4.4295,274
2056,[O][C][C][=N][N][Branch1][C][C][C][=Ring1][=Branch1],1912,20408726,4.4299,274.1
2057,[N][=N][NH1][N][=Ring1][Branch1],1912,20406814,4.4303,274.2
2058,[C][Branch1][C][F][=C][C][=C][Ring1][#Branch1],1911,20404903,4.4307,274.3
2059,[C][C][=Branch1][C][=O][N][Branch1][C][C],1910,20402993,4.4311,274.4
2060,[C][N][Branch1][#Branch2],1910,20401083,4.4315,274.5
2061,[C][=Branch1][C][=O][N][C@@H1][Branch1][#Branch2][C][C][=C][C][=C][C][=C][Ring1][=Branch1][C][=Branch1][C][=O],1910,20399173,4.4319,274.6
2062,[C][C][=C][C][=C][C][=N][Ring1][=Branch1],1908,20397265,4.4324,274.7
2063,[C][O][C][=C][C][=C][Branch2][=Branch1],1908,20395357,4.4328,274.8
2064,[O][=C][Branch2][Ring1][N],1907,20393450,4.4332,274.9
2065,[S][C][C][=C][C][=C][C][=C][C][=C][C][Ring1][=Branch1][=C][Ring1][#Branch2],1906,20391544,4.4336,275
2066,[Branch2][C][=Branch1][C][=O][O][C][C],1906,20389638,4.434,275.1
2067,[C@H1][C][C][C][C],1904,20387734,4.4344,275.2
2068,[=Ring2][Ring1][#Branch1],1904,20385830,4.4348,275.3
2069,[Branch1][C][C][C][=Branch1][C][=O],1901,20383929,4.4353,275.4
2070,[NH1][Ring1][O],1901,20382028,4.4357,275.6
2071,[=Branch1][N][Branch1][C][C][C][C@H1][Ring1][#Branch2],1901,20380127,4.4361,275.7
2072,[=C][Ring1][O][C][C],1898,20378229,4.4365,275.8
2073,[O][C@@H1][O][C@H1][Branch1][C][C][C][C@H1][Branch1],1896,20376333,4.4369,275.8
2074,[N][=C][C][=C][C][=C],1895,20374438,4.4373,276
2075,[N][C][C][=C][C][=C][Branch1][C][Cl][C][=C][Ring1][#Branch1],1895,20372543,4.4377,276
2076,[C][O][C][=C][C][=C][Branch1][C][F][C][=C][Ring1][#Branch1],1894,20370649,4.4382,276.1
2077,[C][N][Branch1][P],1893,20368756,4.4386,276.2
2078,[=C][C][Branch1][C],1891,20366865,4.439,276.3
2079,[N][C][Branch1][C][C][C],1890,20364975,4.4394,276.5
2080,[C][O][C][=C][C][=C][C][=C][Ring1][=Branch1][N][C][C][N][Branch2][Ring1],1890,20363085,4.4398,276.6
2081,[=Branch1][C][C][C][C][N][C][=Branch1][C][=O],1888,20361197,4.4402,276.7
2082,[C][C@H1][Ring1][Branch1][C],1887,20359310,4.4406,276.8
2083,[C][Branch1][C][F][Branch1][C][F][C][Branch1][C][F][Branch1][C][F],1886,20358246,4.4409,276.9
2084,[C][Ring1][=Branch1][C][=Branch1][C][=O],1883,20356363,4.4413,277
2085,[N][C][C][N][Branch1][=Branch2][C][=C][C][=C][C][=C][Ring1][=Branch1][C][C][Ring1][N],1881,20354482,4.4417,277.1
2086,[=C][C][=C][C][=C][C][=C][Ring1][=Branch1],1880,20352602,4.4421,277.3
2087,[/C][=C][/C@H1],1880,20350722,4.4425,277.4
2088,[/C][=C][\C][/C][=C][\C],1879,20349606,4.4427,277.5
2089,[O][C][=C][C][=C][Branch1][P],1876,20347730,4.4431,277.6
2090,[C][O][C][=C][C][=C][C][Branch2][Branch1],1874,20345856,4.4436,277.7
2091,[=Ring1][#C],1872,20343984,4.444,277.8
2092,[S][Ring2][Ring1][Ring1],1872,20342112,4.4444,277.9
2093,[C][C][Branch1][C][C][C][=N],1869,20340243,4.4448,278
2094,[C][Ring2][Ring1][O][=O],1867,20338376,4.4452,278.1
2095,[N][=C][Branch1][C][O],1865,20336511,4.4456,278.2
2096,[C][N][Branch1][C][C][S][=Branch1][C][=O][=Branch1][C][=O],1863,20334648,4.446,278.4
2097,[N][C][C][C][C][Ring1][Branch1][C][C],1863,20332785,4.4464,278.5
2098,[O][Ring2][Ring1][=C],1862,20330923,4.4468,278.6
2099,[C][=C][Branch1][N][NH1],1862,20329061,4.4472,278.7
2100,[O][C][O][Ring1][=Branch1][C],1862,20327199,4.4476,278.8
2101,[C][=C][C@@H1],1861,20325338,4.448,278.9
2102,[C][Ring2][Ring1][Ring2][=C][Ring2][Ring1][Branch2],1859,20323479,4.4485,279
2103,[C@][Ring1],1856,20321623,4.4489,279.1
2104,[C@][Ring1][#C],1856,20319767,4.4493,279.2
2105,[O][=C][Branch1][Ring1][N],1856,20317911,4.4497,279.3
2106,[Ring1][C][#N][=C][Ring1][Branch2],1856,20316055,4.4501,279.4
2107,[C][=Ring2][Ring1][Ring1],1856,20314199,4.4505,279.5
2108,[N][C][=C][C][=C][Branch1][C][Cl][C][Branch1][C][Cl][=C][Ring1][Branch2],1855,20312344,4.4509,279.6
2109,[Branch1][C][F][C][=C][Ring1][Branch2],1854,20310490,4.4513,279.8
2110,[Branch1][C][N][N][=C][Ring1][#Branch1],1854,20308636,4.4517,279.8
2111,[N][C][=C][C][=N][C][=C][C][Branch1][C][Cl][=C][C][=C][Ring1][O][Ring1][#Branch1],1854,20306782,4.4521,280
2112,[C@H1][Branch1][Branch2],1853,20304929,4.4525,280.1
2113,[C][=C][C][Branch2][Ring1][Branch1],1851,20303078,4.4529,280.2
2114,[C][N][Branch1][#Branch1][C@H1][Branch1][C][C],1851,20301227,4.4533,280.3
2115,[C][=Ring2][Ring1][Ring2],1849,20299378,4.4537,280.4
2116,[=C][C][=N][C][=C][C][=C][C][=C][Ring1][=Branch1][NH1][Ring1][=Branch2],1849,20297529,4.4541,280.5
2117,[N][=N+1][=N-1],1848,20295681,4.4545,280.6
2118,[C][C][=C][C][=C][Branch2][Ring1][#C],1847,20293834,4.4549,280.7
2119,[C][=Branch1][C][=O][N][Ring1][Branch2],1847,20291987,4.4554,280.8
2120,[O][C][C@H1][O][C@@H1][Branch1],1847,20290140,4.4558,280.9
2121,[N][C@@H1][C][C],1846,20288294,4.4562,281
2122,[C][C][=C][C][=C][Branch2][Ring2][Ring1],1845,20286449,4.4566,281.1
2123,[C][C][Ring2][Ring1][P],1843,20284606,4.457,281.2
2124,[C][=C][Ring2][Ring1][Ring1][O][C],1842,20282764,4.4574,281.3
2125,[O][C@][Branch1][C][C],1842,20280922,4.4578,281.4
2126,[C][#C][C][=C][C][=C],1842,20279080,4.4582,281.5
2127,[N][C@H1][Branch2][Ring1],1840,20277240,4.4586,281.6
2128,[=C][C][=Branch1][C][=O][N],1839,20275401,4.459,281.7
2129,[C][=C][Ring2][Branch1],1838,20273563,4.4594,281.8
2130,[O][=C][Branch1][#Branch2][N][C][=C][C][=C][C][=C][Ring1][=Branch1],1838,20271725,4.4598,281.9
2131,[C][Ring2][Ring1][Branch1][=C][Ring2][Ring1][=Branch2],1833,20269892,4.4602,282
2132,[C][=C][Branch2][Ring1][#C],1830,20268062,4.4606,282.1
2133,[C][C][C][N][C][C][Ring1][=Branch1],1830,20266232,4.461,282.2
2134,[O][N][=Ring2],1827,20264405,4.4614,282.3
2135,[C][/C],1826,20262579,4.4618,282.4
2136,[Branch1][C][F][C][Branch1][C][Cl][=C][Ring1][Branch2],1825,20260754,4.4622,282.6
2137,[C][=N][C][Branch1][S],1823,20258931,4.4626,282.7
2138,[Ring2][Branch1][Ring2],1823,20257108,4.463,282.8
2139,[N][=C][Branch1][=Branch2][C][=C][C][=C][C][=C][Ring1][=Branch1][C],1823,20255285,4.4634,282.9
2140,[C][C@H1][Branch1][C][C],1820,20253465,4.4638,282.9
2141,[O][=C][Branch2][Ring2][Ring2],1819,20251646,4.4642,283
2142,[N][=N][N][Ring1][Branch1][C],1819,20249827,4.4646,283.2
2143,[C][Ring1][O][=C][Ring1][#C],1819,20248008,4.465,283.3
2144,[N][C][C][N][Branch1][C][C][C][C][Ring1][#Branch1],1819,20246189,4.4654,283.4
2145,[C][C@@H1][Branch1][C][O],1818,20244371,4.4658,283.5
2146,[C][Ring2][Ring1][Ring1][=C][Ring2][Ring1][#Branch1],1817,20242554,4.4662,283.6
2147,[C][C][=C][Branch1][=Branch2],1815,20240739,4.4666,283.7
2148,[Ring2][Ring1][=Branch1][=O],1814,20238925,4.467,283.8
2149,[O][N][C][=N],1811,20237114,4.4674,283.9
2150,[C][C][N][C][=C][Branch1],1811,20235303,4.4678,284
2151,[=Ring1][Branch2],1809,20233494,4.4682,284.1
2152,[/C][=C][/C@@H1],1808,20231686,4.4686,284.2
2153,[C@][Ring1][Branch2],1807,20229879,4.469,284.4
2154,[C][C][=C][C][=C][Branch1][=Branch2][C][=C][C][=C][C][=C][Ring1][=Branch1],1807,20228072,4.4694,284.5
2155,[C][Branch2][Ring1][N],1805,20226267,4.4698,284.5
2156,[C][=Ring1][Branch1][C][C],1805,20224462,4.4702,284.6
2157,[C][=C][Ring2][Ring1][=N][O][C],1805,20222657,4.4706,284.7
2158,[O][Ring2][Ring1][=N],1803,20220854,4.471,284.9
2159,[C][Branch1][C][Br][=C][Ring1][Branch2],1803,20219051,4.4714,285
2160,[O][C][=C][Branch1],1801,20217250,4.4718,285.1
2161,[C][=Branch1][C][=O][O][C@@H1],1801,20215449,4.4722,285.2
2162,[C][C][=N][NH1][C][=Ring1][Branch1],1800,20213649,4.4726,285.3
2163,[=C][S][Ring1][O],1799,20211850,4.473,285.4
2164,[N][C][=Branch1][C][=O][C@@H1][Branch1][C][N],1797,20210053,4.4734,285.5
2165,[C][=C][C][=Branch2],1797,20208256,4.4738,285.6
2166,[C][=Branch1][C][=O][NH1][C][Ring1][Branch2][=O],1797,20206459,4.4742,285.7
2167,[N][Branch1][N][C][C],1796,20204663,4.4746,285.8
2168,[NH1][N][=C],1795,20202868,4.475,285.9
2169,[C][=N][C][Branch1][C],1790,20201078,4.4754,286
2170,[S][=Branch1][C][=O][=Branch1][C][=O][N][Branch1][C][C],1787,20199291,4.4758,286.1
2171,[N][=C][Branch1][C][N][N][=C][Ring1][#Branch1],1787,20197504,4.4762,286.2
2172,[Branch2][Ring1][=Branch1][C],1786,20195718,4.4766,286.3
2173,[Branch1][C][N][=N],1786,20193932,4.477,286.4
2174,[C][C@@H1][Branch1][C][O][C],1786,20192146,4.4774,286.5
2175,[N][=C][Ring1][O],1784,20190362,4.4778,286.6
2176,[N][C][=N][C][=C][Branch1],1784,20188578,4.4782,286.7
2177,[C][C][Branch1][C][C][Branch1][C][C][C][C],1784,20186794,4.4786,286.9
2178,[=C][C][=N][C][=N],1782,20185012,4.479,287
2179,[C][C][C][C][C][O],1779,20183233,4.4794,287
2180,[C@@H1][Ring1][=C],1779,20181454,4.4798,287.1
2181,[C][Branch1][C][Br][=C][C][=C][Ring1][#Branch1],1779,20179675,4.4802,287.2
2182,[N][C][=C][C][=C][Branch1][C][F][C][Branch1][C][Cl][=C][Ring1][Branch2],1779,20177896,4.4805,287.3
2183,[Ring2][Ring2][N],1777,20176119,4.4809,287.4
2184,[C][=Branch1][C][=O][N][Branch1][C][C][C][=Branch1][C][=O],1777,20174342,4.4813,287.5
2185,[Branch1][=Branch2][C][Branch1][C][F][Branch1][C][F][F][C][Branch1][C][F][Branch1][C][F][F],1777,20172565,4.4817,287.6
2186,[C][=C][C][=C][Branch1][=Branch1][C][Branch1][C][C][C][C][=C][Ring1][=Branch2],1776,20170789,4.4821,287.7
2187,[C][C][Branch1][C],1774,20169015,4.4825,287.8
2188,[C][=C][C][=C][N][=C][Ring1][#Branch2][Ring1][=Branch1],1773,20167242,4.4829,287.9
2189,[Ring1][C][#N][=C][Branch1][C][N],1772,20165470,4.4833,288
2190,[C][/C][=C][/C][=C],1770,20163700,4.4837,288.1
2191,[=Branch1][C][=Branch1][C][=O][O][C][=Branch1][C][=O],1768,20161932,4.4841,288.2
2192,[C][N+1][=C],1767,20160165,4.4845,288.3
2193,[C][=C][Ring1][N][C][=Branch1][C][=O],1766,20158399,4.4849,288.4
2194,[C][=C][C][=Branch1][C][=O][N],1766,20156633,4.4853,288.5
2195,[N][C][=Branch1][C][=O][C][=C][C][=C][S][Ring1][Branch1],1766,20154867,4.4857,288.6
2196,[N][C][=C][C][=N][C][=C][Ring1][=Branch1],1765,20153102,4.4861,288.7
2197,[NH1][C][=N],1764,20151338,4.4865,288.8
2198,[C][C][C][C][N],1763,20149575,4.4868,288.9
2199,[N][Branch1][Ring1][C][C],1763,20147812,4.4872,288.9
2200,[C][C][Branch1][C][C][=C][C][C],1763,20146049,4.4876,289.1
2201,[O][C@@H1][O][C@H1][Branch1][C][C][C][C@H1][Branch1][=Branch1][N][Branch1][C][C][C][C@H1][Ring1][#Branch2],1763,20144286,4.488,289.1
2202,[C][S][=Branch1][C][=O][=Branch1][C][=O][N][C][C],1762,20142524,4.4884,289.2
2203,[C][C][C][=Branch1][C][=O][O],1760,20140764,4.4888,289.3
2204,[C][=C][C][=C][C][Branch1][Ring1][C][#N][=C][Ring1][Branch2],1760,20139004,4.4892,289.5
2205,[C][Branch1][=Branch2][C][Branch1][C][F][Branch1][C][F][F][=C][Ring1][O],1759,20137245,4.4896,289.6
2206,[C][Ring1][=C][=C][Ring2][Ring1][C],1759,20135486,4.49,289.7
2207,[=C][Branch1][C][O][C],1758,20133728,4.4904,289.8
2208,[C][C][=C][C][Branch1][C][Cl][=C],1758,20131970,4.4908,289.9
2209,[=Ring1][N],1757,20130213,4.4912,290
2210,[S][/C],1755,20128458,4.4916,290.1
2211,[C][=C][C][=C][Branch1][N],1754,20126704,4.4919,290.2
2212,[C@@][Ring1][S],1753,20124951,4.4923,290.3
2213,[C][=C][C][=C][C][=C][Ring1][=Branch1][O][Ring1][=Branch2],1753,20123198,4.4927,290.4
2214,[C][=C][C][Branch1][Ring2],1752,20121446,4.4931,290.5
2215,[C][N][C][C][N][Branch2][Branch1],1750,20119696,4.4935,290.6
2216,[Branch1][C][/C],1749,20117947,4.4939,290.7
2217,[C@@H1][Branch1][C][C][C][C],1749,20116198,4.4943,290.8
2218,[N][C][C][N][Branch1][#Branch2][C][C][=C][C][=C][C][=C][Ring1][=Branch1][C][C][Ring1][=N],1748,20114450,4.4947,290.9
2219,[N][C][=Branch1][C][=O][N][C][=C][C][=C],1747,20112703,4.4951,291
2220,[C][=C][Branch1][C][C][C],1747,20110956,4.4955,291
2221,[Ring2][Branch1][C],1746,20109210,4.4959,291.1
2222,[C@@H1][Branch1][S],1745,20107465,4.4962,291.2
2223,[C][Ring2][Branch1],1744,20105721,4.4966,291.3
2224,[C][C][=C][C][=C][Branch2][Ring1][=Branch1],1743,20103978,4.497,291.4
2225,[C][N][C][C][C][Branch1],1742,20102236,4.4974,291.5
2226,[C][=N][C][Branch1][=N],1742,20100494,4.4978,291.6
2227,[=N][C][=C][C][=C][C][=C][Ring1][=Branch1][C],1739,20098755,4.4982,291.7
2228,[N][=C][Branch2][Ring1][#Branch1],1739,20097016,4.4986,291.8
2229,[O][C][Ring1][=C],1738,20095278,4.499,291.9
2230,[N][C][=C][Branch1][=Branch1][C][Branch1][C][N][=O],1736,20093542,4.4994,292
2231,[C][Branch1][#Branch2][N][C][=C][C][=C][C][=C][Ring1][=Branch1],1732,20091810,4.4997,292.1
2232,[N][C][=Branch1][C][=O][C][N],1731,20090079,4.5001,292.2
2233,[C@@][Branch1][C][C][C],1730,20088349,4.5005,292.3
2234,[N][C][=C][C][Branch1][C][Cl][=C],1729,20086620,4.5009,292.4
2235,[C][Ring1][Branch1][C][C],1728,20084892,4.5013,292.5
2236,[C][C][O][C][=N],1726,20083166,4.5017,292.6
2237,[C@@H1][Branch2][Branch1],1725,20081441,4.5021,292.7
2238,[O][=C][Branch2][Ring1][C][N],1725,20079716,4.5025,292.8
2239,[C][=C][Branch1][C][Cl][C][=C][Ring1][Branch2],1723,20077993,4.5028,292.9
2240,[/C][=Branch2][Ring2],1721,20076272,4.5032,293.1
2241,[S][=Branch1][C][=O][=Branch1][C][=O][O],1716,20074556,4.5036,293.2
2242,[C][N][C][C][N][Branch1][C][C][C][C][Ring1][#Branch1],1716,20072840,4.504,293.2
2243,[C][N][C][=C][C][=N],1715,20071125,4.5044,293.3
2244,[N][C@H1][Branch1][C][C],1715,20069410,4.5048,293.4
2245,[NH1][Ring1][=N],1714,20067696,4.5052,293.5
2246,[C][=C][Branch1][=Branch1][C][Branch1][C][N][=O],1710,20065986,4.5055,293.7
2247,[Ring2][C][C][O][C][C],1710,20064276,4.5059,293.8
2248,[#C][C][=C][C][=C][C][=C][C][=C][C][=C][Ring1][#Branch2][Ring1][=Branch1],1710,20062566,4.5063,293.9
2249,[N][Branch2][Ring1][#Branch2],1708,20060858,4.5067,293.9
2250,[O][=C][Branch1][N],1706,20059152,4.5071,294
2251,[C][=C][C][=C][Branch2][Ring2][=Branch1],1706,20057446,4.5075,294.1
2252,[N][Branch2][Ring1][=Branch1],1704,20055742,4.5078,294.2
2253,[C][=C][Ring1][Branch1][C][=Branch1][C][=O],1701,20054041,4.5082,294.3
2254,[N][=C][Branch1][Ring1][C][#N],1700,20052341,4.5086,294.4
2255,[#C][N][C][=Branch1][C][=O][O][C][Branch1][C][C][Branch1][C][C],1700,20050641,4.509,294.5
2256,[O][=C][Branch2][Ring1][O],1699,20048942,4.5094,294.6
2257,[N][C][C@H1][Branch1][C][O],1699,20047243,4.5097,294.8
2258,[C@@H1][Branch1][C][N],1698,20045545,4.5101,294.9
2259,[N][=C][N][Ring1][Branch1][C],1697,20043848,4.5105,295
2260,[Branch1][C][F][C][Branch1][C][F],1696,20042152,4.5109,295.1
2261,[C@][Ring1][#Branch1][Branch1][C][C][C@H1],1696,20040456,4.5113,295.2
2262,[C@@H1][Branch1][#Branch2],1694,20038762,4.5117,295.3
2263,[C@H1][C][C@H1],1694,20037068,4.512,295.4
2264,[C][=Ring1][S],1694,20035374,4.5124,295.5
2265,[/C][=C][\N],1692,20033682,4.5128,295.6
2266,[/C][=Branch2][Ring1][Ring2],1688,20031994,4.5132,295.7
2267,[Branch1][=Branch1][N+1][=Branch1][C][=O][O-1],1687,20030307,4.5136,295.8
2268,[/C][=Branch1][=Branch2],1687,20028620,4.5139,295.9
2269,[O][=P],1685,20026935,4.5143,296
2270,[N][C][=N][C][=N][Ring1][Branch1],1684,20025251,4.5147,296.2
2271,[C][O][C][=C][C][=C][Branch2][Ring1][Ring1],1682,20023569,4.5151,296.3
2272,[Branch1][C][O][C][Branch1][C][O][=C][Ring1][=Branch2],1682,20021887,4.5155,296.4
2273,[=N][C][Branch1][C],1679,20020208,4.5158,296.5
2274,[C][=C][Ring2][Ring1][Branch1][C],1678,20018530,4.5162,296.6
2275,[N][C][=N][C][Branch1][C],1678,20016852,4.5166,296.7
2276,[O][C][=C][C][=C][C][=C][Ring1][=Branch1][=C][Ring1][=N],1678,20015174,4.517,296.8
2277,[Branch1][O][C],1677,20013497,4.5174,296.9
2278,[C@@H1][Ring1][O],1675,20011822,4.5177,297
2279,[Ring1][C][F],1675,20010147,4.5181,297.1
2280,[O][Ring2][Ring1][N],1675,20008472,4.5185,297.2
2281,[C][/C][=C][/C][=Branch1][C][=O],1674,20006798,4.5189,297.3
2282,[C][=C][C][=C][C][=C][Ring1][=Branch1][C][Ring1][=Branch2],1672,20005126,4.5192,297.3
2283,[N][=C][Branch1][=Branch2][N][C][C][O][C][C][Ring1][=Branch1],1671,20003455,4.5196,297.5
2284,[C][=C][C][=C][C][=C][Ring1][=Branch1][O],1670,20001785,4.52,297.5
2285,[/C][=Branch1][=C],1670,20000115,4.5204,297.6
2286,[C][/C][=C][Branch1][C][\C],1670,19998445,4.5208,297.8
2287,[C][C][=C][N][Branch1],1669,19996776,4.5211,297.9
2288,[N][C][Branch1][C][C][C][C],1669,19995107,4.5215,298
2289,[N][C][=Branch1][C][=O][C][=C][C][=C][N][=C][Ring1][=Branch1],1669,19993438,4.5219,298.1
2290,[C][=Branch1][C][=O][N][C@@H1][Branch1][C][C],1668,19991770,4.5223,298.2
2291,[#Branch1][C][C][=Branch1][C][=O][O][C][=Branch1][C][=O],1665,19990105,4.5226,298.3
2292,[Branch1][Ring1][O][C],1664,19988441,4.523,298.4
2293,[N][C][Branch1][C][C][Branch1][C][C][C],1663,19986778,4.5234,298.5
2294,[C][=Branch1][C][=O][N][C][C][=C][C][=C][C][=C][Ring1][=Branch1],1660,19985118,4.5238,298.6
2295,[N][C][Branch1][C][C][=N],1657,19983461,4.5241,298.7
2296,[N][C][=Branch1][C][=O][C][=C][C][=C][O][Ring1][Branch1][C][C],1654,19981807,4.5245,298.8
2297,[N][C][=C][C][=C][C][=C][Ring1][=Branch1][F],1652,19980155,4.5249,298.9
2298,[C][=Ring1][N],1649,19978506,4.5253,299
2299,[C][=C][Branch1][N][C][=C][C][=C][Branch1][C][Cl][C][=C][Ring1][#Branch1],1649,19976857,4.5256,299.1
2300,[O][C][C][O],1648,19975209,4.526,299.2
2301,[C][=C][C][N][C][C],1647,19973562,4.5264,299.3
2302,[N][Branch1][=Branch1][C][C][C][Ring1][Ring1],1647,19971915,4.5268,299.4
2303,[C@@H1][Branch2][Ring1][#Branch1],1646,19970269,4.5271,299.5
2304,[C][C@][C][C][C@H1],1645,19968624,4.5275,299.6
2305,[N][=N][Ring1][#C],1644,19966980,4.5279,299.7
2306,[N][C][=N][N][=N][Ring1][Branch1],1644,19965336,4.5282,299.8
2307,[C][C@@H1][Branch1][C][O][C@H1],1643,19963693,4.5286,299.9
2308,[C][C][Branch1][C][F][Branch1][C][F][F],1643,19962050,4.529,300
2309,[C][C][C][N][Branch1][=Branch2],1643,19960407,4.5294,300.1
2310,[Ring2][Ring1][Ring2][C],1641,19958766,4.5297,300.2
2311,[C][Branch1][=Branch1][C][=Branch1][C][=O][O],1640,19957126,4.5301,300.3
2312,[C][C][=Branch1][C][=O][N][C][=C][C][=C][C][=C][Ring1][=Branch1],1639,19955487,4.5305,300.4
2313,[/C][=Branch1][S],1639,19953848,4.5309,300.5
2314,[N][C][C][C][C][Ring1][Branch1][C][=C][Ring1][=C],1639,19952209,4.5312,300.6
2315,[N][C][=C][C][=C][C][=C][C][Ring1][=Branch1],1639,19950570,4.5316,300.7
2316,[C][=Branch1][C][=O][C@H1][Branch1][C][C],1638,19948932,4.532,300.8
2317,[C@H1][Branch1][#Branch2],1636,19947296,4.5323,300.9
2318,[O][C][Ring1][#Branch1],1635,19945661,4.5327,301
2319,[Ring2][Ring1][#Branch1][=O],1635,19944026,4.5331,301.1
2320,[C][=C][C][=C][C][=C][Ring1][=Branch1][C][N][=N][NH1][N][=Ring1][Branch1],1635,19942391,4.5335,301.2
2321,[Ring1][C][S],1633,19940758,4.5338,301.3
2322,[C][O][C][=C][C][=C][Branch2][Ring2][=Branch1],1632,19939126,4.5342,301.4
2323,[/C][=C][Branch1][Ring1],1631,19937495,4.5346,301.5
2324,[O][C][Branch1][C][F][Branch1][C][F][F][C][=C][Ring1][O],1629,19935866,4.5349,301.6
2325,[C][C][C][O][C][C][Ring1][=Branch1],1628,19934238,4.5353,301.7
2326,[C][=C][C][Branch2][Branch1],1627,19932611,4.5357,301.8
2327,[C][=Branch1][C][=O][N][C@@H1][Branch1][#Branch1][C][C][Branch1][C][C],1627,19930984,4.5361,301.9
2328,[N][=N][Ring1][N],1626,19929358,4.5364,302
2329,[#C][C][=C][C][=C][Branch1][C][O][C][Branch1][C][O][=C][Ring1][Branch2],1624,19927734,4.5368,302.1
2330,[C][C][C@H1][O][C][=Branch1][C][=O][C@H1][Branch1][C][C],1624,19926110,4.5372,302.2
2331,[=N][O],1623,19924487,4.5375,302.4
2332,[C][O][P][=Branch1][C][=O],1623,19922864,4.5379,302.5
2333,[Ring1][S][O],1622,19921242,4.5383,302.5
2334,[C][=Ring2][Ring1][#Branch1],1621,19919621,4.5386,302.6
2335,[C][=C][C][=C][C][=N][Ring1][=Branch1][C],1621,19918000,4.539,302.7
2336,[O][C][Ring1][Branch1],1620,19916380,4.5394,302.8
2337,[C][C][=C][Branch1][=Branch2][C][=C][C][=C][C][=C][Ring1][=Branch1],1620,19914760,4.5397,302.9
2338,[C@@][Ring1][#C],1617,19913143,4.5401,303
2339,[C@H1][Branch1][C][C][N][C][=Branch1][C][=O],1617,19911526,4.5405,303.1
2340,[S][Ring2][Ring1][C],1617,19909909,4.5409,303.2
2341,[C][O][C][=Branch1][C][=O][C@@H1],1616,19908293,4.5412,303.3
2342,[C][=C][C][=C][Branch2][Ring1][N],1615,19906678,4.5416,303.4
2343,[#Branch1][N][C][C][C][Ring1],1615,19905063,4.542,303.5
2344,[O][C][=C][C][=C][Branch2][Ring2],1611,19903452,4.5423,303.6
2345,[C][Branch2][Ring2][Branch1],1610,19901842,4.5427,303.7
2346,[C][=C][Branch1][C][C][NH1],1610,19900232,4.5431,303.8
2347,[C][N][Branch1][#Branch1][C@H1][Branch1][C][C][C][O][C][=Branch1][C][=O],1610,19898622,4.5434,303.9
2348,[C][C][=C][C][=Branch1][C][=O][O],1609,19897013,4.5438,304
2349,[C][O][C][C][N][C][=Branch1][C][=O],1609,19895404,4.5442,304.1
2350,[C@H1][Branch1][#Branch1][C][C][Branch1][C][C][C][N][C][=Branch1][C][=O],1609,19893795,4.5445,304.2
2351,[O][C][C][C][C][C][Ring1][Branch1],1607,19892188,4.5449,304.3
2352,[C][=C][Branch2][Ring1][=N],1606,19890582,4.5453,304.4
2353,[C][=C][C][=C][Branch2][Ring1][O],1605,19888977,4.5456,304.5
2354,[C][=N][C][Branch1][#Branch2],1605,19887372,4.546,304.7
2355,[C@@][Ring1][=Branch1],1603,19885769,4.5464,304.8
2356,[C][Ring1][=Branch2][=O],1602,19884167,4.5467,304.9
2357,[N][=C][Branch1][Branch2],1601,19882566,4.5471,305
2358,[C][=C][Branch1][=Branch2][C][=C][C][=C][C][=C][Ring1][=Branch1][C],1601,19880965,4.5475,305.1
2359,[C@@H1][Branch1][C][C][C],1600,19879365,4.5478,305.2
2360,[O][=C][Branch1][=Branch2][C][=C][C][=C][C][=C][Ring1][=Branch1],1600,19877765,4.5482,305.3
2361,[C][C][N][C][Branch1],1599,19876166,4.5486,305.4
2362,[N][C][Branch1][C][N][=O],1599,19874567,4.5489,305.5
2363,[C][=C][Branch2][Ring1][P],1598,19872969,4.5493,305.6
2364,[C][=C][Ring2][Ring2][#Branch2],1598,19871371,4.5497,305.7
2365,[N][C@@H1][Branch1][#Branch1][C][C][Branch1][C][C],1597,19869774,4.55,305.8
2366,[N][C][C][=C][C][=C][Branch1],1596,19868178,4.5504,305.9
2367,[O][C][C][C][C][Ring1][Ring1],1595,19866583,4.5508,306
2368,[C][C@@H1][Ring1][Ring1],1593,19864990,4.5511,306.1
2369,[C][=C][C][=C][C][=C],1592,19863398,4.5515,306.2
2370,[C][Branch1][#Branch2][C][C][=C][C][=C][C][=C][Ring1][=Branch1],1592,19861806,4.5519,306.3
2371,[=Ring1][P],1591,19860215,4.5522,306.4
2372,[Ring2][Ring1][Branch2][=O],1588,19858627,4.5526,306.5
2373,[C][C][C][C][Branch1][C][C][Branch1][C][C],1588,19857039,4.5529,306.6
2374,[N][C][=C][C][=C][Branch1][C][F][C][=C][Ring1][#Branch1][F],1587,19855452,4.5533,306.7
2375,[C][=C][C][=C][C][=C][Ring1][=Branch1][C][N][=N][NH1][N][=Ring1][Branch1][C][=C][Ring1][P],1585,19853867,4.5537,306.8
2376,[C][=C][Branch1][C][C][C][=C][C][=C][Ring1][#Branch1],1584,19852283,4.554,307
2377,[C][N][C][=N][C][=N],1584,19850699,4.5544,307.1
2378,[S][=Branch1][C][=O][=Branch1][C][=O][N][C][=C][C][=C],1583,19849116,4.5548,307.2
2379,[Ring1][O][C][=Branch1][C][=O],1583,19847533,4.5551,307.3
2380,[N][Branch1][Branch2][C][C][C][C],1580,19845953,4.5555,307.4
2381,[C][=C][C][=C][C][=C][C][=C][Ring1][=Branch1][O][Ring1][=Branch2],1579,19844374,4.5559,307.5
2382,[N][C][C][Branch1][C][O],1577,19842797,4.5562,307.6
2383,[O][C][=C][C][=C][N][=C][Ring1][=Branch1],1576,19841221,4.5566,307.7
2384,[=C][C][=C][Ring2][Ring1][#Branch2],1576,19839645,4.5569,307.9
2385,[C][O][C][=C][C][Branch1][C][O][=C],1576,19838069,4.5573,308
2386,[Si][Branch1][C][C][Branch1][C][C][C],1576,19836493,4.5577,308.1
2387,[C@@H1][Ring1],1574,19834919,4.558,308.2
2388,[O][C][Ring1][=N],1574,19833345,4.5584,308.3
2389,[=Ring1][S],1573,19831772,4.5587,308.4
2390,[C][Branch1][#Branch1][O][C][Branch1][C][C][=O],1573,19830199,4.5591,308.5
2391,[C][C][=C][C][=C][O][Ring1][Branch1],1572,19828627,4.5595,308.6
2392,[=C][C][=N][C][=C][C][=C][C][=C][Ring1][=Branch1][S][Ring1][=Branch2],1572,19827055,4.5598,308.7
2393,[C][=C][C][Branch2][Ring1][=Branch1],1571,19825484,4.5602,308.8
2394,[C][C@@H1][C][C][C@H1],1571,19823913,4.5606,308.9
2395,[Branch1][C][O][C@@H1][Branch1][C][O][C@H1],1571,19822342,4.5609,309
2396,[N][Branch2][=Branch1],1571,19820771,4.5613,309.1
2397,[C][=C][C][=C][C][=C][Ring1][=Branch1][N][=C][Ring1][#Branch2],1571,19819200,4.5616,309.2
2398,[S][N][C][=Branch1][C][=O][O][C][C][=C][C][=C][C][=C][Ring1][=Branch1][C][=Branch1][C][=O],1571,19817629,4.562,309.4
2399,[N][C][=N][C][=C][Branch1][C][Cl],1570,19816059,4.5624,309.5
2400,[C@H1][Branch1][C][O][C][Branch1][C][C][Branch1][C][C][C@@H1][Ring1][#Branch2],1570,19814489,4.5627,309.6
2401,[C][=C][Ring2][Ring1][=C][O][C],1569,19812920,4.5631,309.7
2402,[C][N][=N][NH1],1568,19811352,4.5634,309.8
2403,[C][Branch2][Ring2][=Branch1],1567,19809785,4.5638,309.9
2404,[N][C][=Branch1][C][=O][C][=C][C][=C][C][=C][C][=C][Ring1][=Branch1],1567,19808218,4.5642,309.9
2405,[Ring2][Ring1][=Branch2][=O],1565,19806653,4.5645,310
2406,[Branch1][C][C][C][O],1563,19805090,4.5649,310.1
2407,[O][C][=C][C][=C][Branch1][#Branch2],1561,19803529,4.5652,310.2
2408,[N][C][Branch1][=Branch2],1559,19801970,4.5656,310.3
2409,[C][=C][C][=C][Ring1],1558,19800412,4.566,310.5
2410,[C][=C][Ring1][N][=N],1558,19798854,4.5663,310.6
2411,[C][=C][C][=C][Branch2][Ring2][Branch1],1558,19797296,4.5667,310.7
2412,[C][C][=C][Branch1][#C],1558,19795738,4.567,310.8
2413,[Branch1][=Branch2][C][N][C][=N][C][=N][Ring1][Branch1][C][=C][C][=C][Branch1][C][F][C][=C][Ring1][#Branch1][F],1558,19794180,4.5674,310.8
2414,[C][NH1][C][=C][C][Ring1][=Branch2][=Ring1],1556,19792624,4.5678,310.9
2415,[C][C][=C][NH1][C][=C][C][=C][C][=C][Ring1][=Branch2][Ring1][=Branch1],1552,19791072,4.5681,311
2416,[C][Branch1][C][N],1548,19789524,4.5685,311.1
2417,[S][C][=C],1546,19787978,4.5688,311.2
2418,[NH1][C][=C][C][Ring1][Branch1][=C][Ring1][=Branch2],1546,19786432,4.5692,311.3
2419,[O][=C][Branch2][Ring2][#Branch1],1544,19784888,4.5695,311.4
2420,[N][Branch1][=N][C][=Branch1][C][=O],1544,19783344,4.5699,311.5
2421,[Ring1][#C][=O],1542,19781802,4.5703,311.6
2422,[N][=N][C][=C][C][=C][C][=C][Ring1][#Branch2][Ring1][=Branch1],1542,19780260,4.5706,311.7
2423,[C][S+1][Branch1][C][O-1],1542,19778718,4.571,311.8
2424,[=Ring2][Ring1][=Branch1],1540,19777178,4.5713,311.9
2425,[C][=C][NH1][C][=N],1540,19775638,4.5717,312
2426,[O][C@@H1][Branch1][C][C],1539,19774099,4.572,312.1
2427,[C][Ring2][Ring2][Ring1],1539,19772560,4.5724,312.3
2428,[P][=Branch1][C][=O][Branch1][C][O][O][P][=Branch1][C][=O][Branch1][C][O][O],1539,19771278,4.5727,312.4
2429,[C][Ring1][#Branch1][=N],1538,19769740,4.573,312.5
2430,[C][=C][Ring1][#Branch2][C],1537,19768203,4.5734,312.6
2431,[C][Ring2][Ring1][=Branch1][=C][Ring2][Ring1][#Branch2],1535,19766668,4.5738,312.7
2432,[C][F],1534,19765134,4.5741,312.8
2433,[C][C@@H1][Branch2][Ring1],1534,19763600,4.5745,312.9
2434,[C][=Branch1][Branch1][=C][Ring1][=Branch1],1534,19762066,4.5748,313.1
2435,[Branch2][Branch1][Branch2],1532,19760534,4.5752,313.2
2436,[C][=N][C][=C][C][=C][C][=C][Ring1][=Branch1][NH1][Ring1][=Branch2],1532,19759002,4.5755,313.3
2437,[C][C][Branch1][C][C][O][C][=Branch1][C][=O],1531,19757471,4.5759,313.4
2438,[C@@H1][Branch1][C][C][O],1531,19755940,4.5762,313.5
2439,[C][=C][C][Branch1][Ring1][O][C][=C][Ring1][#Branch2],1530,19754410,4.5766,313.6
2440,[/C][Branch1][Ring1][C][#N],1530,19752880,4.577,313.7
2441,[C][C@H1][Branch1][C][O][C],1529,19751351,4.5773,313.8
2442,[Branch2][Branch1][=Branch2],1529,19749822,4.5777,313.9
2443,[N][C][=C][Branch1][C][F],1528,19748294,4.578,314
2444,[C][=C][Ring2][Ring1][=Branch1][C],1527,19746767,4.5784,314.1
2445,[C][C][=C][C][=C][Branch2][Ring1][=C],1527,19745240,4.5787,314.2
2446,[C][=Branch1][C][=O][O][C][C][=Branch1][C][=O],1526,19743714,4.5791,314.3
2447,[C][=C][N][Ring1][Branch1],1526,19742188,4.5794,314.4
2448,[C][O][C][=C][C][=C][Branch2][Ring1][=Branch1],1525,19740663,4.5798,314.5
2449,[C][=Branch1][C][=O][N][Ring1][#Branch1],1525,19739138,4.5801,314.6
2450,[C][C][C][C][C][Branch1][Ring2],1525,19737613,4.5805,314.7
2451,[N][C][C][Branch1][C][C],1523,19736090,4.5808,314.8
2452,[O][C][=C][C][=C][Branch1][C][Br][C][=C][Ring1][#Branch1],1523,19734567,4.5812,314.9
2453,[C@@H1][Branch1][#C],1522,19733045,4.5816,315
2454,[C][C][C@][Ring1],1520,19731525,4.5819,315.1
2455,[C][=C][C][Branch1][C][Cl][=C][C][=C][Ring1][#Branch1][Cl],1519,19730006,4.5823,315.2
2456,[Ring2][Ring1][Ring1][O],1517,19728489,4.5826,315.3
2457,[N][Ring2][Ring1][#C],1517,19726972,4.583,315.4
2458,[C][O][C][=Branch1][C][=O][C][C],1516,19725456,4.5833,315.5
2459,[C][C][=C][C][=C][Branch2][Ring1][P],1515,19723941,4.5837,315.6
2460,[=C][C][=Branch1][C][=O][O][C][Branch1][C][C][Branch1][C][C][C][C],1515,19722426,4.584,315.7
2461,[C@@H1][C][C][=C],1513,19720913,4.5844,315.8
2462,[Branch2][Branch1][#Branch1],1513,19719400,4.5847,315.9
2463,[S][C][C][=Branch1][C][=O][N][C][C],1513,19717887,4.5851,316
2464,[C][=C][C][=C][C][Branch1][C][C][=C][Ring1][#Branch1],1513,19716374,4.5854,316.1
2465,[C][O][C][=C][N][=C],1512,19714862,4.5858,316.2
2466,[C][=C][Ring2][Ring1][Ring1][Ring1][=Branch1],1512,19713350,4.5861,316.3
2467,[C][Branch1][=Branch2][N][C][C][O][C][C][Ring1][=Branch1][=N],1511,19711839,4.5865,316.4
2468,[N][=C][Ring1][=Branch1][C][=Branch1][C][=O],1510,19710329,4.5868,316.5
2469,[=N][\C][=C],1510,19708819,4.5872,316.6
2470,[N][Ring2][Ring1][=Branch1][C],1509,19707310,4.5875,316.7
2471,[#Branch1][C][C][=Branch1][C][=O][O][C],1509,19705801,4.5879,316.8
2472,[C][C][=C][C][Branch1][C][F][=C][C][=C][Ring1][#Branch1],1507,19704294,4.5882,316.9
2473,[N][=C][Ring2][Ring1][S],1506,19702788,4.5886,317
2474,[O][=C][C][=C][C][=C][C][=C][Ring1][=Branch1][C][=Branch1][C][=O],1505,19701283,4.5889,317.2
2475,[C][C][C@@H1][C@@][Branch1][C][C][C][C],1505,19699778,4.5893,317.3
2476,[N][C][=C][C][=C][C][=Branch1][Ring2][=C][Ring1][=Branch1][O][C][O][Ring1][=Branch1],1505,19698273,4.5896,317.4
2477,[C][=C][C][=C][Branch1][N][O][C][C],1505,19696768,4.59,317.5
2478,[C][Branch1][C][S][=N],1504,19695264,4.5903,317.6
2479,[/C][=C][/C][=C][C][=C][Branch1][C][O][C][=C][Ring1][#Branch1],1500,19693764,4.5907,317.7
2480,[C][C][=C][C][Branch2][Ring1][Ring2],1499,19692265,4.591,317.8
2481,[C][C][C][C][N][Branch2][Ring2],1497,19690768,4.5914,317.9
2482,[N][=C][N][=C][Ring1][#C],1497,19689271,4.5917,318
2483,[C][O][C][=C][C][=C][Branch1][C][C][C][=C][Ring1][#Branch1],1495,19687776,4.5921,318.1
2484,[C][C][=C][C][=C][Branch2][Ring1][=N],1494,19686282,4.5924,318.3
2485,[N][=C][Branch2][Ring1][Branch1],1494,19684788,4.5928,318.4
2486,[C][=C][C][=C][C][=C][Ring1][=Branch1][N][C][=Branch1][C][=O],1493,19683295,4.5931,318.5
2487,[C@@H1][Branch1][=Branch2][C][=C][C][=C][C][=C][Ring1][=Branch1],1493,19681802,4.5935,318.6
2488,[C@H1][O][C@@H1],1493,19680309,4.5938,318.7
2489,[C][C][=C][C][=C][C][=C][C][=C][Ring1][=Branch1],1493,19678816,4.5942,318.8
2490,[C][=C][C][Branch1][C][F][=C][C][=C][Ring1][#Branch1][F],1493,19677323,4.5945,318.9
2491,[O][C][C][C][N],1492,19675831,4.5949,319
2492,[C][=Branch1][C][=O][N][C@@H1],1491,19674340,4.5952,319.1
2493,[C][C][=C][C][=C][C][=C][Ring1][=Branch1][Ring1][#Branch2],1491,19672849,4.5956,319.2
2494,[N][C][=C][C][Branch1][C][Cl][=C][C][=C][Ring1][#Branch1],1491,19671358,4.5959,319.3
2495,[N][Ring2][Ring1][C][C],1490,19669868,4.5963,319.4
2496,[N][=N][Ring1][S],1490,19668378,4.5966,319.5
2497,[Ring2][Ring1][Branch1][O],1489,19666889,4.597,319.6
2498,[S][Ring1][Branch1][C][=Branch1][C][=O],1487,19665402,4.5973,319.7
2499,[C][C][=C][C][=C][Branch1][=Branch2][C][Branch1][C][F][Branch1][C][F][F][C][=C][Ring1][#Branch2],1487,19663915,4.5977,319.8
2500,[Cl][C][C][Cl],1487,19662428,4.598,319.9
2501,[N][C][=Branch1][Ring2][=N],1486,19660942,4.5984,320
2502,[O][C@@][Branch1][C][C][C][C],1484,19659458,4.5987,320.1
2503,[C@][Ring1][=Branch2],1481,19657977,4.599,320.2
2504,[C@@H1][Branch2][Ring1][Branch1][O][C@@H1][O][C@H1][Branch1][C][C][C][C@H1][Branch1][=Branch1][N][Branch1][C][C][C][C@H1][Ring1][#Branch2],1481,19656496,4.5994,320.3
2505,[C@][Branch1][C][O][C],1480,19655016,4.5997,320.4
2506,[C][C][Branch1][=N],1480,19653536,4.6001,320.5
2507,[O][P][=Branch1][C][=O],1479,19652057,4.6004,320.6
2508,[/C][Branch1][C][O][=C],1478,19650579,4.6008,320.7
2509,[#C][C][=N],1477,19649102,4.6011,320.8
2510,[C@@][Branch1][C][O][Branch1],1477,19647625,4.6015,320.9
2511,[C][C][Branch1][P],1476,19646149,4.6018,321
2512,[N][Ring1][N],1475,19644674,4.6022,321.1
2513,[C][C][=C][NH1][C][=N],1475,19643199,4.6025,321.2
2514,[C][=Branch1][C][=O][N][C][C][O][C][C][Ring1][=Branch1],1474,19641725,4.6029,321.3
2515,[C][Ring2][Ring1][#Branch1][=C][Ring2][Ring1][O],1474,19640251,4.6032,321.4
2516,[C][C][Branch1][S],1473,19638778,4.6035,321.5
2517,[/C][=C][/C][=C][C][=C][Branch1][C][Cl][C][=C][Ring1][#Branch1],1473,19637305,4.6039,321.6
2518,[/C][=C][/C][=C][C][=C][Branch1][C][O][C][Branch1][C][O][=C][Ring1][Branch2],1473,19635832,4.6042,321.7
2519,[N][C][=Branch1][C][=O][C][=C][C][=C][Branch1][C][F][C][=C][Ring1][#Branch1],1472,19634360,4.6046,321.8
2520,[N][C][C][C][N][Branch2][Ring1],1472,19632888,4.6049,321.9
2521,[N][C][C][C][C][Ring1][Branch1][=O],1471,19631417,4.6053,322
2522,[N][=C][Branch2][Ring1][=Branch1],1470,19629947,4.6056,322.1
2523,[#C][Ring1][=Branch1],1468,19628479,4.606,322.2
2524,[C][=C][C][=C][Branch1][#Branch2][N][S][Branch1][C][C][=Branch1][C][=O][=O],1468,19627011,4.6063,322.3
2525,[C][C][=C][C][=C][Branch1][C][Cl][C][=C][Ring1][#Branch1][Cl],1467,19625544,4.6066,322.4
2526,[C][C][Branch1][C][C][Branch1][C][C][N][C][=Branch1][C][=O],1465,19624079,4.607,322.5
2527,[=Branch1][C][Branch1][C][N][=O][C][=C][Ring1][=Branch2],1465,19622614,4.6073,322.6
2528,[N][C][=N][NH1],1464,19621150,4.6077,322.7
2529,[N][C][C][=C][C][=C][C][=C][Ring1][=Branch1][Cl],1464,19619686,4.608,322.9
2530,[C][=Branch1][C][=O][C][=C][C][=C][C][=C][Ring1][=Branch1][C],1462,19618224,4.6084,323
2531,[C][O][C][=C][C][=C][Branch2][Ring2][Branch1],1460,19616764,4.6087,323.1
2532,[C][C][O][C][=C][C][=C][Branch2][Ring2],1458,19615306,4.6091,323.2
2533,[C][=C][C][=C][N][=C][Ring1][=Branch1][C],1458,19613848,4.6094,323.3
2534,[C][C][=C][C][=C][Branch1][=C],1454,19612394,4.6097,323.4
2535,[C][=N][C][Branch1][=C],1454,19610940,4.6101,323.5
2536,[C][S][C][Branch1],1453,19609487,4.6104,323.6
2537,[C][C][C][C][C][C][C][C][=Branch1][C][=O],1453,19608034,4.6108,323.7
2538,[Ring2][Ring1][#Branch2][=O],1453,19606581,4.6111,323.8
2539,[=C][Ring2][Ring2][Branch1],1451,19605130,4.6114,323.9
2540,[C][=Branch1][C][=O][N][S][=Branch1][C][=O][=Branch1][C][=O],1449,19603681,4.6118,324
2541,[C][=N][Ring1][=Branch2],1449,19602232,4.6121,324.1
2542,[S][=C],1448,19600784,4.6125,324.2
2543,[N][C][C][N][C][=Branch1][C][=O],1448,19599336,4.6128,324.3
2544,[C@@H1][Branch1][C][O][C@H1][Branch1][C][O][C@H1],1448,19597888,4.6132,324.4
2545,[=N][/C],1447,19596441,4.6135,324.5
2546,[N][=C][Branch1][N][C][=C][C][=C][Branch1][C][Cl][C][=C][Ring1][#Branch1],1446,19594995,4.6138,324.6
2547,[C][Ring1][Branch1][=O],1446,19593549,4.6142,324.7
2548,[C@H1][Ring1][P],1445,19592104,4.6145,324.8
2549,[Branch1][C][O][C][C][Ring1][#Branch1],1445,19590659,4.6149,324.9
2550,[N][Branch1][N][C][=C][C][=C][Branch1][C][Cl][C][=C][Ring1][#Branch1],1443,19589216,4.6152,325
2551,[N][=C][Branch2][Ring1][=Branch2],1443,19587773,4.6155,325.1
2552,[N][C][C][N][Branch1][=Branch2][C][=C][C][=C][C][=C][Ring1][=Branch1][C][C][Ring1],1443,19586330,4.6159,325.2
2553,[/C][=Branch1][#C],1442,19584888,4.6162,325.3
2554,[O][C][O][Ring1][#Branch1],1442,19583446,4.6166,325.4
2555,[C][Branch2][Ring1][C][N][C][=Branch1][C][=O],1441,19582005,4.6169,325.5
2556,[N][C][C][C][C][C][Branch1][O][C][C][Branch1][Ring2][C][Ring1][=Branch1][C][Ring1][=Branch2][C][Ring1][#Branch2],1441,19580564,4.6172,325.7
2557,[S][=Branch1][C][=O][=Branch1][C][=O][N][C][=Branch1][C][=O],1440,19579124,4.6176,325.8
2558,[Branch1][Ring2][C][Ring1][#Branch1],1440,19577684,4.6179,325.9
2559,[=C][N][Ring1],1439,19576245,4.6183,326
2560,[C@@H1][Branch2][Ring1][Branch2],1439,19574806,4.6186,326.1
2561,[C][=C][C][=C][C][Branch1][=Branch1][C][=Branch1][C][=O][O][=C][Ring1][=Branch2],1438,19573368,4.6189,326.2
2562,[C][=C][C][=C][C][=C][Ring1][P][Ring1][=Branch1],1436,19571932,4.6193,326.3
2563,[#C][C][=Branch1][C][=O][N][C][C],1435,19570497,4.6196,326.3
2564,[=N][C][=Branch1][C][=O][N][C][C][O][C][C][Ring1][=Branch1],1433,19569064,4.6199,326.5
2565,[C][=C][C][=C][C][Branch2][Ring1][Ring1],1432,19567632,4.6203,326.6
2566,[N][C][=Branch1][C][=O][O],1431,19566201,4.6206,326.7
2567,[N][C][=Branch1][C][=O][C][=C][C][=C][C][=Branch1][Ring2][=C][Ring1][=Branch1],1431,19564770,4.621,326.8
2568,[N][Branch1][Ring1][C][C][C][C],1430,19563340,4.6213,326.9
2569,[C][C@@][Branch1][C][C][Branch1],1430,19561910,4.6216,327
2570,[C][Branch1][C][F][F],1428,19560482,4.622,327.1
2571,[N][C][=Branch1][C][=O][C][=C][C][=C][O][Ring1][Branch1][C][C][Ring1][=N],1425,19559057,4.6223,327.2
2572,[N][P][=Branch1][C][=O],1424,19557633,4.6226,327.3
2573,[C][C][C@@H1][Ring1][=Branch1],1424,19556209,4.623,327.4
2574,[C][=C][C][=Branch1][=Branch1],1424,19554785,4.6233,327.5
2575,[#Branch2][C][=C][C][=C][C][=C][Ring1][=Branch1][F][C][C][Ring1][=N],1424,19553361,4.6237,327.6
2576,[C][Ring2][Ring1][N][=O],1423,19551938,4.624,327.7
2577,[Branch1][C][C][C][Branch1][C][C][=C][Ring1][Branch2],1423,19550515,4.6243,327.8
2578,[Branch1][Ring1][O][C][C],1422,19549093,4.6247,327.9
2579,[C@H1][Branch1][=Branch2][C][=C][C][=C][C][=C][Ring1][=Branch1],1421,19547672,4.625,328
2580,[N][Branch2][Ring2][Ring1],1421,19546251,4.6253,328.1
2581,[C][C][=C][C][Branch1][Ring1][O],1420,19544831,4.6257,328.2
2582,[=Branch1][C][C][C][Ring1][Ring1][=C],1419,19543412,4.626,328.3
2583,[=Ring1][Branch1][C][C],1418,19541994,4.6263,328.4
2584,[N][=C][Branch2][Ring1][Branch2],1418,19540576,4.6267,328.5
2585,[C][O][C][=C][C][=C][Branch1][P],1418,19539158,4.627,328.6
2586,[/C][=C][/C][=Branch1][C][=O][O],1418,19537740,4.6274,328.7
2587,[N][C][N][C][=Branch1][C][=O],1416,19536324,4.6277,328.8
2588,[Branch2][Branch1][=Branch1],1415,19534909,4.628,328.9
2589,[=N][Ring2][Ring1][P],1415,19533494,4.6284,329
2590,[O][C][Branch1][S],1415,19532079,4.6287,329.1
2591,[C][C][C][C][Ring1][=N],1414,19530665,4.629,329.2
2592,[C][=N][S],1413,19529252,4.6294,329.3
2593,[O][=C][Branch1][Branch2],1413,19527839,4.6297,329.5
2594,[C@H1][Ring1][=Branch1][C],1413,19526426,4.63,329.6
2595,[=C][Branch1][Ring1][O][C],1413,19525013,4.6304,329.7
2596,[S][C][C][Ring1][=Branch1],1413,19523600,4.6307,329.8
2597,[C][C][Branch1][C][C][Branch1][C][C][O][C][=Branch1][C][=O][N][C][C],1412,19522188,4.631,329.9
2598,[C][C][Branch1][#Branch2],1411,19520777,4.6314,330
2599,[O][C][Branch1][C][C][C][C],1410,19519367,4.6317,330.1
2600,[Branch1][Ring2][O][C][C],1410,19517957,4.632,330.2
2601,[C][C][=C][C][Branch1][=Branch2][C][Branch1][C][F][Branch1][C][F][F],1410,19516547,4.6324,330.3
2602,[N][C][=C][C][=C][Branch1][Ring1][C][#N][C][=C][Ring1][Branch2],1410,19515137,4.6327,330.4
2603,[C][N][C][C][=Branch1][C][=O],1409,19513728,4.633,330.5
2604,[=C][C][Branch1][=Branch1][N+1][=Branch1][C][=O][O-1],1409,19512319,4.6334,330.6
2605,[O][C][C][C][N][Branch1],1408,19510911,4.6337,330.7
2606,[S][C][Ring1][Branch1],1408,19509503,4.634,330.8
2607,[C@H1][Ring1][O],1407,19508096,4.6344,330.9
2608,[N][=C][Branch1][=Branch2][C][=C][C][=N][C][=C][Ring1][=Branch1],1407,19506689,4.6347,331
2609,[C][C][C][=C][C][=C][Branch2][Ring1],1406,19505283,4.6351,331.1
2610,[C][C][C][=Branch1][C][=O][N][Branch1],1404,19503879,4.6354,331.2
2611,[C][=C][Branch1][C][F][C][=C][C][=C][Ring1][#Branch1],1403,19502476,4.6357,331.3
2612,[Branch1][C][Cl][S][Ring1][=Branch1],1403,19501073,4.6361,331.4
2613,[C][N][C][=Branch1][C][=O][C][=C][C][=C][C][=C][Ring1][=Branch1],1402,19499671,4.6364,331.5
2614,[C][=C][N][=C][Branch2][Ring1],1402,19498269,4.6367,331.6
2615,[N][=N][Ring1][P],1402,19496867,4.6371,331.7
2616,[N][C][=C][C][=C][C][Branch1][C][Cl][=C][Ring1][#Branch1][C][C][Ring1][=N],1401,19495466,4.6374,331.8
2617,[N][Branch1][Ring2][C][C][Cl][C][C][Cl],1401,19494065,4.6377,331.9
2618,[N][S][=Branch1][C][=O][=Branch1][C][=O][C][=C][C][=C][Branch1][C][Cl][C][=C][Ring1][#Branch1],1400,19492665,4.6381,332
2619,[C][Branch1][C][O][C][C][Ring1][#Branch1],1399,19491266,4.6384,332.1
2620,[C][=Branch1][C][=O][N][Branch2][Ring1],1398,19489868,4.6387,332.2
2621,[=N][O][Ring1],1398,19488470,4.6391,332.3
2622,[C][=Branch1][C][=O][C][Branch1][C][C][Branch1][C][C],1398,19487072,4.6394,332.4
2623,[=C][Ring2][Ring1][Ring1][C],1397,19485675,4.6397,332.5
2624,[C][O][C][=C][C][=C][C][=C][Ring1][=Branch1][N][C][=Branch1][C][=O],1397,19484278,4.64,332.6
2625,[S][C@@H1],1395,19482883,4.6404,332.7
2626,[N][Ring2][Ring1][=N],1395,19481488,4.6407,332.8
2627,[C][Branch2][Ring1][C][N],1393,19480095,4.641,332.9
2628,[C][O][C][=Branch1][C][=O][C][=C],1393,19478702,4.6414,333
2629,[C][/C][Branch1][C][C][=C][/C],1393,19477309,4.6417,333.2
2630,[C][C][=C][C][Branch1][C][C][=C][C][Branch2][Ring2],1392,19475917,4.642,333.3
2631,[C][Ring1][=Branch1][C][C][Ring1][=Branch1],1391,19474526,4.6424,333.4
2632,[C][C][C][N][Branch2][Ring2],1390,19473136,4.6427,333.5
2633,[=N][C][=C][C][=C][C][=C][Ring1][S][Ring1][=Branch1],1389,19471747,4.643,333.6
2634,[C@H1][Branch1][#C],1388,19470359,4.6434,333.7
2635,[C][=C][Branch2][Ring2][Ring2],1388,19468971,4.6437,333.8
2636,[C][=C][C][=C][Branch1][#Branch1][C][=C][Ring1][=Branch1],1388,19467583,4.644,334
2637,[N][C][=C][C][=C][Branch1][=Branch2][N][C][C][O][C][C][Ring1][=Branch1],1388,19466195,4.6444,334.1
2638,[C][C][=C][C][=C][Branch1][C][C][C],1387,19464808,4.6447,334.2
2639,[O][=C][Ring2][Ring1][#C],1387,19463421,4.645,334.3
2640,[Branch2][C][C][N][Branch1][C][C],1386,19462035,4.6454,334.4
2641,[O][=C][Branch1][#Branch2][C][C][=C][C][=C][C][=C][Ring1][=Branch1],1385,19460650,4.6457,334.5
2642,[C][C][=C][C][=C][Branch1][S],1385,19459265,4.646,334.7
2643,[N][Branch1][N][C][=C][C][=C][Branch1][C][F][C][=C][Ring1][#Branch1],1385,19457880,4.6463,334.8
2644,[N][C][C][N][Branch1][=Branch2][C][=C][C][=C][C][=N][Ring1][=Branch1],1385,19456495,4.6467,334.9
2645,[S][C][C][=N],1384,19455111,4.647,335
2646,[N][Ring2][Ring1][=C],1384,19453727,4.6473,335.1
2647,[N][C][=Branch1][C][=O][C][O],1383,19452344,4.6477,335.2
2648,[C@@H1][Ring2][Ring1][Ring2],1383,19450961,4.648,335.3
2649,[N][=Ring2][Ring1][Branch1],1383,19449578,4.6483,335.5
2650,[C][=C][C][Branch2][Ring1][=N],1382,19448196,4.6487,335.6
2651,[C@H1][Branch1][#Branch1],1380,19446816,4.649,335.7
2652,[C@@H1][Ring2][Ring2],1379,19445437,4.6493,335.8
2653,[S][Ring2][Ring1][=Branch1],1379,19444058,4.6496,335.9
2654,[C][Branch2][Ring1][Ring1][C][=C][C][=C][Branch1][=Branch2][C][Branch1][C][F][Branch1][C][F][F][C][=C][Ring1][#Branch2],1377,19442681,4.65,336
2655,[N][=C][Branch2][Ring1][#Branch2],1376,19441305,4.6503,336.1
2656,[Branch1][C][O][C@@H1][Branch1][C][O][C@@H1],1376,19439985,4.6506,336.2
2657,[C][O][C][=C][C][=C][Branch2][Ring2][=N],1375,19438610,4.6509,336.4
2658,[C][C][=C][C][=C][C][Branch1][C][Cl][=C][Ring1][#Branch1],1375,19437235,4.6513,336.5
2659,[C][=C][Ring1][N][C][C],1372,19435863,4.6516,336.6
2660,[C][O][C][=C][C][=C][Branch1][S],1371,19434492,4.6519,336.7
2661,[C][C@@H1][Branch1][C][O][C][C],1370,19433122,4.6523,336.8
2662,[C][C][=C][C][=C][Branch2][Ring1][S],1369,19431753,4.6526,336.9
2663,[C][C][Branch1][C][C][=C][C][C][/C][Branch1][C][C][=C][/C],1369,19430384,4.6529,337
2664,[C][C][=N][C][Branch1][C],1367,19429017,4.6532,337.1
2665,[C][C][C][N][Branch1][C][C],1367,19427650,4.6536,337.2
2666,[C][=Branch1][C][=O][O][=C],1366,19426284,4.6539,337.3
2667,[C][=C][N][=C][C][=C][C][=C][C][Ring1][=Branch1][=C][Ring1][#Branch2],1366,19424918,4.6542,337.4
2668,[C][=C][C][=C][C][=C][Ring1][=Branch1][Ring1][#C],1365,19423553,4.6546,337.5
2669,[Branch1][N][C][=C][C][=C][Branch1][C][F][C][=C][Ring1][#Branch1],1365,19422188,4.6549,337.6
2670,[O][Ring2][Ring1][#C],1364,19420824,4.6552,337.7
2671,[C][C][=C][C][=C][Branch2][Ring2][#Branch1],1364,19419460,4.6555,337.8
2672,[C][=C][N][Branch1][=Branch2][C][=C][C][=C][C][=C][Ring1][=Branch1],1364,19418096,4.6559,337.9
2673,[Ring2][Ring2][C][=O],1363,19416733,4.6562,338
2674,[C][=Branch1][=Branch1][=C][Ring1][=Branch1],1363,19415370,4.6565,338.1
2675,[C@H1][C][C@H1][Branch1][C][O],1362,19414008,4.6568,338.2
2676,[C][C@H1][Branch1][C][N][C][=Branch1][C][=O],1361,19412647,4.6572,338.3
2677,[Branch1][Ring2][C][Ring1][=Branch1],1359,19411288,4.6575,338.4
2678,[C][C][O][C][=Branch1][C][=O][C][S],1358,19409930,4.6578,338.5
2679,[C][=N][Ring2][Ring1][#Branch1],1356,19408574,4.6581,338.6
2680,[O][N][C][C][=C][C][=C][C][=C][Ring1][=Branch1],1356,19407218,4.6585,338.7
2681,[C][O][C][=C][C][=C][C][Branch1][Ring1][O][C][=C][Ring1][Branch2],1355,19405863,4.6588,338.8
2682,[C][C][Branch1][C][C][C][C@H1][Branch1],1354,19404509,4.6591,338.9
2683,[=N][\N][C][=Branch1][C][=O],1353,19403156,4.6594,339
2684,[C][=C][Branch2][Ring1][=C],1352,19401804,4.6598,339.1
2685,[S][Ring2][Ring1][#Branch1],1352,19400452,4.6601,339.2
2686,[C][=C][C][=Branch1][Branch1],1352,19399100,4.6604,339.3
2687,[C][=C][Branch2][Ring1][S],1351,19397749,4.6607,339.5
2688,[C@@H1][Ring2][Ring1][Ring1],1350,19396399,4.6611,339.6
2689,[C][C][C][=C][C][=C][Branch2][Ring2],1350,19395049,4.6614,339.7
2690,[C][=Ring2][Ring1][Branch2],1350,19393699,4.6617,339.8
2691,[Branch2][C][O][C][Branch1][C][C][=O],1350,19392349,4.662,339.9
2692,[=Ring2][Ring1][Ring2],1349,19391000,4.6624,340
2693,[O][C][=C][C][=C][C][=C][C][=C][C][Ring1][=Branch1][=C][Ring1][#Branch2],1349,19389651,4.6627,340.1
2694,[O][Ring2][Ring1][S],1348,19388303,4.663,340.2
2695,[C][C][=Branch1][C][=O][N][C][C@H1],1348,19386955,4.6633,340.3
2696,[C][C][=N][O][C][Branch1][C][C][=C][Ring1][=Branch1],1348,19385607,4.6637,340.4
2697,[O][=C][Branch2][Ring2][=Branch1],1347,19384260,4.664,340.5
2698,[C][=C][Branch1][N],1346,19382914,4.6643,340.6
2699,[C@@H1][Branch1][=N],1346,19381568,4.6646,340.7
2700,[O][C@H1][Branch1][C][O][C@H1],1346,19380222,4.665,340.8
2701,[C][N][C][=Branch1][C][=N],1346,19378876,4.6653,340.9
2702,[Branch1][C][O][C][Branch1][C][O][C],1345,19377643,4.6656,341
2703,[C][=C][C][=C][C][=C][Ring1][S][Ring1][=Branch1],1345,19376298,4.6659,341.1
2704,[C][=C][C][Branch1][C][Cl][=C][Branch1][C][Cl][C][=C][Ring1][Branch2],1343,19374955,4.6662,341.2
2705,[N][C][=Branch1][C][=O][C][=C],1342,19373613,4.6666,341.3
2706,[N][=N][Ring1][=C],1342,19372271,4.6669,341.4
2707,[=C][Branch1][#Branch2],1340,19370931,4.6672,341.5
2708,[=Ring1][=C],1338,19369593,4.6675,341.6
2709,[N][C][C][N][Branch1][N][C][=C][C][=C][Branch1][C][F][C][=C][Ring1][#Branch1][C][C][Ring1][=N],1338,19368255,4.6678,341.7
2710,[N][C][=Branch1][C][=O][C][C][=N],1337,19366918,4.6682,341.8
2711,[Branch2][Branch2],1336,19365678,4.6685,341.9
2712,[N][N][C][=Branch1][C][=O][C@H1][Branch1],1336,19364342,4.6688,342
2713,[C][C][=Branch1][C][=O][C][=C][C][=C][C][=C][Ring1][=Branch1],1334,19363008,4.6691,342.1
2714,[C][=C][C][=C][C][Branch1][=C],1334,19361674,4.6694,342.2
2715,[=Ring2][Ring1][Branch1],1333,19360341,4.6698,342.3
2716,[C][O][C][=Branch1][C][=O][N][C][C],1331,19359010,4.6701,342.4
2717,[C][Ring1][=C][=C][Ring2][Ring1],1330,19357680,4.6704,342.6
2718,[Branch1][C][C][=O],1327,19356353,4.6707,342.7
2719,[C@H1][Ring1][N],1327,19355026,4.671,342.7
2720,[C][=C][Ring2][Ring1][#C][O][C],1327,19353699,4.6714,342.9
2721,[C][C][=Branch1][C][=O][N][C@@H1][Branch1][C][C],1326,19352373,4.6717,342.9
2722,[C][Ring1][#Branch2][=C][Ring1][=C],1326,19351047,4.672,343
2723,[N][Branch1][=Branch1][C][Branch1][C][C][=O],1325,19349722,4.6723,343.1
2724,[O][C@H1][Branch2][Ring1],1324,19348398,4.6726,343.2
2725,[C][=C][Branch1][C][Cl][C][=C][C][Ring1][#Branch1],1323,19347075,4.673,343.4
2726,[C][=C][C][=C][C][Branch2][Ring1][#Branch1],1321,19345754,4.6733,343.5
2727,[P][N][C][=N][C][=C][Branch1][C][N][N][=C][N][=C][Ring1][#Branch1][Ring1][#Branch2],1321,19344433,4.6736,343.6
2728,[N][C][=Branch1][C][=O][C@@H1][Branch2][Ring1],1320,19343113,4.6739,343.7
2729,[C][=C][C][Branch1][=Branch2][N][C][C][O][C][C][Ring1][=Branch1],1320,19341793,4.6742,343.8
2730,[C][C][Branch1][C][C][C][C][C],1318,19340475,4.6745,343.9
2731,[N][Branch1][=N][C][C][=C][C][=C][Branch1][C][F][C][=C][Ring1][#Branch1],1318,19339157,4.6749,344
2732,[=Branch1][C][=Branch1][C][=O][O][C@@H1],1317,19337840,4.6752,344.1
2733,[C][S][C][C][C@H1],1317,19336523,4.6755,344.2
2734,[N][C][C][C][C@H1][Ring1][Branch1][C],1317,19335206,4.6758,344.3
2735,[O][C][C][Ring1][=Branch1][C][=Branch1][C][=O],1316,19333890,4.6761,344.4
2736,[C][C][=C][Branch1][P],1315,19332575,4.6765,344.5
2737,[Branch1][C][O][C][Branch1][C][Cl],1314,19331261,4.6768,344.6
2738,[C][Branch1][C][C][C][C],1314,19329947,4.6771,344.7
2739,[N][=N][Ring1][O],1313,19328634,4.6774,344.8
2740,[C][=C][Branch1][C][Cl][C][=C][C][=C][Ring1][#Branch1],1313,19327321,4.6777,344.9
2741,[C][C][Branch1][C][C][C][C@H1][Branch2][Ring1],1313,19326008,4.678,345
2742,[C][C][=C][Branch2][Ring1][Ring1],1312,19324696,4.6784,345.1
2743,[C][C@H1][Branch1][C][N],1309,19323387,4.6787,345.3
2744,[C][NH1][C][=C][C][=C][C][=C][Ring1][=Branch1][C][=Ring1][=Branch2],1309,19322078,4.679,345.4
2745,[Ring1][Ring1][=N],1308,19320770,4.6793,345.5
2746,[C][C][=N][N][=C],1307,19319463,4.6796,345.6
2747,[O][C][C][N][C][C],1306,19318157,4.6799,345.7
2748,[O][C][O][Ring1],1306,19316851,4.6803,345.8
2749,[C][C][C][C][Ring1][=Branch2],1306,19315545,4.6806,345.9
2750,[O][N][=Ring1][=Branch1],1305,19314240,4.6809,346
2751,[/C][=Branch1][#Branch2][=C][/C][=C],1305,19312935,4.6812,346.1
2752,[N][Branch2][Ring1][Ring1][C][=C][C][=C][C][Branch1][=Branch2][C][Branch1][C][F][Branch1][C][F][F][=C][Ring1][#Branch2],1304,19311631,4.6815,346.2
2753,[N][/N][=C][/C][=C][C][=C],1302,19310329,4.6818,346.4
2754,[C][=Branch1][Branch2],1301,19309028,4.6822,346.5
2755,[C][=Branch1][C][=O][O][C][C][C][C],1301,19307727,4.6825,346.6
2756,[N][C][=N][C][Branch1][C][N][=C],1301,19306426,4.6828,346.7
2757,[N][C][N][=C],1300,19305126,4.6831,346.8
2758,[C][C][Branch1][C][C][Branch1][C][C][O],1300,19303826,4.6834,346.9
2759,[C@H1][Branch1][C][O][C@@H1][Branch1][C][O][C@@H1],1300,19302526,4.6837,347
2760,[C][C][Branch2][Ring1][Ring2],1299,19301227,4.6841,347.1
2761,[C][Ring2][Ring1][=N][=O],1299,19299928,4.6844,347.2
2762,[C][O][C][=Branch1][C][=O][N][C@H1],1298,19298630,4.6847,347.4
2763,[C@H1][Ring1][S],1297,19297333,4.685,347.4
2764,[/C][=N][/C][=C],1297,19296036,4.6853,347.5
2765,[F][C][=Branch1][C][=O][C][Branch1][=Branch1][C][=Branch1][C][=O][O][=C],1297,19294739,4.6856,347.6
2766,[C][S][C][=N][N][=C][Branch1],1296,19293443,4.6859,347.7
2767,[Branch2][=Branch1][C],1295,19292148,4.6863,347.9
2768,[C][=C][C][=C][Branch1][C][O][C][Branch1][C][O][=C][Ring1][Branch2],1295,19290853,4.6866,348
2769,[C][=C][Branch1][C][F][C][Branch1][C][F][=C],1294,19289559,4.6869,348
2770,[C][=C][C][Branch1][C][O][=C][Ring1][#Branch1],1294,19288265,4.6872,348.1
2771,[C][=C][Ring1][#Branch2][Ring1][=Branch1],1293,19286972,4.6875,348.2
2772,[N][C][=C][C][=C][Branch1][=C],1293,19285679,4.6878,348.3
2773,[#C][C][=Branch1][C][=O][N][C][C][=C][C][=C][C][=C][Ring1][=Branch1],1291,19284388,4.6881,348.5
2774,[N][=N][N][Ring1][Branch1][C][C],1291,19283097,4.6885,348.6
2775,[N][Branch1][C][O][C],1290,19281807,4.6888,348.7
2776,[N][Branch2][Ring1][#C],1290,19280517,4.6891,348.8
2777,[C][C@H1][Ring1],1290,19279227,4.6894,348.9
2778,[C][Branch1][C][C][=C][C][=C][Ring1][#Branch1],1290,19277937,4.6897,349
2779,[C][S][=Branch1][C][=O][=Branch1][C][=O][C][Ring1][#Branch1],1290,19276647,4.69,349.1
2780,[N][Ring1][=Branch2][C],1290,19275357,4.6903,349.2
2781,[N][C][=Branch1][C][=O][C][=C][C][=C][C][Branch1],1289,19274068,4.6907,349.4
2782,[C][C][C][C][=C][C][=C][C][=C][Ring1][=Branch1],1289,19272779,4.691,349.5
2783,[#Branch2][C][C][=C][C][=C][C][=C][Ring1][=Branch1][C][Branch1][C][N][=O],1289,19271490,4.6913,349.6
2784,[N][C][=C][Branch1][=Branch2],1288,19270202,4.6916,349.7
2785,[C][Branch1][Ring1][C][#N][=C][Ring1][Branch2],1288,19268914,4.6919,349.8
2786,[C][=C][C][=C][Branch1][#Branch1][O][C][Branch1][C][F][F],1288,19267626,4.6922,349.9
2787,[C@@H1][Branch1][Branch2],1287,19266339,4.6925,350
2788,[O][C][C][C][C][C][C][C][C],1287,19265052,4.6929,350.1
2789,[N][=C][Branch1][C][N][N][=C][Branch1][C][N],1287,19263765,4.6932,350.2
2790,[Ring2][Ring1][C][O],1284,19262481,4.6935,350.3
2791,[C][C][C][N][Branch2][Ring1][Ring1],1284,19261197,4.6938,350.4
2792,[C][C][O][C][Branch1],1283,19259914,4.6941,350.5
2793,[C][=N][C][Branch1][P],1283,19258631,4.6944,350.6
2794,[C@H1][Ring2][Ring1][Ring1],1282,19257349,4.6947,350.8
2795,[O][C][=N][C][=N],1282,19256067,4.695,350.9
2796,[NH1][C][=C][C][=C][C][=C][Ring1][=Branch2][Ring1][=Branch1],1282,19254785,4.6954,351
2797,[O][C][=C][Branch1][C][C],1281,19253504,4.6957,351.1
2798,[C][C][C][Ring1][=Branch1][C],1280,19252224,4.696,351.2
2799,[C][=C][C][=C][C][Branch2][Ring1][#Branch2],1279,19250945,4.6963,351.3
2800,[N][C][C][C][C][Ring1][Ring1],1278,19249667,4.6966,351.4
2801,[O][P][=Branch1][C][=O][Branch1][C][O],1278,19248389,4.6969,351.5
2802,[N][C][C][C@H1],1277,19247112,4.6972,351.6
2803,[C][C][N][C],1277,19245835,4.6975,351.7
2804,[C][=C][NH1][Ring1][Branch1],1277,19244558,4.6978,351.8
2805,[C][C][=N][N][Branch1][=Branch2][C][=C][C][=C][C][=C][Ring1][=Branch1][C],1277,19243281,4.6982,351.9
2806,[Ring2][C][C][O][C][C][Ring1][=Branch2],1277,19242004,4.6985,352
2807,[N][C][=N][N][=C][Branch1],1275,19240729,4.6988,352.1
2808,[C][C][N][C][C][N][Branch2][Ring1],1275,19239454,4.6991,352.2
2809,[C][C][Branch1][C][C][Branch1][C][C][O][C][=Branch1][C][=O][N],1275,19238179,4.6994,352.3
2810,[C][Ring2][Ring2][Ring2],1274,19236905,4.6997,352.4
2811,[C][C][=Branch1][C][=O][N][C][C][=C][C][=C][Branch1][C][F][C][=C][Ring1][#Branch1],1274,19235631,4.7,352.5
2812,[Branch1][=Branch1],1273,19234358,4.7003,352.6
2813,[C][C][C][C][C][Branch1],1273,19233085,4.7007,352.7
2814,[C][Branch2][Ring1][=Branch1][C],1273,19231812,4.701,352.8
2815,[N][=Ring2][Ring1][Branch2],1273,19230539,4.7013,352.9
2816,[C][C][=C][C][=C][C][Branch1][=Branch2][C][Branch1][C][F][Branch1][C][F][F][=C][Ring1][#Branch2],1273,19229266,4.7016,353.1
2817,[C][O][C][=C][C][=C][Branch2][Ring1][Branch1],1272,19227994,4.7019,353.2
2818,[=C][C][Branch1][=Branch2][C][=C][C][=C][C][=C][Ring1][=Branch1],1272,19226722,4.7022,353.3
2819,[#Branch1][C][C][=Branch1][C][=O][O][N][C][=Branch1][C][=O],1272,19225450,4.7025,353.3
2820,[N][C][C][C][N][C][C][O][C][C][Ring1][=Branch1],1272,19224178,4.7028,353.4
2821,[N][C][C][=C][C][=C][C][=C][Ring1][=Branch1][C][Ring1][=Branch2],1272,19222906,4.7031,353.5
2822,[C][C][Branch1][C][C][C][N][C][=Branch1][C][=O],1271,19221635,4.7035,353.6
2823,[O][C][=C][C][=C][C][=C][Ring1][=Branch1][Ring1][#Branch2],1270,19220365,4.7038,353.7
2824,[N][C][C][=C][C][=C][C][=N][Ring1][=Branch1],1270,19219095,4.7041,353.8
2825,[C][=C][C][=C][C][=C][Ring1][=C][Ring1][=Branch1],1270,19217825,4.7044,353.9
2826,[S][Ring2][Ring1],1269,19216556,4.7047,354
2827,[C][O][C][=C][C][=C][Branch1][C][Br][C][=C][Ring1][#Branch1],1269,19215287,4.705,354.1
2828,[C][Ring2][Ring1][=C][=O],1268,19214019,4.7053,354.3
2829,[O][C][C][C][=C][C][=C][C][=C][Ring1][=Branch1][C],1267,19212752,4.7056,354.4
2830,[N][Ring2][Ring2],1267,19211485,4.7059,354.5
2831,[Ring1][C][O][C][=C][Ring1][Branch2],1266,19210219,4.7062,354.6
2832,[C][C@@H1][Branch1][Ring1][C][O],1266,19208953,4.7066,354.7
2833,[C][=Ring1][O],1265,19207688,4.7069,354.8
2834,[/C][=C][Branch1][Ring1][\C][#N],1264,19206424,4.7072,354.9
2835,[C][=Branch1][C][=O][N][Branch1][C][C][C][C],1263,19205161,4.7075,355
2836,[C][O][C][=C][C][=C][Branch2][Ring2][=C],1263,19203898,4.7078,355.1
2837,[O][=C][C][=C],1262,19202636,4.7081,355.2
2838,[C][C][=C][C][=C][Branch1][#Branch2],1262,19201374,4.7084,355.3
2839,[C][=C][C][Branch1][C][C][=C][C][Branch1][C][C][=C][Ring1][Branch2],1262,19200112,4.7087,355.4
2840,[C][=N][Ring1][Branch2],1261,19198851,4.709,355.5
2841,[C][Branch1][=Branch1][C][Branch1][C][C],1261,19197590,4.7093,355.6
2842,[=C][Branch2][Ring1],1260,19196330,4.7097,355.7
2843,[C@H1][Branch1][=N],1260,19195070,4.71,355.8
2844,[N][Branch2][Ring2][Ring2],1259,19193811,4.7103,355.9
2845,[N][=C][Branch1][=Branch2][C][=C][C][=C][N][=C][Ring1][=Branch1],1259,19192552,4.7106,356
2846,[/N][=C][Branch1][C][\N],1259,19191293,4.7109,356.1
2847,[C][=C][C][=C][Branch1][C][O],1258,19190035,4.7112,356.2
2848,[C@][Ring1][O],1258,19188777,4.7115,356.3
2849,[Branch2][S][=Branch1][C][=O][=Branch1][C][=O],1257,19187520,4.7118,356.5
2850,[C][=Branch1][=Branch1][=C][Ring1][#Branch2],1257,19186263,4.7121,356.5
2851,[C][=C][C][=N+1],1256,19185007,4.7124,356.6
2852,[Branch1][C][C][C][#N],1255,19183752,4.7127,356.7
2853,[S][Ring2][Ring1][=Branch2],1255,19182497,4.713,356.8
2854,[C][=C][C][C][C][C][Ring1][=Branch1],1255,19181242,4.7134,357
2855,[C][=N][C][=C][C][=C][C][=C][Ring1][=Branch1][N][Ring1][=Branch2],1255,19179987,4.7137,357.1
2856,[O][C][Ring2][Ring1],1254,19178733,4.714,357.2
2857,[N][=Ring1][=Branch2],1254,19177479,4.7143,357.3
2858,[S][C][=Branch1][C][=O][C][=C][C][=C][Branch1][C][Cl][C][=C][Ring1][#Branch1],1254,19176225,4.7146,357.4
2859,[O][=P][Branch1][C][O],1254,19174971,4.7149,357.4
2860,[O][C][C][Branch1][C][C][C],1252,19173719,4.7152,357.6
2861,[C][Branch1][C][O][=C][Branch1],1252,19172467,4.7155,357.7
2862,[Branch1][C][Cl][N][=C][Ring1][#Branch1],1252,19171215,4.7158,357.8
2863,[C][Branch1][C][C][Branch1][C][C][O],1248,19169967,4.7161,357.9
2864,[S][Ring2][Ring1][Branch2],1248,19168719,4.7164,358
2865,[C][Branch1][N],1247,19167472,4.7167,358.1
2866,[Branch2][Branch1][#Branch2],1246,19166226,4.717,358.2
2867,[C@@H1][C][C][C@@H1],1245,19164981,4.7174,358.3
2868,[=Ring2][Ring1],1244,19163737,4.7177,358.4
2869,[=Ring2][Ring1][Ring1],1244,19162493,4.718,358.5
2870,[C][=C][C][=C][Ring1][=N],1242,19161251,4.7183,358.6
2871,[C][C][Branch1][C][C][C][N],1241,19160010,4.7186,358.8
2872,[C@H1][Ring2][Ring1][#Branch1],1241,19158769,4.7189,358.9
2873,[O][C][=C][C][=C][C][=C][Ring1][=Branch1][O][C][C],1240,19157529,4.7192,359
2874,[Ring2][Branch1][#Branch1],1240,19156289,4.7195,359.1
2875,[C][=C][NH1][C][=N][Ring1][Branch1],1240,19155049,4.7198,359.3
2876,[C][O][C][Ring1][Branch1][=O],1240,19153809,4.7201,359.4
2877,[C][C][Branch1][C][C][Branch1][C][C][C][Ring1][=Branch2],1239,19152570,4.7204,359.5
2878,[N][C][=C][C][=C][C][=Branch1][Ring2][=C][Ring1][=Branch1][O][C][C][O][Ring1][#Branch1],1239,19151331,4.7207,359.6
2879,[Branch1][C][C][C][N],1237,19150094,4.721,359.7
2880,[C][C][Branch1][C][C][N][C][=N],1237,19148857,4.7213,359.8
2881,[C][=C][C][=C][C][Branch1][C][Br][=C][Ring1][#Branch1],1237,19147620,4.7216,360
2882,[=N][Ring1][Branch2],1235,19146385,4.7219,360.1
2883,[O][C][C][=Branch1][C][=O][N][C][C],1234,19145151,4.7222,360.2
2884,[N][Branch1][#Branch1],1233,19143918,4.7225,360.3
2885,[O][C][Ring1][P],1232,19142686,4.7228,360.5
2886,[=N][/O],1231,19141455,4.7232,360.6
2887,[C][Branch2][Ring1][=Branch1][C][=Branch1][C][=O],1231,19140224,4.7235,360.7
2888,[#C][C][=C][C][=C][Branch1][C][F][C][Branch1][C][F][=C][Ring1][Branch2],1230,19138994,4.7238,360.8
2889,[C][Branch1][=Branch1][N+1][=Branch1][C][=O][O-1][=C][Ring1][#Branch2],1230,19137764,4.7241,360.9
2890,[C][O][C][=C][Branch1][C][C],1229,19136535,4.7244,361
2891,[=C][Ring1][=Branch1][C],1228,19135307,4.7247,361.1
2892,[Ring2][Ring1][O][C],1227,19134080,4.725,361.2
2893,[C][N][C][=Branch1][C][=O][C][N][C][=Branch1][C][=O],1226,19132894,4.7253,361.3
2894,[C][=Branch1][C][=O][N][C][C][C][C@H1][Ring1][Branch1][C][=Branch1][C][=O],1226,19131668,4.7256,361.4
2895,[C@H1][C][C][C@@H1],1225,19130443,4.7259,361.5
2896,[C][=C][C][=C][C][Branch2][Ring1][Branch2],1225,19129218,4.7262,361.6
2897,[C][=C][Ring1][O][C][=Branch1][C][=O],1224,19127994,4.7265,361.7
2898,[C][=C][C][=Branch1][C][=O][O][C],1224,19126770,4.7268,361.8
2899,[C][=C][C][=C][C][Branch1][P],1223,19125547,4.7271,361.9
2900,[C][=Ring2][Ring1][Branch1],1223,19124324,4.7274,362
2901,[N][S][=Branch1][C][=O][=Branch1][C][=O][C][=C][C][=C][Branch1][C][F][C][=C][Ring1][#Branch1],1222,19123102,4.7277,362.1
2902,[N][Branch1][S][C][C][=C][C][=C],1222,19121880,4.728,362.2
2903,[C][=C][C][=C][Branch2][Ring1][Ring1][N][C][=Branch1][C][=O],1222,19120658,4.7283,362.3
2904,[N][C][=C][C][=Branch1],1221,19119437,4.7286,362.5
2905,[#Branch2][C][C][C][C][C][C],1221,19118216,4.7289,362.6
2906,[O][C][=C][C][=C][C][=C][Ring1][=Branch1][Ring1][=Branch2],1219,19116997,4.7292,362.7
2907,[Branch2][C][C][C][C][C][Ring1][Branch1],1219,19115778,4.7295,362.8
2908,[C@H1][Branch2][Ring1][Ring1],1217,19114561,4.7298,362.9
2909,[Ring1][=Branch1][=C],1216,19113345,4.7301,363
2910,[C][C@H1][Ring1][Ring1],1214,19112131,4.7304,363.1
2911,[C][C][=C][C][=C][C][Branch1][C][F][=C][Ring1][#Branch1],1214,19110917,4.7307,363.2
2912,[N][C][Branch1][C][S][=N],1214,19109703,4.731,363.3
2913,[N][Ring1][Branch1][C][C][C][C],1213,19108490,4.7313,363.4
2914,[C][O][C][C][O],1213,19107277,4.7316,363.6
2915,[C][=C][Ring1][N][=C],1211,19106066,4.7319,363.7
2916,[N][Branch1][=Branch1][C][Branch1][C][C],1211,19104855,4.7322,363.8
2917,[O][N][=C][Ring1][Branch1],1210,19103645,4.7325,363.9
2918,[C][=C][Branch1][C][F][C][=C][C][=C][Ring1][#Branch1][Cl],1210,19102435,4.7328,364
2919,[Branch1][C][C][C@@],1209,19101226,4.7331,364.1
2920,[C][C][=Branch1][C][=O][N][S][=Branch1][C][=O][=Branch1][C][=O],1209,19100017,4.7334,364.2
2921,[C][C][Branch2][Ring2],1208,19098809,4.7337,364.3
2922,[C][=C][Branch1][C][O][C][=C][Branch1][C][O][C][=C][Ring1][Branch2],1208,19097601,4.734,364.4
2923,[Branch1][C][=Branch1][C][=O][N][C][C],1207,19096394,4.7343,364.5
2924,[S][=Branch1][C][=O][=Branch1][C][=O][N],1206,19095188,4.7346,364.6
2925,[C][C][=C][Branch1][=C],1206,19093982,4.7349,364.7
2926,[N][Branch1][=Branch2][C][=C][C][=C][C][=C][Ring1][=Branch1][N][=Ring2],1206,19092776,4.7352,364.8
2927,[C][N][C][=Branch1][C][=O][C][=C][C][=C][C][=C][Ring1][=Branch1][C][Ring1][#Branch2][=O],1206,19091570,4.7355,364.9
2928,[C][=N][C][Branch1][#C],1205,19090365,4.7358,365
2929,[C@@H1][Branch1][C][O][C@],1205,19089160,4.7361,365.1
2930,[N][C][=Branch1][C][=O][C@H1][Branch1][#C][C][C][=C][NH1][C][=C][C][=C][C][=C][Ring1][=Branch2][Ring1][=Branch1],1205,19087955,4.7364,365.2
2931,[C][NH1][C][=C][C][Ring1][=Branch2][=Ring1][Branch1],1205,19086750,4.7367,365.3
2932,[C][C][=C][C][=C][Branch2][Ring2][=Branch2],1204,19085546,4.737,365.4
2933,[N][C][C][=Branch1][C][=O][O],1204,19084342,4.7373,365.6
2934,[N][C][C][=C][C][=N],1203,19083139,4.7376,365.7
2935,[C@@H1][Branch1][#Branch2][C][C][=C][C][=C][C][=C][Ring1][=Branch1],1202,19081937,4.7379,365.8
2936,[O][C][Branch2][Ring1][Ring2],1201,19080736,4.7382,365.9
2937,[=N][O][C][=Ring1],1201,19079535,4.7385,366
2938,[C][=C][C][Branch1][Ring1][C][#N][=C][C][=C][Ring1][Branch2],1201,19078334,4.7388,366.1
2939,[N][Branch1][=N][C][C][=C][C][=C][Branch1][C][Cl][C][=C][Ring1][#Branch1],1200,19077134,4.7391,366.2
2940,[N][C][=C][C][=C][N][=C],1199,19075935,4.7394,366.4
2941,[O][=C][Branch2][Ring1][Ring1][N],1199,19074736,4.7397,366.5
2942,[S][Ring2][Ring1][Branch1],1199,19073537,4.74,366.6
2943,[O][C][Ring1][Ring2],1199,19072338,4.7403,366.7
2944,[C][C][Branch1][=C],1198,19071140,4.7406,366.8
2945,[S][Ring1],1197,19069943,4.7409,367
2946,[C][C][=C][Branch2][Ring2],1196,19068747,4.7412,367.1
2947,[C][C][=C][C][=C][Branch1][=N],1196,19067551,4.7415,367.2
2948,[NH1][Ring1][P],1195,19066356,4.7418,367.3
2949,[N][=C][Ring2][Ring1][C],1195,19065161,4.7421,367.4
2950,[C][C][=C][C][=C][Branch1][C][Cl][C][Branch1][C][Cl][=C][Ring1][Branch2],1195,19063966,4.7424,367.5
2951,[Branch1][N],1194,19062772,4.7426,367.6
2952,[C][=C][Ring2][Ring1][C][O][C],1194,19061578,4.7429,367.7
2953,[N][C][N][C][C],1193,19060385,4.7432,367.8
2954,[C][=N][Ring1][S],1193,19059192,4.7435,367.9
2955,[N][C][C@@H1][Branch1][C][C],1193,19057999,4.7438,368
2956,[=N][C][S],1192,19056807,4.7441,368.1
2957,[N][C][=Branch1][C][=O][C@@H1][Branch1][C],1192,19055615,4.7444,368.2
2958,[N][/N][=C][/C][=C][C][=C][C][=C][Ring1][=Branch1],1192,19054423,4.7447,368.3
2959,[C][=Branch1][C][=O][N][C@@H1][Branch1][#Branch2][C][C][=C][C][=C][C][=C][Ring1][=Branch1],1191,19053232,4.745,368.4
2960,[C][=C][C][=C][C][Branch1][#Branch2][O][C][Branch1][C][F][Branch1][C][F][F],1191,19052041,4.7453,368.5
2961,[C][C][Branch1][#C],1190,19050851,4.7456,368.6
2962,[N][Branch1][C][C][N][=Ring1],1190,19049661,4.7459,368.8
2963,[Ring2][Branch1][Ring1],1189,19048472,4.7462,368.9
2964,[O][C][=C][C][=C][Branch1][C][O][C][=C][Ring1][#Branch1],1188,19047284,4.7465,369
2965,[C][O][C][=C][C][=C][Branch2][Ring2][#C],1188,19046096,4.7468,369.1
2966,[=N][C][=C][C][=C][C][=C][Ring1][=C][Ring1][=Branch1],1188,19044908,4.7471,369.2
2967,[C][=N][C][Branch1][Branch2],1184,19043724,4.7474,369.3
2968,[=N][N][C][=C][C][=Branch1][C][=O][NH1][C][Ring1][#Branch1][=O],1184,19042540,4.7477,369.5
2969,[C][C][O][P][=Branch1][C][=O][Branch1][Ring2][O][C][C],1184,19041356,4.748,369.6
2970,[N][C][=Branch1][C][=S][N],1183,19040173,4.7483,369.7
2971,[=C][Ring2][Ring1][C][C],1182,19038991,4.7486,369.8
2972,[N][C][=Branch1][C][=O][C][=C][C][Branch1],1182,19037809,4.7489,369.9
2973,[Branch2][C][C][C][=Branch1][C][=O][O][C][=Branch1][C][=O][O],1182,19036627,4.7492,370
2974,[N][Ring2][Ring1][Ring1][C],1181,19035446,4.7495,370.1
2975,[C][C][=C][C][=C][C][=C][Ring1][=Branch1][Cl],1181,19034265,4.7498,370.3
2976,[C][=C][C][=C][Branch1][#C][N][C][=Branch1][C][=O],1181,19033084,4.75,370.4
2977,[N][Branch1][#Branch2][C][C][=C][C][=C],1181,19031903,4.7503,370.5
2978,[C][=Ring1][=Branch2][Ring1][=Branch1],1181,19030722,4.7506,370.6
2979,[N][C][=Branch1][C][=O][C][=C][N][=C],1177,19029545,4.7509,370.7
2980,[=Branch1][C][Branch1][C][C][=O][C][=C][Ring1][=Branch2],1177,19028368,4.7512,370.9
2981,[Branch1][C][Cl][C][=N][Ring1][#Branch1],1177,19027191,4.7515,371
2982,[C][N][C][C@H1],1175,19026016,4.7518,371.1
2983,[C][=Branch1][C][=O][N][C][C][C][Branch1],1175,19024841,4.7521,371.2
2984,[C][Branch1][C][N][=N][Ring1][=Branch1],1175,19023666,4.7524,371.3
2985,[Branch1][Ring1][C][O][C],1174,19022492,4.7527,371.4
2986,[C][=C][C][=C][C][=C][Ring1][=Branch1][N+1][=Branch1][C][=O][O-1],1173,19021319,4.753,371.5
2987,[C][C][Ring2][Ring2][Ring1],1173,19020146,4.7533,371.6
2988,[C][=C][C][Branch1][=Branch2][C][Branch1][C][F][Branch1][C][F][F][=N],1173,19018973,4.7536,371.7
2989,[C][C][C][C][Ring1][=Branch1][C],1172,19017801,4.7539,371.8
2990,[C][C][=C][C][=C][Branch1][P],1172,19016629,4.7542,371.9
2991,[C][=N][Ring2][Ring1][=Branch1],1172,19015457,4.7544,372
2992,[C][Ring1][Branch2][=C][Ring1][N],1172,19014285,4.7547,372.1
2993,[Branch2][Branch1][=C],1171,19013114,4.755,372.2
2994,[N][C][C][=C][C][=N][C][=C][Ring1][=Branch1],1171,19011943,4.7553,372.3
2995,[C][=C][C][=C][C][=C][Ring1][#Branch2][Ring1][=Branch1][C][=Branch1][C][=O],1171,19010772,4.7556,372.4
2996,[/C][=Branch1][O][=C],1170,19009602,4.7559,372.5
2997,[C][C@][Ring1],1170,19008432,4.7562,372.6
2998,[C][=C][Ring2][Ring1][Ring1][O],1169,19007263,4.7565,372.7
2999,[=C][Ring2][Ring1][Branch1][C],1168,19006095,4.7568,372.8
3000,[C][=C][C][=C][C][Branch1][=N],1168,19004927,4.7571,372.9
3001,[/C][=C][/C][Branch1][C][C][=C],1168,19003759,4.7574,373.1
3002,[O][N][C][=Branch1][C][=O][C][C][C][Ring1][Ring1],1168,19002591,4.7577,373.2
3003,[C][Branch1][C][N][=N][C][=C][Ring1][#Branch1],1167,19001424,4.758,373.3
3004,[N][C][=C][C][=C][C][=C][C][=C][C][=C][Ring1][#Branch2][Ring1][=Branch1],1166,19000258,4.7583,373.4
3005,[N][C@@H1][Branch1][=N][C][C][=C][C][=C][Branch1][C][O][C][=C][Ring1][#Branch1],1166,18999092,4.7585,373.5
3006,[N][C][=C][C][=C][Branch1][=N],1165,18997927,4.7588,373.6
3007,[C][=C][C][Branch1][C][C][Branch1][C][C],1165,18996762,4.7591,373.8
3008,[C@H1][Branch2][Ring1][Branch2],1165,18995597,4.7594,373.9
3009,[Ring1][O][Ring1][=Branch1],1164,18994433,4.7597,374
3010,[C][Branch2][Ring2][=N],1164,18993269,4.76,374.1
3011,[\N][C][=Branch1][C][=O],1163,18992106,4.7603,374.2
3012,[=C][\C][=C][C][=C][Branch1],1163,18990943,4.7606,374.4
3013,[C][C][=C][C][=C][C][=C][Ring1][=Branch1][C][N][Ring1][#Branch2],1163,18989780,4.7609,374.5
3014,[C][N][C][=Branch1][C][=O][C@@H1],1162,18988618,4.7612,374.6
3015,[C][=C][C][Branch1][C][N][=C],1162,18987456,4.7615,374.7
3016,[Ring2][Ring1][O][=O],1162,18986294,4.7618,374.8
3017,[=N][Ring1][=Branch1],1161,18985133,4.762,374.9
3018,[S][Ring1][#Branch1],1161,18983972,4.7623,375
3019,[C][Branch2][Branch1][Ring2],1161,18982811,4.7626,375.1
3020,[C][C@@][Branch1][C][C][C][C],1161,18981650,4.7629,375.2
3021,[C][C][N][Branch1][Ring1][C][C][S][=Branch1][C][=O][=Branch1][C][=O],1161,18980489,4.7632,375.4
3022,[/C][Branch1][C][C][=N],1161,18979328,4.7635,375.5
3023,[Branch1][C][O][C][=C][C][=C][C][=C][Ring1][=Branch1],1160,18978168,4.7638,375.6
3024,[C@@H1][Ring1][Branch1],1160,18977008,4.7641,375.7
3025,[C][=C][C][=C][C][Branch2][Ring1][=Branch2],1160,18975848,4.7644,375.8
3026,[=N][N][=C][Ring1],1159,18974689,4.7647,375.9
3027,[C@@H1][Branch2][Ring1][=Branch2],1159,18973530,4.765,376
3028,[S][Branch1][C][C][=Branch1][C][=O][=O][C][C][Ring1][#Branch2],1159,18972371,4.7652,376.1
3029,[/C][=Branch1][#Branch2][=C][\C][=C],1159,18971212,4.7655,376.2
3030,[C][C][C][C][C][Branch1][O][C][C][Branch1][Ring2][C][Ring1][=Branch1][C][Ring1][=Branch2][C][Ring1][#Branch2],1158,18970054,4.7658,376.4
3031,[N][C][C][C][Branch1][Branch1][C][C][Ring1][=Branch1][C],1158,18968896,4.7661,376.5
3032,[F][C][=Branch1][C][=O][C][Branch1][=Branch1][C][=Branch1][C][=O][O][=C][N][Ring1][=N],1158,18967738,4.7664,376.6
3033,[C@@H1][Ring2][Ring1][#Branch1],1157,18966581,4.7667,376.7
3034,[C][=Ring1][Branch1][C][=N],1157,18965424,4.767,376.8
3035,[C][N][C][=Branch1][C][=O][C][C],1156,18964268,4.7673,376.9
3036,[/N][=C][\S],1156,18963112,4.7676,377
3037,[C][=C][C][=Branch1][C][=O][N][C][=C][C][=C],1156,18961956,4.7679,377.1
3038,[N][C][=Branch1][C][=O][C][Branch1][C][C],1155,18960801,4.7682,377.2
3039,[N][=Ring2][Ring1][Ring2],1155,18959646,4.7684,377.3
3040,[N][C][=Branch1][C][=O][C][=C][C][=C][C][=C][Ring1][=Branch1][C][Ring1][#Branch2][=O],1155,18958491,4.7687,377.4
3041,[C][=C][C][=C][C][=C][C][=C][Ring1][=Branch1][NH1][Ring1][=Branch2],1154,18957337,4.769,377.5
3042,[C@@H1][Branch2][Ring1][Branch1][O][C@@H1][O][C@H1][Branch1][C][C][C][C@H1][Branch1][=Branch1][N][Branch1][C][C][C][C@H1][Ring1][#Branch2][O][C@][Branch1][C][C],1154,18956183,4.7693,377.6
3043,[C][Ring1][=Branch2][=C][Ring1][=N],1153,18955030,4.7696,377.7
3044,[=N][\C],1152,18953878,4.7699,377.8
3045,[C][N][C][=C][C][=C][C][=C][Ring1][=Branch1],1152,18952726,4.7702,377.9
3046,[N][Ring1][O],1151,18951575,4.7705,378.1
3047,[O][C][=C][C][=C][C][Branch1],1151,18950424,4.7708,378.2
3048,[C@@H1][Branch2][Ring1][=Branch1],1151,18949273,4.7711,378.3
3049,[C][C][=C][C][=C][Branch2][Ring2][#Branch2],1150,18948123,4.7713,378.4
3050,[O][C@H1][Branch1][Ring1][C][O][C@H1][Branch1][C][O][C@H1],1150,18946973,4.7716,378.5
3051,[C][N][Branch1][=C],1149,18945824,4.7719,378.6
3052,[S][C][Branch1],1147,18944677,4.7722,378.7
3053,[C@H1][Branch1][C][O][C][C],1147,18943530,4.7725,378.9
3054,[N][C][=Branch1][C][=O][N][C][C][C][C][Ring1][Branch1],1147,18942383,4.7728,379
3055,[C][=C][C][Branch1][C][O][=C][Branch1][C][O][C][Branch1][C][O][=C][Ring1][=Branch2],1147,18941236,4.7731,379.1
3056,[O][C][Ring1][=Branch1],1146,18940090,4.7734,379.2
3057,[C][C][=C][C][=C][Branch1][C][O][C],1145,18938945,4.7737,379.3
3058,[N][C][=C][C][=C][Branch1][=Branch2][S][Branch1][C][N][=Branch1][C][=O][=O][C][=C][Ring1][#Branch2],1145,18937800,4.7739,379.4
3059,[=N][N][Ring1][#C],1144,18936656,4.7742,379.5
3060,[N][C][=C][N][=C][Branch1][C][N][N][=C][Ring1][#Branch1],1144,18935512,4.7745,379.7
3061,[C][Branch1][Branch2][N][C][C][C][C][Ring1][Branch1],1143,18934369,4.7748,379.8
3062,[C][C][=N][NH1][C][=Branch1][C][=O],1142,18933227,4.7751,379.9
3063,[=Branch2][C][Branch1][C][F][Branch1][C][F][F][C][=N][Ring1][#Branch2],1142,18932085,4.7754,380
3064,[/C][=C][/S],1141,18930944,4.7757,380.1
3065,[Ring1][#Branch2][Ring1][=Branch1],1141,18929803,4.776,380.2
3066,[C@H1][Branch2][Ring1][P],1141,18928662,4.7762,380.3
3067,[C][=Branch1][C][=O][N][Branch1][=Branch2][C][=C][C][=C][C][=C][Ring1][=Branch1],1141,18927521,4.7765,380.5
3068,[O][C][Ring1][O][=O],1141,18926380,4.7768,380.6
3069,[C][=C][C][=C][Ring1][#Branch2][Ring1][=Branch1],1140,18925240,4.7771,380.7
3070,[Branch1][C][C][C@@H1],1139,18924101,4.7774,380.8
3071,[C][=Branch1][C][=O][N][Ring1][=C],1139,18922962,4.7777,380.9
3072,[O][C][O][Ring1][Branch2],1139,18921823,4.778,381
3073,[C][C][=C][C][=C][N][=C],1137,18920686,4.7783,381.1
3074,[Ring1][#C][O],1137,18919549,4.7785,381.2
3075,[N][S][=Branch1][C][=O][=Branch1][C][=O][C][=C][C][=C][Branch2][Ring1],1137,18918412,4.7788,381.4
3076,[N][C][=N][C][Branch1][=Branch2][C][=C][C][=C][C][=C][Ring1][=Branch1],1136,18917276,4.7791,381.5
3077,[C][=Ring2][Ring1][=Branch1],1136,18916140,4.7794,381.6
3078,[N][C][=C][C][=C][Branch2][Ring1][Ring2],1136,18915004,4.7797,381.7
3079,[C][Branch1][C][N][=N][C][Branch1][C],1136,18913868,4.78,381.8
3080,[O][C][=Ring1][=Branch1][C],1136,18912732,4.7803,381.9
3081,[N][Branch2][Ring1][=C],1135,18911597,4.7806,382
3082,[C][O][C][=C][C][Branch2][Ring1][Branch2],1135,18910462,4.7808,382.1
3083,[C][C][Branch1][C][C][N][C][C],1134,18909328,4.7811,382.2
3084,[C][=C][S][C][=Ring1][Branch1],1134,18908194,4.7814,382.3
3085,[C][=C][Ring2][Ring1][C][O],1133,18907061,4.7817,382.4
3086,[C][Branch1][Ring1][C][#N][=C],1133,18905928,4.782,382.6
3087,[=C][Ring2][Ring2][#Branch1],1132,18904796,4.7823,382.7
3088,[O][C][Branch1][C][N][=O],1131,18903665,4.7826,382.8
3089,[C][=C][Branch1][C][O][C][Branch1],1131,18902534,4.7829,382.9
3090,[C][=C][Branch1][Ring1][O][C][C][=C][Ring1][#Branch2],1131,18901403,4.7831,383
3091,[O][C][=C][C][=C][C][=C][Ring1][=Branch1][C][=Branch1][C][=O],1129,18900274,4.7834,383.1
3092,[N][C][C][N][Branch1][#C],1129,18899145,4.7837,383.2
3093,[O][C][=C][C][=C][Branch1][C][C][C][=C][Ring1][#Branch1],1129,18898016,4.784,383.3
3094,[=C][Ring1][#Branch2][C],1128,18896888,4.7843,383.4
3095,[C@@][Ring1][Branch2],1128,18895760,4.7846,383.5
3096,[=C][Ring1][#Branch2][F],1128,18894632,4.7849,383.6
3097,[O][C][=Ring1][Branch1],1128,18893504,4.7851,383.7
3098,[=N][Ring1],1127,18892377,4.7854,383.8
3099,[N][C][=Branch1][C][=O][C@H1][Branch1][=Branch2],1127,18891250,4.7857,383.9
3100,[C][=C][C][=C][Branch1][C][F][C][Branch1][C][F][=C][Ring1][Branch2],1127,18890123,4.786,384.1
3101,[N][#C][C][=C][Branch1][C][N],1126,18888997,4.7863,384.2
3102,[C][=C][C][=C][Branch1][C][O][C][Branch1],1126,18887871,4.7866,384.3
3103,[S][Ring2][Ring1][#Branch2],1124,18886747,4.7868,384.4
3104,[O][C][C][C][C][=Branch1][C][=O],1123,18885624,4.7871,384.5
3105,[C][=C][O],1122,18884502,4.7874,384.6
3106,[C][C][=N][C][=C],1122,18883380,4.7877,384.7
3107,[N][C][C][C][Branch1][=C],1122,18882258,4.788,384.8
3108,[C][C][C][C][O][C][=Branch1][C][=O],1121,18881137,4.7883,384.9
3109,[C][Branch1][C][C][=N][Ring1][#Branch1],1120,18880017,4.7886,385
3110,[C][=C][C][=C][Ring1][=Branch1][C][Branch1][C][F][Branch1][C][F][F],1119,18878898,4.7888,385.2
3111,[C][C][=C][C][=C][NH1],1118,18877780,4.7891,385.3
3112,[Ring1][#Branch2][O],1118,18876662,4.7894,385.4
3113,[=Ring2][Ring1][=Branch2],1118,18875544,4.7897,385.5
3114,[S][C][=C][C][=C][Branch1][=Branch1][N+1][=Branch1][C][=O][O-1][C][=C][Ring1][=Branch2],1118,18874426,4.79,385.6
3115,[C][C][C][Ring1][=C],1117,18873309,4.7903,385.7
3116,[C@][Branch1][C][C][C][=Branch2],1117,18872192,4.7905,385.8
3117,[N][Ring2][Ring1][Branch1][C],1116,18871076,4.7908,386
3118,[C][=N][Ring2][Ring1][=Branch2],1116,18869960,4.7911,386.1
3119,[N][C][C][C][Branch1][P],1116,18868844,4.7914,386.2
3120,[O][=C][Branch2][Ring2][Branch2],1115,18867729,4.7917,386.3
3121,[C][C][=Branch1][C][=O][N][C],1114,18866615,4.792,386.4
3122,[O][C][C][Branch1][C][F][Branch1][C][F][F],1113,18865502,4.7922,386.5
3123,[Ring2][=Branch1],1112,18864390,4.7925,386.7
3124,[C][=C][C][NH1],1111,18863279,4.7928,386.8
3125,[N][C][=C][C][=C][Branch1][=Branch1][C][=Branch1][C][=O][O][C][=C][Ring1][=Branch2],1111,18862168,4.7931,386.8
3126,[S][C][=Ring1][=Branch1],1111,18861057,4.7934,386.9
3127,[C][N][Branch1][#C],1110,18859947,4.7937,387
3128,[O][=C][Branch1][C][O][C][=C][C][=C],1110,18858837,4.7939,387.2
3129,[O][C][=C][C][=C][Branch1][=Branch2][C][Branch1][C][F][Branch1][C][F][F][C][=C][Ring1][#Branch2],1110,18857727,4.7942,387.3
3130,[N][C][=C][C][=C][Branch2][Ring2],1108,18856619,4.7945,387.4
3131,[C][Branch1][C][C][=C][Branch1],1108,18855511,4.7948,387.5
3132,[N][C][C][N][Branch2][Ring1][=Branch2],1108,18854403,4.7951,387.6
3133,[N][Branch1][C][C][S][Branch1][C][C][=Branch1][C][=O][=O],1108,18853295,4.7953,387.7
3134,[C][C][=Branch1][C][=O][N][C@H1],1107,18852188,4.7956,387.8
3135,[S][C][=Branch1][C][=S],1107,18851081,4.7959,387.9
3136,[N][C][=Branch1][C][=O][C@H1][Branch1][=N][C][C][=C][C][=C][Branch1][C][O][C][=C][Ring1][#Branch1],1107,18849974,4.7962,388
3137,[N][=N][Ring2][Ring1],1106,18848868,4.7965,388.1
3138,[C][C][=C][Branch1][C][F][C][=C][C][=C][Ring1][#Branch1][F],1106,18847762,4.7967,388.3
3139,[C][C][C][N][C][=N],1105,18846657,4.797,388.4
3140,[C][=C][C][=C][Branch1][Branch2][C][=C][Ring1][=Branch1],1105,18845552,4.7973,388.5
3141,[=Branch1][C][=Branch1][C][=O][O][C][C][Ring1][=Branch2],1105,18844447,4.7976,388.6
3142,[C][=Branch1][C][=O][N][C][C][C][C][C][Ring1][=Branch1],1104,18843343,4.7979,388.7
3143,[C@][Ring1][=Branch1],1103,18842240,4.7982,388.8
3144,[Ring1][N][O],1103,18841137,4.7984,389
3145,[Ring1][=Branch1][C][=N],1103,18840034,4.7987,389.1
3146,[C][=C][C][C@@H1][C@@][Branch1][C][C][C][C],1103,18838931,4.799,389.2
3147,[C][O][C][C][C][C],1102,18837829,4.7993,389.3
3148,[=C][Ring2][Ring1][=Branch1][C],1102,18836727,4.7996,389.4
3149,[S][C][=C][C][=C][Branch1][C][Cl][C][=C][Ring1][#Branch1],1101,18835626,4.7998,389.5
3150,[C][Ring2][Ring1][=Branch2][=C][Ring2][Ring1][=N],1101,18834525,4.8001,389.6
3151,[C][=C][Branch1][C][C][C@@H1][C][C][C@],1101,18833424,4.8004,389.7
3152,[=N][C][C][=C][C][=C][C][Branch1][C][Cl][=C][Ring1][#Branch1],1100,18832324,4.8007,389.8
3153,[C][O][C][=C][C][Branch2][Ring1][=Branch2],1099,18831225,4.801,389.9
3154,[N][=Ring2][Ring1][Ring1],1099,18830126,4.8012,390
3155,[Ring1][O][C][=N],1098,18829028,4.8015,390.1
3156,[C][=N][O][C][Branch1],1098,18827930,4.8018,390.2
3157,[N][Branch1][#Branch1][C][C][C][C][Ring1][Ring1],1098,18826832,4.8021,390.4
3158,[N][C][=C][C][=C][Branch1][C][C],1097,18825735,4.8024,390.5
3159,[N][Branch2][Ring1][P],1097,18824638,4.8026,390.6
3160,[O][C][=C][C][=C][C][Branch1][C][Cl][=C][Ring1][#Branch1],1096,18823542,4.8029,390.7
3161,[N+1][Branch1][C][C][Branch1][C][C],1096,18822446,4.8032,390.7
3162,[C][=C][C][=C][C][=C][Ring1][N][Ring1][=Branch1],1096,18821350,4.8035,390.8
3163,[C][N][Branch1][#Branch2][C][C][=C][C][=C][C][=C][Ring1][=Branch1][C],1096,18820254,4.8038,390.9
3164,[C][=C][C][Branch1][=Branch1][N+1][=Branch1][C][=O][O-1][=C][Ring1][=Branch2],1096,18819158,4.804,391
3165,[O][C][Ring1][O],1095,18818063,4.8043,391.2
3166,[=C][C][=Branch1][C][=O][O][C][Branch1][C][C][Branch1][C][C][C][C][C][Ring1][=N],1095,18816968,4.8046,391.3
3167,[C][N][C][=Branch1][C][=O][C@H1][Branch1],1094,18815874,4.8049,391.4
3168,[C][=C][C][=C][Branch2][Ring2][=N],1094,18814780,4.8052,391.5
3169,[O][/C][=C][/C][=C][C][=C][C][=C][Ring1][=Branch1],1094,18813686,4.8054,391.6
3170,[C][C][=C][Branch2][Ring1][Ring2],1093,18812593,4.8057,391.7
3171,[C@H1][Branch1][=C][O][C][=Branch1][C][=O][C][=C][C][=C][C][=C][Ring1][=Branch1],1093,18811500,4.806,391.8
3172,[=Ring2][Ring1][C],1092,18810408,4.8063,391.9
3173,[C][C][O][C][=Branch1][C][=O][N][C][C],1092,18809316,4.8066,392.1
3174,[C][=C][Ring2][Ring1][S][O][C],1092,18808224,4.8068,392.2
3175,[C][=Branch1][C][=O][N][C][=C][C][=C][Branch1],1091,18807133,4.8071,392.3
3176,[C][C][Branch2][Ring1][#Branch1],1091,18806042,4.8074,392.4
3177,[C][=N][C][=C][C][=C][C][=C][Ring1][=Branch1][S][Ring1][=Branch2],1091,18804951,4.8077,392.5
3178,[C][=C][Branch1][#Branch1][C][Ring1][Branch1][=C][Ring1][=Branch2],1091,18803860,4.8079,392.6
3179,[O][C@H1][Branch1][Ring1][C][O][C@@H1][Branch1][C][O][C@H1][Ring1][Branch2][O],1091,18802769,4.8082,392.8
3180,[C][=C][C][=C][C][=C][Ring1][=Branch1][=N],1090,18801679,4.8085,392.9
3181,[C][=Branch1][C][=O][N][Ring2][Ring1],1090,18800589,4.8088,393
3182,[B][Branch1][C][O][O],1090,18799499,4.8091,393.1
3183,[=Ring2][Ring1][Branch2],1089,18798410,4.8093,393.2
3184,[C][Branch1][=Branch2][C][=C][C][=C][C][=C][Ring1][=Branch1][C],1089,18797321,4.8096,393.3
3185,[Branch1][C][C][=C][C][=C][Branch1][#Branch2],1089,18796232,4.8099,393.4
3186,[C][C][=C][C][Branch1][C][C][=C][C][Branch2][Ring1],1089,18795143,4.8102,393.6
3187,[C@][Ring1][S],1088,18794055,4.8105,393.7
3188,[C@@][Ring1][O],1087,18792968,4.8107,393.8
3189,[Ring1][Ring1][=C],1087,18791881,4.811,393.9
3190,[C][=C][C][=C][C][Branch1][S],1086,18790795,4.8113,394
3191,[N][C][=C][C][=C][Branch1][#C],1086,18789709,4.8116,394.1
3192,[C][C][=Branch1][C][=O][N][C][Branch1][C][C],1085,18788624,4.8118,394.2
3193,[N][C][=N][C][Branch1][C][O][=C],1085,18787539,4.8121,394.3
3194,[C@@][Ring1][=Branch2],1084,18786455,4.8124,394.5
3195,[C][=C][C][=C][C][=N],1083,18785372,4.8127,394.6
3196,[C][N][Branch1][C][C][C][=N],1083,18784289,4.813,394.7
3197,[=N][NH1][C][Ring1][=N][=C][Ring1][P],1083,18783206,4.8132,394.8
3198,[C][C][C][O][Ring1][Branch1],1082,18782124,4.8135,394.9
3199,[C][O][C][C@H1],1081,18781043,4.8138,395
3200,[N][N],1080,18779968,4.8141,395.1
3201,[Ring2][Branch1][=Branch2],1080,18778888,4.8143,395.3
3202,[C][C][=C][C][Branch1][C][F][=C][C][Branch1][C][F][=C][Ring1][Branch2],1080,18777808,4.8146,395.4
3203,[C@@][Ring1][#Branch2],1079,18776729,4.8149,395.5
3204,[Ring2][Ring1][Ring2][O],1079,18775650,4.8152,395.6
3205,[C][=C][S][Ring1][Branch1][C],1079,18774571,4.8154,395.7
3206,[C][C][=N][C][Branch1],1078,18773493,4.8157,395.8
3207,[C][C][N][C][=Branch1][C][=O][C][=C][C][=C],1078,18772415,4.816,395.9
3208,[C][=C][N][C][=Branch1][Ring2][=N],1078,18771337,4.8163,396
3209,[C][C][C][Ring1][Branch2],1077,18770260,4.8166,396.1
3210,[C][O][C][=C][Branch1],1076,18769184,4.8168,396.2
3211,[C][=C][C][C@H1],1075,18768109,4.8171,396.4
3212,[Branch1][C][C][C][C][C@H1],1075,18767034,4.8174,396.5
3213,[O][=C][N],1074,18765960,4.8177,396.6
3214,[N][C][=N][C][=C][C][=Branch1][Ring2][=N][Ring1][=Branch1],1074,18764886,4.8179,396.7
3215,[Ring1][Ring1][C][C],1073,18763813,4.8182,396.8
3216,[N][C][O][C][C][=C][C][=C][C][=C][Ring1][=Branch1],1073,18762740,4.8185,396.9
3217,[=C][S][Ring1][=N],1073,18761667,4.8188,397
3218,[C][Ring2][Ring1][Branch2][=C][Ring2][Ring1][N],1073,18760594,4.819,397.1
3219,[O][C][Ring1][N][=O],1073,18759521,4.8193,397.2
3220,[=Branch1][C][=Branch1][C][=O][O][C@H1],1072,18758449,4.8196,397.3
3221,[Ring2][C][Ring1][#Branch1],1072,18757377,4.8199,397.4
3222,[Ring2][Branch1][=Branch1],1072,18756305,4.8201,397.5
3223,[O][C@@H1][Branch1][Ring1][C][O],1072,18755233,4.8204,397.6
3224,[C][=C][C][=C][C][=C][Ring1][=Branch1][Br],1071,18754162,4.8207,397.7
3225,[C][=C][C][=C][C][=C][Ring1][=Branch1][Ring1][P],1071,18753091,4.821,397.8
3226,[C][C][C][N][Ring1][=Branch1],1070,18752021,4.8212,398
3227,[C][C][N][N][=C],1070,18750951,4.8215,398.1
3228,[O][C][C][Branch1][C][C],1069,18749882,4.8218,398.2
3229,[=C][C][=C][Ring1][=Branch2],1069,18748813,4.8221,398.3
3230,[C][=C][C][=C][C][=C][Ring1][=Branch1][Ring1][=C],1069,18747744,4.8223,398.4
3231,[=N][C][=C][C][=C][C][=C][Ring1][=Branch1][NH1][Ring1][=Branch2],1069,18746675,4.8226,398.5
3232,[C][Branch2][Ring1][Branch1][C][=Branch1][C][=O],1068,18745607,4.8229,398.6
3233,[N][=N][C][=C][C][=C][C][=C][Ring1][#Branch2][Ring1][=Branch1][C][C][C][C][Ring1][=N],1068,18744539,4.8232,398.7
3234,[O][C][Branch1][Ring1][C][O][C],1067,18743472,4.8234,398.8
3235,[O][Ring2][Ring1][P],1066,18742406,4.8237,398.9
3236,[Branch1][#Branch2][C][C][=C][C][=C][C][=C][Ring1][=Branch1],1066,18741340,4.824,399
3237,[N][C][=Branch1][C][=O][C][=C][S],1065,18740275,4.8243,399.1
3238,[/C][=C][\S][C][=Branch1][C][=S],1065,18739210,4.8245,399.2
3239,[C][C][=Branch1][C][=O][N][C@@H1],1064,18738146,4.8248,399.3
3240,[C][=C][C][=C][Branch1][#Branch1][N][C][Branch1][C][C][=O],1064,18737082,4.8251,399.4
3241,[Branch1][C][N][C][=N],1063,18736019,4.8254,399.5
3242,[C][Branch1][C][C][=C][Branch1][C][C],1063,18734956,4.8256,399.6
3243,[Branch2][Branch1][C][C][=Branch1][C][=O],1063,18733893,4.8259,399.7
3244,[C][Ring1][Branch1][C][=Branch1][C][=O],1062,18732831,4.8262,399.9
3245,[/N][=C][/C][=C][C][=C],1062,18731769,4.8265,400
3246,[N][=C][Branch1][N][C][=C][C][=C][Branch1][C][F][C][=C][Ring1][#Branch1],1061,18730708,4.8267,400.1
3247,[N][Ring1][=Branch2][Ring1][=Branch1],1061,18729647,4.827,400.2
3248,[C@@H1][Ring1][O][C][C],1060,18728587,4.8273,400.3
3249,[O][C][O][C][=Branch1][C][=O],1059,18727528,4.8275,400.4
3250,[Ring1][=C][O],1059,18726469,4.8278,400.5
3251,[C@][Branch1][C][O][C][C],1059,18725410,4.8281,400.6
3252,[C@H1][Branch2][Ring1][Branch1],1058,18724352,4.8284,400.7
3253,[Branch2][=Branch1][Ring2],1058,18723294,4.8286,400.8
3254,[S][C][C][=C][C][=C][C][=C][Ring1][=Branch1],1057,18722237,4.8289,400.9
3255,[C][=Branch1][C][=O][C][C],1055,18721182,4.8292,401
3256,[N][C][=N][C][=N][C][=C][Ring1][=Branch1][N][=C][N][Ring1][Branch1][C@@H1],1055,18720127,4.8295,401.1
3257,[N][C][=Branch1][C][=O][N][C],1053,18719074,4.8297,401.2
3258,[N][=N][Ring1][#Branch1],1053,18718021,4.83,401.3
3259,[C][N][C][C][C][C][Ring1][Branch1][=O],1053,18716968,4.8303,401.5
3260,[C][Ring2][Ring1][#C][=O],1053,18715915,4.8305,401.5
3261,[N][Ring1][#Branch2][C],1052,18714863,4.8308,401.6
3262,[Ring1][O][C][C][Ring1][P],1052,18713811,4.8311,401.8
3263,[=N][O][Ring1][N],1052,18712759,4.8314,401.9
3264,[N][N][C][C][N][Branch1][C][C][C][C][Ring1][#Branch1][C][=C][Ring1][=N],1052,18711707,4.8316,402
3265,[C][=C][C][Branch1][=Branch1][N+1][=Branch1][C][=O][O-1],1051,18710656,4.8319,402.1
3266,[/C][=C][/C][=N],1051,18709605,4.8322,402.2
3267,[=Branch1][C][=Branch1][C][=N][N][=C][Ring1][=Branch2],1050,18708555,4.8324,402.3
3268,[C][C][Branch1][C][C][O][C][=C][C][=C],1049,18707506,4.8327,402.4
3269,[C][=C][C][=C][C][Branch1][#Branch1],1049,18706457,4.833,402.5
3270,[Ring2][Ring1][Branch2][O],1049,18705408,4.8333,402.6
3271,[O][C][Branch2][Ring1][Ring1],1049,18704359,4.8335,402.7
3272,[N][C][=N][C][=C][C][=N][Ring1][=Branch1],1049,18703310,4.8338,402.8
3273,[#Branch1][C][=Branch1][C][=O][N][O],1049,18702261,4.8341,402.9
3274,[N][=C][C][=C][C][=C][C][Ring1][=Branch1],1047,18701214,4.8343,403
3275,[C][O][C][=C][C][Branch2][Ring1][#Branch2],1047,18700167,4.8346,403.1
3276,[N][C][=C][C][=C][Branch1][C][I][C][=C][Ring1][#Branch1],1047,18699120,4.8349,403.2
3277,[N][Ring1][=Branch1][C][=Ring1][=Branch2],1046,18698074,4.8352,403.3
3278,[N][Branch1][=Branch2][C][=C][C][=C][C][=N][Ring1][=Branch1],1045,18697029,4.8354,403.5
3279,[N][C][=C][C][=C][Branch1][C][Cl][C][=C][Ring1][#Branch1][C][C][Ring1][=N],1043,18695986,4.8357,403.6
3280,[O][C@H1][Branch1][Ring1][C][O][C@@H1][Branch1][C][O][C@@H1],1043,18694943,4.836,403.7
3281,[Branch1][C][C][C][C][C][Branch1][O][C][C][Branch1][Ring2][C][Ring1][=Branch1][C][Ring1][=Branch2][C][Ring1][#Branch2],1043,18693900,4.8362,403.8
3282,[Cl][=N],1042,18692858,4.8365,403.9
3283,[O][=C][Branch1][C][O][C@H1],1042,18691816,4.8368,404
3284,[C@@H1][Branch2][Ring1][Ring1],1042,18690774,4.837,404.1
3285,[S][C][=C][C][=C],1041,18689733,4.8373,404.3
3286,[O][C][=C][C][=C][Branch1][=Branch1][N+1][=Branch1][C][=O][O-1][C][=C][Ring1][=Branch2],1040,18688693,4.8376,404.4
3287,[=C][/C][=C][C][=C][Branch1],1040,18687653,4.8378,404.5
3288,[C][Branch1][Ring1],1039,18686614,4.8381,404.6
3289,[N][C][=C][C][=C][Branch1][Ring1][O][C][C][=C][Ring1][Branch2],1039,18685575,4.8384,404.7
3290,[C][=C][C][=Branch1][C][=O][NH1],1039,18684536,4.8387,404.8
3291,[N][N][=C][Branch1][=Branch2][C][=C][C][=C][C][=C][Ring1][=Branch1],1039,18683497,4.8389,404.9
3292,[C][C][=C][Branch1][N][NH1],1037,18682460,4.8392,405
3293,[C@@H1][Branch2][Ring1][#Branch2],1036,18681424,4.8395,405.1
3294,[=C][S][Ring1][N],1036,18680388,4.8397,405.2
3295,[N][C][=Branch1][C][=S][N][C][=Branch1][C][=O],1036,18679352,4.84,405.4
3296,[C][C][=C][C][=C][Branch1][C][Br][C][=C][Ring1][#Branch1],1035,18678317,4.8403,405.5
3297,[O][=C][Branch1][C][O][C][=C][Ring1][Branch2],1035,18677282,4.8405,405.6
3298,[/C][=Branch2][Ring1][=Branch1],1035,18676247,4.8408,405.7
3299,[/C][=C][/C][=C][C][=C][Branch1][C][F][C][=C][Ring1][#Branch1],1034,18675213,4.8411,405.8
3300,[=C][Branch1][=N],1033,18674180,4.8413,405.9
3301,[C][=C][C][=C][C][Branch1][#C],1032,18673148,4.8416,406
3302,[C][C][C][N][Ring1][Branch1][C][C],1032,18672116,4.8419,406.1
3303,[O][=C][Branch1][O][N][C][C][=C][C][=C][C][=C][Ring1][=Branch1],1032,18671084,4.8421,406.2
3304,[N][C][=N][N][=C],1031,18670053,4.8424,406.3
3305,[C][=N][Ring2][Ring1][Ring2],1031,18669022,4.8427,406.4
3306,[C][C][=C][C][=C][Branch2][Ring2][Branch2],1031,18667991,4.8429,406.5
3307,[=Branch1][C][=Branch1][C][=O][N][C][C],1030,18666961,4.8432,406.6
3308,[C][O][C][=Branch1][C][=O][C][=C][C][=C],1030,18665931,4.8435,406.7
3309,[N][Branch2][Ring1][Ring2][C][=Branch1][C][=O],1030,18664901,4.8437,406.8
3310,[=N][C][C][=C][C][=C][C][Branch1][C][F][=C][Ring1][#Branch1],1029,18663872,4.844,407
3311,[N][C][=Branch1][C][=O][C@@H1][Branch1][C][N][C][C],1029,18662843,4.8443,407.1
3312,[C][=C][N][Branch1][Branch1][C][Ring1][=Branch1][=O],1029,18661814,4.8445,407.2
3313,[C][O][C][=C][C][=C][Branch1][=Branch2],1028,18660786,4.8448,407.3
3314,[C][=C][C][=C][Branch1][=Branch2][C][Branch1][C][F][Branch1][C][F][F][N][=C][Ring1][#Branch2],1028,18659758,4.8451,407.4
3315,[C@H1][C][N][C][C],1027,18658731,4.8453,407.5
3316,[Branch1][C][O][C][Ring1][#Branch1],1027,18657704,4.8456,407.6
3317,[C][=C][C][=C][C][Branch1][Branch2],1027,18656677,4.8459,407.7
3318,[N][=C][Branch2][Ring1][=N],1027,18655650,4.8461,407.8
3319,[N][C][C][=C][C][=C][S][Ring1][Branch1],1027,18654623,4.8464,407.9
3320,[=C][Ring2][Ring2][=Branch1],1027,18653596,4.8467,408
3321,[N][C][C][C][Ring1][Ring2],1027,18652569,4.8469,408.1
3322,[C][=C][C][=C][C][=C][Ring2][Ring1][C][Ring1][=Branch1],1027,18651542,4.8472,408.2
3323,[NH1][Ring1][=Branch1],1026,18650516,4.8475,408.3
3324,[=Ring2][Ring1][#Branch2],1026,18649490,4.8477,408.4
3325,[C][=C][C][=N][C][Branch1],1026,18648464,4.848,408.5
3326,[C][C][O][C][=Branch1][C][=O][N],1026,18647438,4.8483,408.6
3327,[C][C][=C][NH1][C][=N][Ring1][Branch1][C][=Branch1][C][=O],1026,18646412,4.8485,408.8
3328,[C][S][C][C],1025,18645387,4.8488,408.9
3329,[N][=C][Ring1][#Branch2][Ring1][=Branch1],1025,18644362,4.8491,409
3330,[C][=C][Branch2][Ring2][#Branch1],1025,18643337,4.8493,409.1
3331,[N-1][=N+1],1024,18642313,4.8496,409.3
3332,[/N][=C][\C],1023,18641290,4.8499,409.4
3333,[C@H1][C][C@H1][Branch1],1023,18640267,4.8501,409.5
3334,[C][C][N][Branch2][Ring1][Ring1],1023,18639244,4.8504,409.6
3335,[C][=N][Ring2][Ring1][Branch2],1022,18638222,4.8507,409.7
3336,[N][=Ring2][Ring1][#Branch1],1022,18637200,4.8509,409.8
3337,[C@@H1][Ring1][N],1021,18636179,4.8512,410
3338,[C][=C][C][Branch1][=Branch1][C][=Branch1][C][=O][O][=C][C][=C][Ring1][=Branch2],1021,18635158,4.8515,410.1
3339,[C][=N][C][=N][C][=C][Ring1][=Branch1],1020,18634138,4.8517,410.2
3340,[C][=C][C][=C][Branch1][=Branch1][N+1][=Branch1][C][=O][O-1][O][Ring1][Branch2],1020,18633118,4.852,410.3
3341,[C][C][Branch1][C][C][C@@H1],1018,18632100,4.8523,410.4
3342,[N][Ring2][Ring1][P],1018,18631082,4.8525,410.5
3343,[C][O][C][=C][C][=C][Branch2][Ring1][O],1018,18630064,4.8528,410.6
3344,[C][=N][C][=C][S][Ring1][Branch1],1018,18629046,4.8531,410.7
3345,[O][C@@H1][O][C@@][Branch1][C][C][C][C],1018,18628028,4.8533,410.8
3346,[O][=C][C][=C][Branch1],1017,18627011,4.8536,410.9
3347,[O][C][C][=C][C][=C][Branch1][C][F][C][=C][Ring1][#Branch1],1017,18625994,4.8539,411
3348,[C][C][=C][C@@H1],1016,18624978,4.8541,411.1
3349,[C][=Branch1][C][=O][N][Ring1][=Branch1],1016,18623962,4.8544,411.2
3350,[N][=N][Ring2][Ring1][Ring1],1016,18622946,4.8547,411.4
3351,[N][C][=C][C][=C][Branch2][Ring1][Ring1],1016,18621930,4.8549,411.5
3352,[O][=C][Branch2][Ring2][=Branch2],1016,18620914,4.8552,411.6
3353,[C][=Branch1][C][=O][N][Ring1][#C],1016,18619898,4.8555,411.7
3354,[#C][C][=Branch1][C][=O][O][C][C][=C][C][=C][C][=C][Ring1][=Branch1],1016,18618882,4.8557,411.8
3355,[C][Branch1][C][Cl][=C][Ring1][=Branch2],1015,18617867,4.856,411.9
3356,[C][O][C][=C][C][=C][Branch1][#C],1015,18616852,4.8562,412
3357,[N][=C][N][Ring1][Branch1][C][C][C][C],1015,18615837,4.8565,412.1
3358,[C@H1][Ring1],1014,18614823,4.8568,412.2
3359,[C][=Branch1][C][=O][O][C][Ring1][=Branch1],1014,18613809,4.857,412.3
3360,[C][C@][C][C][C@@H1],1014,18612795,4.8573,412.5
3361,[C][=N][N][Ring1][Branch1][C],1014,18611781,4.8576,412.6
3362,[C@@H1][Branch1][=C][O][C][=Branch1][C][=O][C][=C][C][=C][C][=C][Ring1][=Branch1],1014,18610767,4.8578,412.7
3363,[=C][C][C@@H1],1013,18609754,4.8581,412.8
3364,[C][Ring1][#Branch1][=C][Ring1][O],1013,18608741,4.8584,412.9
3365,[C][=Branch1][C][=O][N][C][Branch1][=Branch1][C][=Branch1][C][=O],1013,18607728,4.8586,413
3366,[O][C][C][C][N][C][C][C][C][C][Ring1][=Branch1],1012,18606716,4.8589,413.1
3367,[N][Branch2][Ring1][=N],1011,18605705,4.8592,413.2
3368,[N][Branch1][C][C][C][=N],1011,18604694,4.8594,413.3
3369,[C][=C][C][Branch1][=Branch1][C][Branch1][C][C],1011,18603683,4.8597,413.4
3370,[N][C][=N][N][=C][Ring1][Branch1],1011,18602672,4.8599,413.5
3371,[C][C][=C][C][=C][Branch1][C][F],1010,18601662,4.8602,413.7
3372,[C][O][C][=Branch1][C][=O][C][N][C][=Branch1][C][=O],1010,18600652,4.8605,413.8
3373,[/C][=C][\C][C][C][C][C][C][C],1010,18599642,4.8607,413.9
3374,[S][S][=Branch1][C][=O][=Branch1][C][=O][N][C][C][C][C][C][Ring1][=Branch1][C][=C][Ring1][#C],1010,18598632,4.861,414
3375,[Branch1][C][C][C][=Branch2],1009,18597623,4.8613,414.2
3376,[Ring1][Branch2][=O],1009,18596614,4.8615,414.3
3377,[/C][=C][C][=C][C][=C][Ring1][=Branch1],1008,18595606,4.8618,414.4
3378,[O][=C][Branch1][C][O][C@@H1],1008,18594598,4.8621,414.5
3379,[N][C][C][=C][C][=C][C][=Branch1][Ring2][=C][Ring1][=Branch1][O][C][O][Ring1][=Branch1],1007,18593591,4.8623,414.6
3380,[N][S][=Branch1][C][=O][=Branch1][C][=O][C][=C][C][=C][Branch1][C][C][C][=C][Ring1][#Branch1],1007,18592584,4.8626,414.8
3381,[C][Branch2][Ring2][=C],1006,18591578,4.8628,414.9
3382,[C][Branch1][C][C][=C][Ring1][=Branch2],1006,18590572,4.8631,415
3383,[C][O][C][=C][C][=C][Branch2][Ring2][P],1006,18589566,4.8634,415.1
3384,[Branch1][O][C][C][Branch1][Ring2][C][Ring1][=Branch1][C][Ring1][=Branch2][C][Ring1][#Branch2],1005,18588561,4.8636,415.2
3385,[N][Ring2][Ring1][C],1004,18587557,4.8639,415.3
3386,[C][C][C@@][Ring2][Ring1],1004,18586553,4.8642,415.4
3387,[C][Branch1][Branch2][C][=C][C][=C][S][Ring1][Branch1],1004,18585549,4.8644,415.6
3388,[N][C][C][N][Branch1][#Branch2][C][=C][C][=C][C][=C][Ring1][=Branch1][F][C][C][Ring1][=N],1004,18584545,4.8647,415.7
3389,[O][C][C@@H1][Ring1][=Branch1],1003,18583542,4.8649,415.8
3390,[O][C@][Branch1],1003,18582539,4.8652,415.9
3391,[C][=C][C][=C][Branch2][Ring1][Branch1][C][=Branch1][C][=O],1002,18581537,4.8655,416
3392,[Branch1][=Branch1][C][=Branch1][C][=O][O],1002,18580535,4.8657,416.1
3393,[O][C][C][O][Ring1][=Branch1],1001,18579534,4.866,416.2
3394,[N][C][=Branch1][C][=O][C@H1][Branch1][Ring1][C][O],1001,18578533,4.8663,416.3
3395,[N][C][C][O],1000,18577533,4.8665,416.5
3396,[Branch2][Ring2][O],1000,18576533,4.8668,416.6
3397,[C@@H1][O][C@H1][Branch1],1000,18575533,4.867,416.7
3398,[C][=C][N][Branch1][=Branch2][C][=C][C][=C][C][=C][Ring1][=Branch1][N][=C][Ring1],1000,18574533,4.8673,416.8
3399,[C][=Branch1][#Branch2],998,18573535,4.8676,417
3400,[C][O][C][Branch1][C][C][=O],998,18572537,4.8678,417.1
3401,[N][Branch1][Ring2][C][C][C][C],997,18571540,4.8681,417.2
3402,[O][C][Ring1][S],996,18570544,4.8684,417.3
3403,[C][C][Branch2][Ring1][Ring1],996,18569548,4.8686,417.4
3404,[C@@H1][Branch1][Ring1][C][O][O][Ring1][Branch2],996,18568552,4.8689,417.6
3405,[O][C][=Branch1][C][=O][N][C][C][C][Ring1][Ring1],996,18567556,4.8691,417.7
3406,[=C][S][Ring1][#C],995,18566561,4.8694,417.8
3407,[=Ring1][Branch1][C],994,18565567,4.8697,417.9
3408,[/N][=C][Branch1][C][\S],994,18564573,4.8699,418
3409,[Ring1][C][=N],993,18563580,4.8702,418.1
3410,[O][C][N][C][=Branch1][C][=O],993,18562587,4.8704,418.2
3411,[Ring1][#Branch2][=N],993,18561594,4.8707,418.4
3412,[=C][Branch1][C][N],992,18560602,4.871,418.5
3413,[=Branch2][C][Branch1][C][F][Branch1][C][F][F][C][=C][Ring1][=Branch2],992,18559610,4.8712,418.6
3414,[Branch1][C][=C][Ring1][=Branch1],992,18558618,4.8715,418.7
3415,[NH1][Ring1][S],992,18557626,4.8717,418.8
3416,[S][=Branch1][C][=O][=Branch1][C][=O][N][Branch1][C][C][C],992,18556634,4.872,418.9
3417,[C][N][Branch2][Ring1][=Branch2],992,18555642,4.8723,419
3418,[O][C][C][=C][N][Branch1],992,18554650,4.8725,419.2
3419,[O][C][C][=C][C][=C][C][Branch1][C][F][=C][Ring1][#Branch1],992,18553658,4.8728,419.3
3420,[C][=C][C][Branch1][Ring1][O][C][=C][C][Branch1][Ring1][O][C][=C][Ring1][#Branch2],992,18552666,4.873,419.4
3421,[C][=C][C][=C][C][=C][Ring1][=Branch1][Ring1][O],991,18551675,4.8733,419.5
3422,[C@H1][Branch1][Ring1][O][C],991,18550684,4.8736,419.6
3423,[Branch1][C][N][C][=Branch1][C][=O][O],990,18549694,4.8738,419.7
3424,[C@H1][Branch2][Ring1][#Branch1],989,18548705,4.8741,419.9
3425,[C][=C][C][=C][C][=C][Ring1][#C][Ring1][=Branch1],989,18547716,4.8743,420
3426,[C][O][C][=C][C][=C][Branch1][=N],988,18546728,4.8746,420.1
3427,[Branch2][Branch1][Branch1],987,18545741,4.8749,420.2
3428,[C][=C][C][C][C@H1],987,18544754,4.8751,420.3
3429,[/C][=Branch2][Ring1][#Branch1],987,18543767,4.8754,420.5
3430,[C][C][Ring1][=Branch2][C][Ring1][#Branch1],987,18542780,4.8756,420.6
3431,[N][C][C][C][Branch1][#Branch2][C][C][=C][C][=C][C][=C][Ring1][=Branch1][C][C][Ring1][=N],987,18541793,4.8759,420.7
3432,[C][=Branch1][C][=O][N][C][C][C][C][C][Ring1][Branch1],987,18540806,4.8762,420.8
3433,[N][=C][Branch1][C][N][N][C][C],986,18539820,4.8764,420.9
3434,[N][C][C][C][C][Branch1],985,18538835,4.8767,421
3435,[C][=C][N][=C][Branch1][C][N],985,18537850,4.8769,421.2
3436,[C][C][=C][C][=C][C][=C][Ring1][=Branch1][N][C][=Branch1][C][=O],985,18536865,4.8772,421.3
3437,[C][C][C@][Ring2][Ring1],985,18535880,4.8775,421.4
3438,[/C][=Branch1][Ring2][=N],985,18534895,4.8777,421.5
3439,[C][S][C][=N][C][Branch1],984,18533911,4.878,421.6
3440,[C][Branch1][C][N][=N][Ring1][#Branch1],984,18532927,4.8782,421.8
3441,[O][C][=C][C][=C][Branch2][Ring1][#C],984,18531943,4.8785,421.9
3442,[C][C][N][C][C][N][Branch2][Ring2],984,18530959,4.8788,422
3443,[S][=Branch1][C][=O][=Branch1][C][=O][C][=C][C][=C][Branch1][C][Br][C][=C][Ring1][#Branch1],983,18529976,4.879,422.1
3444,[N][Branch1][=N][C][=C][C][=C][Branch1][C][Cl][C][=C][Ring1][#Branch1][Cl],983,18528993,4.8793,422.3
3445,[C][=C][C][Ring1][#Branch1][=C][Ring1][O],983,18528010,4.8795,422.4
3446,[C][C][C][C][C@H1][Ring1][=Branch1],983,18527027,4.8798,422.5
3447,[C][=C][Ring1][P][O][C],982,18526045,4.88,422.6
3448,[C][=N][Ring1][#C],981,18525064,4.8803,422.7
3449,[N][S][=Branch1][C][=O][=Branch1][C][=O][C][=C][C][=C][C][=Branch1][Ring2][=C][Ring1][=Branch1],981,18524083,4.8806,422.8
3450,[C][=Ring2][Ring1][=Branch2],980,18523103,4.8808,422.9
3451,[Branch2][Ring2][=Branch1][C],979,18522124,4.8811,423.1
3452,[C][Ring1][=Branch1][=N],979,18521145,4.8813,423.2
3453,[O][C][C][=C][C][=C][Branch1][C][Cl][C][=C][Ring1][#Branch1],979,18520166,4.8816,423.3
3454,[C][=C][C][Branch1][=Branch2][C][=C][C][=C][N][=C][Ring1][=Branch1],979,18519187,4.8819,423.4
3455,[C][N][=N][NH1][N][=Ring1][Branch1],979,18518208,4.8821,423.5
3456,[C][C][Ring1][N][=C],978,18517230,4.8824,423.7
3457,[O][S][C][C][=C][C][=C][C][=C][Ring1][=Branch1],978,18516252,4.8826,423.8
3458,[=C][/N],977,18515275,4.8829,423.9
3459,[O][C][C][=C][C][=C][Branch1],977,18514298,4.8831,424
3460,[C][=N][C][=C][Ring1][#Branch1],977,18513321,4.8834,424.1
3461,[C][C][=C][Branch1][N][C][=C][C][=C][Branch1][C][Cl][C][=C][Ring1][#Branch1],977,18512344,4.8837,424.2
3462,[C][C][C@H1][Branch1][C][C][C@@H1],975,18511369,4.8839,424.3
3463,[C][=C][C][=C][Branch1][S][C][=C][C][=C][C][=C][Ring1][=Branch1][C][N][=N][NH1][N][=Ring1][Branch1][C][=C][Ring1][P],975,18510394,4.8842,424.4
3464,[O][C][S],974,18509420,4.8844,424.5
3465,[C@][Branch1][C][C][C@@H1][Ring1][Branch2],974,18508446,4.8847,424.7
3466,[C][Branch1][C][O][Branch1][=Branch2][C][Branch1][C][F][Branch1][C][F][F][C][Branch1][C][F][Branch1][C][F][F],974,18507472,4.8849,424.8
3467,[C@H1][C][O][C][=Branch1][C][=O],973,18506499,4.8852,424.9
3468,[C@@H1][Branch1][Branch2][N][C][=Branch1][C][=O],973,18505526,4.8855,425
3469,[C][=C][C][=C][Branch2][Ring2][=C],972,18504554,4.8857,425.1
3470,[C][Branch1][C][C][=N][Ring1][Branch2],972,18503582,4.886,425.2
3471,[=C][\C][=Branch1][C][=O],972,18502610,4.8862,425.4
3472,[N][C][=Branch1][C][=N][N],972,18501638,4.8865,425.5
3473,[C][=C][C][=C][Branch1][#Branch1][N][C][Branch1][C][C][=O][C][=C][Ring1][#Branch2],972,18500666,4.8867,425.6
3474,[O][C@@H1][Branch1][C][O][C@H1][Branch1][C][O][C@H1],971,18499695,4.887,425.7
3475,[Branch1][C][O][C][Branch1][C][Br],970,18498725,4.8873,425.8
3476,[/C][=C][/C][=C][C][Branch1][Ring1][O],970,18497755,4.8875,426
3477,[O][=C][C][S],969,18496786,4.8878,426.1
3478,[/N][=C][/C],969,18495817,4.888,426.2
3479,[C][C][C][C][=C][Branch2][Ring1],969,18494848,4.8883,426.3
3480,[C][=C][C][Branch1][C][O][=C][Ring1][Branch2],969,18493879,4.8885,426.4
3481,[O][=C][Branch2][Ring1][=Branch1][C],968,18492911,4.8888,426.5
3482,[C][C][C][C][C][C][C][C][C][C][C][C][C][C][C][C][C][C],968,18491943,4.889,426.7
3483,[C@H1][Branch2][Ring1][#Branch2],967,18490976,4.8893,426.8
3484,[O][=C][C][C][Branch1],966,18490010,4.8896,426.9
3485,[C][=C][C][Branch1][=Branch1][C][Branch1][C][N][=O],966,18489044,4.8898,427
3486,[C][Ring2][Ring2][Branch1],966,18488078,4.8901,427.1
3487,[C][=C][Branch1][C][C][C][=C][Ring1][#Branch1],965,18487113,4.8903,427.3
3488,[=Branch1][C][Branch1][C][C][=O][C][C][Ring1][=Branch2],965,18486148,4.8906,427.4
3489,[C][Branch1][#Branch2][N][C][C],964,18485184,4.8908,427.5
3490,[O][O][C][=Branch1][C][=O],963,18484221,4.8911,427.6
3491,[C][N][Ring1][=N],963,18483258,4.8913,427.7
3492,[C][=C][Branch1][C][Cl][C][Branch1][C][Cl][=C][Ring1][Branch2],963,18482295,4.8916,427.8
3493,[/C][=C][/C][=C][C][=C][C][=N][Ring1][=Branch1],963,18481332,4.8919,427.9
3494,[#Branch1][S][=Branch1][C][=O][=Branch1][C][=O],962,18480370,4.8921,428
3495,[C][C][O][C][=C],961,18479409,4.8924,428.2
3496,[C][C][C][N][=C],961,18478448,4.8926,428.3
3497,[N][=C][Ring1][Branch1][C][C],960,18477488,4.8929,428.4
3498,[C@@][Branch1][C][O][C],959,18476529,4.8931,428.5
3499,[C][O][C][=Branch1][C][=O][C@H1][Branch1],959,18475570,4.8934,428.6
3500,[Ring2][Branch1][Branch1],959,18474611,4.8936,428.7
3501,[O][C@H1][Branch1][Ring1][C][O][C@H1][Branch1][C][O][C@H1][Branch1][C][O][C@H1][Ring1][#Branch2],959,18473652,4.8939,428.9
3502,[C][=Branch1][C][=O][N][C][=C][C][=C][Branch1][C][Cl][C][=C][Ring1][#Branch1],958,18472694,4.8941,429
3503,[Branch2][C][=C][C][=C][O][Ring1][Branch1][=N],958,18471736,4.8944,429.1
3504,[Branch1][C][F][C][=C][Ring1][Branch2][F],958,18470778,4.8947,429.2
3505,[C@@H1][Ring1][=Branch1][C],957,18469821,4.8949,429.3
3506,[C][N][Branch1][#Branch2][C][C][=C][C][=C][C][=C][Ring1][=Branch1],957,18468864,4.8952,429.4
3507,[C][C][/C][=C][Branch1][C][\C],957,18467907,4.8954,429.5
3508,[C][C][N][Branch1][#Branch2],956,18466951,4.8957,429.7
3509,[C@H1][O][C],955,18465996,4.8959,429.8
3510,[O][C][Ring1][#C][=O],955,18465041,4.8962,429.9
3511,[N][=C][Branch1][C][Cl],954,18464087,4.8964,430
3512,[=N][C][Ring1][N][=C][Ring1][S],954,18463133,4.8967,430.2
3513,[N][C][C][C][=N],953,18462180,4.8969,430.3
3514,[C][C][C][Ring1][P],953,18461227,4.8972,430.4
3515,[O][C][=C][C][Branch1][C],953,18460274,4.8974,430.5
3516,[C][C][C][C][C][C][C][C][C][C][C][C][C][C][C][C][=Branch1][C][=O],953,18459321,4.8977,430.7
3517,[C][=C][C][=Branch1][C][=O][N][C][C],952,18458369,4.8979,430.8
3518,[C@@H1][Branch1][#Branch2][C][C][=C][C][=C][C][=C][Ring1][=Branch1][C][=Branch1][C][=O],952,18457417,4.8982,430.9
3519,[N][C][Ring1][=Branch1][=O],952,18456465,4.8984,431.1
3520,[C][O][C][=C][C][=C][Branch1][=C],951,18455514,4.8987,431.2
3521,[C@H1][Branch1][Ring1][C][O][C@@H1][Branch1][C][O][C@H1],951,18454563,4.899,431.3
3522,[C][=C][C][=C][Branch1][=Branch2][C][Branch1][C][F][Branch1][C][F][F][C][=N][Ring1][#Branch2],951,18453612,4.8992,431.4
3523,[Ring2][Ring1][Branch1][C][C],950,18452662,4.8995,431.6
3524,[C@@][Ring1][P],950,18451712,4.8997,431.7
3525,[C][=C][C][=C][Branch1][=Branch1][C][=Branch1][C][=N][N][C][=C][Ring1][=Branch2],950,18450762,4.9,431.8
3526,[C][=N][C][Branch2][Ring1],949,18449813,4.9002,431.9
3527,[S][=Branch1][C][=O][=Branch1][C][=O][O][=C],949,18448864,4.9005,432.1
3528,[C@@H1][Ring2][Ring1][=Branch1],949,18447915,4.9007,432.2
3529,[/C][=Branch2][Ring1][Branch1],949,18446966,4.901,432.3
3530,[Branch2][C][C][=C][Branch1][C][C],949,18446017,4.9012,432.4
3531,[C][C][=C][C][=C][C][=Branch1][Ring2][=C][Ring1][=Branch1][O][C][O][Ring1][=Branch1][C][C][Ring1][S],949,18445068,4.9015,432.6
3532,[C][=C][C][=C][C][Branch1][=Branch2][C][=C][C][=C][C][=C][Ring1][=Branch1],948,18444120,4.9017,432.7
3533,[C][C][=C][Branch1][C][Cl][C][=C][C][=C][Ring1][#Branch1],948,18443172,4.902,432.8
3534,[Branch1][S][=Branch1][C][=O][=Branch1][C][=O],946,18442226,4.9022,433
3535,[N][C][=N][C][=N][C][=C][Ring1][=Branch1][C],946,18441280,4.9025,433.1
3536,[C][=C][C][Branch1][=Branch2][C][=C][C][=N][C][=C][Ring1][=Branch1],946,18440334,4.9027,433.2
3537,[NH1][Ring1][N],945,18439389,4.903,433.3
3538,[O][C][=C][C][=C][Branch2][Ring1][Ring2],945,18438444,4.9032,433.5
3539,[C][Branch2][Ring2][P],944,18437500,4.9035,433.6
3540,[C][C][=C][C][Branch2][Branch1],944,18436556,4.9037,433.7
3541,[C][C][=C][C][=C][C][Branch1][Branch2],944,18435612,4.904,433.8
3542,[C][C][=C][C][=C][C][=Branch1][Ring2][=C][Ring1][=Branch1][C],944,18434668,4.9042,434
3543,[N][Branch1][Branch2][C][C],943,18433725,4.9045,434.1
3544,[F][=C],942,18432783,4.9047,434.2
3545,[Branch1][C][C][C][C][C][C],942,18431841,4.905,434.3
3546,[O][C][=C][C][Branch2][Ring1],942,18430899,4.9052,434.4
3547,[O][C][=C][C][=C][C][=C][Ring1][=Branch1][Cl],942,18429957,4.9055,434.5
3548,[C][C][=C][N][Branch2][Ring2],941,18429016,4.9057,434.6
3549,[C][Branch1][=Branch2][N][C][C][N][C][C][Ring1][=Branch1],941,18428075,4.906,434.8
3550,[O][C][=Branch1][C][=O][C][=C][C][=C][C][=C][Ring1][=Branch1][C],940,18427135,4.9062,434.9
3551,[C@@H1][Branch1][#Branch1],939,18426196,4.9065,435
3552,[S][C][=N][N][=C][Branch1],939,18425257,4.9067,435.1
3553,[O][C][=C][C][=C][Branch1][C][C],938,18424319,4.907,435.2
3554,[O][C][C][N][C][C][O][C][C][Ring1][=Branch1],938,18423381,4.9072,435.4
3555,[N][C][C][C][=Branch1][C][=O],937,18422444,4.9075,435.5
3556,[C][=C][C][=C][Ring1][O],937,18421507,4.9077,435.6
3557,[C][O][C][=C][C][=C][Branch2][Ring1][N],937,18420570,4.908,435.7
3558,[Ring2][Ring1][N][=O],936,18419634,4.9082,435.8
3559,[C][Branch1][O][N][C][C][=C][C][=C][C][=C][Ring1][=Branch1],936,18418698,4.9085,435.9
3560,[O][C][Ring1][#Branch2],935,18417763,4.9087,436
3561,[C][C][=N][N][=C][Branch2][Ring1],935,18416828,4.909,436.2
3562,[C][=C][N][=C][Branch1][#Branch2],935,18415893,4.9092,436.3
3563,[C][C][=C][Branch1][C][Cl][C][=C][C][=C][Ring1][#Branch1][Cl],934,18414959,4.9095,436.4
3564,[C][Ring1][Branch2][=C][Ring1],933,18414026,4.9097,436.5
3565,[S][C][=Branch1][C][=O][C][=C][C][=C],933,18413093,4.91,436.6
3566,[C][C][N][C][C][N][Branch1],932,18412161,4.9102,436.8
3567,[C][=C][C][=C][Branch1][=Branch1],931,18411230,4.9105,436.9
3568,[NH1][Ring1][#C],931,18410299,4.9107,437
3569,[N][=C][Branch1][=Branch2][C][=C][C][=C][C][=N][Ring1][=Branch1],931,18409368,4.911,437.1
3570,[#Branch1][N][C][C][C][Ring1][Ring1],931,18408437,4.9112,437.2
3571,[S][S][=Branch1][C][=O][=Branch1][C][=O][N][C][=N][C][=C][S][Ring1][Branch1],930,18407507,4.9115,437.3
3572,[C][=C][Branch1][Branch1][C],929,18406578,4.9117,437.4
3573,[C][C][Ring1][Ring2],929,18405649,4.912,437.6
3574,[C@][Ring2][Ring1][Ring1],929,18404720,4.9122,437.7
3575,[N][#C][C][=C][C][=C],929,18403791,4.9125,437.8
3576,[O][C][Ring1][Branch1][=O],929,18402862,4.9127,437.9
3577,[C][C][C][=C][Branch2][Ring1],928,18401934,4.913,438
3578,[Ring2][Ring1][C][C][=C][Ring2][Ring1][Branch2],928,18401006,4.9132,438.1
3579,[/C][Ring1][=Branch1],927,18400079,4.9135,438.2
3580,[C][=C][N][=C][NH1],927,18399152,4.9137,438.3
3581,[O][=C][Branch1][C][O][C][C][C][C],926,18398226,4.914,438.5
3582,[C][C@@H1][Branch1][C][N],925,18397301,4.9142,438.6
3583,[Ring2][Ring1][=N][=O],925,18396376,4.9144,438.7
3584,[C][=Branch1][#Branch1],924,18395452,4.9147,438.8
3585,[C][O][C][C][C][N],924,18394528,4.9149,439
3586,[C][C][Ring1][Ring1],923,18393605,4.9152,439.1
3587,[Ring1][C][O][C][=Branch1][C][=O],923,18392682,4.9154,439.2
3588,[Ring2][Ring1][=Branch2][O],923,18391759,4.9157,439.3
3589,[NH1][C][Ring1][#C][=O],923,18390836,4.9159,439.5
3590,[C][O][C][=C][C][Branch1][Ring1][O][C][=C][C][Branch2][Ring2],923,18389913,4.9162,439.6
3591,[C][C][=C][O][C][=Ring1][Branch1][C],923,18388990,4.9164,439.7
3592,[/C][=C][/N],922,18388068,4.9167,439.8
3593,[C][C][=C][Branch1][=Branch1][C][=Branch1][C][=O][O],922,18387146,4.9169,439.9
3594,[C][C][Ring2][Ring2][Ring2],922,18386224,4.9172,440.1
3595,[N][N][=C][C][=N][Ring1][Branch1],922,18385302,4.9174,440.2
3596,[C][C][C][C][N][C][C],921,18384381,4.9177,440.3
3597,[C][C][=N][O][C][Branch1][C][C][=C][Ring1][=Branch1][C],921,18383460,4.9179,440.4
3598,[C][Branch2][Ring2][S],919,18382541,4.9181,440.6
3599,[C][O][C@],918,18381623,4.9184,440.7
3600,[C][C][=Branch1][C][=O][N][C@H1][Branch1],918,18380705,4.9186,440.8
3601,[C][=Branch1][C][=O][N][Ring1][P],918,18379787,4.9189,440.9
3602,[N][C][=N][C][=C][C][=C][C][=C][Ring1][=Branch1][S][Ring1][=Branch2],918,18378869,4.9191,441
3603,[N][C][=C][C][=C][Branch1][C][N][C][=C][Ring1][#Branch1],918,18377951,4.9194,441.1
3604,[C][=C][C][=C][Branch1][Ring2][O][C][C],918,18377033,4.9196,441.3
3605,[N][=N][Ring1][=Branch1],917,18376116,4.9199,441.4
3606,[N][=C][Ring1][=Branch2][Ring1][Branch1],917,18375199,4.9201,441.5
3607,[C][=C][C][=C][C][=C][Ring1][=Branch1][S][=Branch1][C][=O][=Branch1][C][=O],916,18374283,4.9204,441.7
3608,[C][Branch1][C][O][Branch1],916,18373367,4.9206,441.8
3609,[C][Ring2][Ring1][#Branch2][=C][Ring2][Ring1][=C],916,18372451,4.9208,441.9
3610,[C][=C][C][N][Branch1],915,18371536,4.9211,442
3611,[C][C][=C][C][=C][C][=C][Ring1][=Branch1][F],915,18370621,4.9213,442.2
3612,[C][Branch1][=N][C][=C][C][=C][Branch1][Ring1][O][C][C][=C][Ring1][Branch2],915,18369706,4.9216,442.3
3613,[O][C][C][=C][C][=C][C][=C][C][=C][C][Ring1][=Branch1][=N][Ring1][#Branch2],915,18368791,4.9218,442.4
3614,[N][C][=Branch1][C][=O][NH1],914,18367877,4.9221,442.5
3615,[C][C][Branch1][Ring2],914,18366963,4.9223,442.6
3616,[C][O][C][=C][C][=C][Branch2][Ring2][S],914,18366049,4.9226,442.8
3617,[=N][C][=C][C][=C][C][Branch1][C][Cl][=C][Ring1][#Branch1][Cl],914,18365135,4.9228,442.9
3618,[C][O][N][=C],913,18364222,4.9231,443
3619,[C@H1][O][C][=Branch1][C][=O],913,18363309,4.9233,443.1
3620,[=C][Branch1][N][C][=C][C][=C][Branch1][C][Cl][C][=C][Ring1][#Branch1],913,18362396,4.9235,443.2
3621,[N][C][=C][N][=C][Ring1][Branch1][C],913,18361483,4.9238,443.4
3622,[C][C][=C][Branch1][C][C][C],912,18360571,4.924,443.5
3623,[C][N][C][C][O][C][C][Ring1][=Branch1][C][=C][Ring1][=N],912,18359659,4.9243,443.6
3624,[NH1][C][=C][C][=C][C][=C][Ring1][=Branch1][C][=Ring1][=Branch2],912,18358747,4.9245,443.7
3625,[C][=C][C][=C][C][Branch1][#Branch2][O][C][=C][C][=C][C][=C][Ring1][=Branch1][=C][Ring1][=N],912,18357835,4.9248,443.9
3626,[C][=C][N][C][=Branch1][Ring2][=N][Ring1][Branch1],912,18356923,4.925,444
3627,[=C][N][Ring2][Ring1],911,18356012,4.9253,444.1
3628,[C@H1][Branch2][Ring1][=Branch2],911,18355101,4.9255,444.2
3629,[N][=C][Branch1][=Branch2][C][=C][C][=C][C][=C][Ring1][=Branch1][C][=C][C][=C][C][=C][Ring1][=Branch1],911,18354190,4.9257,444.4
3630,[C][C@H1][C][N][Branch1][#Branch1][C@H1][Branch1][C][C][C][O][C][=Branch1][C][=O],911,18353279,4.926,444.5
3631,[C][Branch1][C][N][=S],911,18352368,4.9262,444.6
3632,[C][N][Branch1][#Branch2][C][C][=C][C][=C][C][=C][Ring1][=Branch1][C][=Branch1][C][=O],910,18351458,4.9265,444.7
3633,[C][C][C@][Branch1][=Branch1][C][=Branch1][C][=O][O][C][C],910,18350548,4.9267,444.8
3634,[C][C][C][O][C][=Branch1][C][=O],909,18349639,4.927,445
3635,[N][=C][Branch1][C][N][N],909,18348730,4.9272,445.1
3636,[=N][C][=C][Ring1][=N],908,18347822,4.9275,445.2
3637,[N][C][=Branch1][C][=O][C][N][C][C],907,18346915,4.9277,445.3
3638,[C@][Branch1][C][O][Branch1],907,18346008,4.9279,445.4
3639,[C][=C][C][=C][Ring1][P],906,18345102,4.9282,445.6
3640,[C][=Branch1][C][=O][N][Branch1][=Branch2],906,18344196,4.9284,445.7
3641,[Ring2][C][C][#N],906,18343290,4.9287,445.8
3642,[C][C][=N][O][C][Branch2][Ring1],906,18342384,4.9289,445.9
3643,[/C][#N],905,18341479,4.9292,446
3644,[C@@H1][Branch1][Ring1][O][C],905,18340574,4.9294,446.2
3645,[C][N][C@@H1][Branch1][C][C],905,18339669,4.9296,446.3
3646,[/C][=Branch1][Branch2],905,18338764,4.9299,446.4
3647,[O][=C][Branch1][=N][N][C][=C][C][=C][Branch1][C][Cl][C][=C][Ring1][#Branch1],905,18337859,4.9301,446.5
3648,[N][N][=N][N][=C][Ring1][Branch1],905,18336954,4.9304,446.6
3649,[C][Branch1][C][I][=C][Ring1][#Branch1],905,18336049,4.9306,446.7
3650,[C@][Ring1][#Branch1][Branch1][C][C][C@H1][Ring1][N][C][C],905,18335144,4.9309,446.8
3651,[N][C][=C][C][=C][Branch1][#Branch2][O][C][Branch1][C][F][Branch1][C][F][F][C][=C][Ring1][O],905,18334239,4.9311,446.9
3652,[N][C][C][N][Branch1][N][C][=Branch1][C][=O][C][=C][C][=C][O][Ring1][Branch1][C][C][Ring1][=N],905,18333334,4.9313,447
3653,[/C][=Branch1][#Branch1],904,18332430,4.9316,447.1
3654,[C][C][C][Ring1][Ring1][=C],903,18331527,4.9318,447.2
3655,[O][C@H1][C][C][C@H1],903,18330624,4.9321,447.3
3656,[Ring1][O][C][C][=Branch1][C][=O],903,18329721,4.9323,447.5
3657,[C@@H1][Branch1][C][O][C][C][=Branch1][C][=O],903,18328818,4.9326,447.6
3658,[C][Branch1][C][N][C][C],902,18327916,4.9328,447.7
3659,[N][C][=C][C][=C][C][Branch2][Ring1],902,18327014,4.933,447.8
3660,[O][C][Branch1][=N],902,18326112,4.9333,447.9
3661,[O][C][Branch1][=Branch2][C][Branch1][C][F][Branch1][C][F][F],902,18325210,4.9335,448
3662,[N][Ring1][=Branch1][C][=N],902,18324308,4.9338,448.1
3663,[N][#C][C][=C][C][=C][Branch2][Ring2],902,18323406,4.934,448.3
3664,[C][C][=C][C][=C][Branch2][Ring2][=Branch1],902,18322504,4.9343,448.4
3665,[N][C][C@@H1][C][C],901,18321603,4.9345,448.5
3666,[S][S][=Branch1][C][=O][=Branch1][C][=O][N][C][C][O][C][C][Ring1][=Branch1][=C][C][=C][Ring1][#C],901,18320702,4.9347,448.6
3667,[C][=Branch1][C][=O][C][Branch1],900,18319802,4.935,448.8
3668,[C][=N][N][Ring1][Branch1],900,18318902,4.9352,448.9
3669,[O][C][=Ring1][=Branch1],900,18318002,4.9355,449
3670,[O][=C][Branch2][Ring2][#Branch2],899,18317103,4.9357,449.1
3671,[N][C][=Branch1][C][=O][C@@H1][Branch1][C][N][C][C][=C][C][=C][Branch1][C][O][C][=C][Ring1][#Branch1],899,18316204,4.936,449.2
3672,[C@@H1][Branch1][C],898,18315306,4.9362,449.3
3673,[C][C][O][C@@H1],898,18314408,4.9364,449.5
3674,[O][C][Branch1][P],898,18313510,4.9367,449.6
3675,[N][C][C][C][C][C][C][Ring1][=Branch1][C],898,18312612,4.9369,449.7
3676,[=C][/C][=Branch1][C][=O],898,18311714,4.9372,449.8
3677,[NH1][N][=C][C][Ring1][Branch1][=C][Ring1][=Branch2],898,18310816,4.9374,449.9
3678,[C][=Ring2][Ring1][#Branch2],897,18309919,4.9377,450
3679,[N][C][Branch1][P],896,18309023,4.9379,450.2
3680,[O][C][=N][C][=C][C][=C][Ring1][=Branch1],896,18308127,4.9381,450.3
3681,[N][C@@H1][Branch1][=Branch2],896,18307231,4.9384,450.4
3682,[N][=C][Branch1][C][N][N][C][C][C][C@H1],896,18306335,4.9386,450.5
3683,[O][=C][N][C][C],895,18305440,4.9389,450.7
3684,[C][C][Branch1][Ring1][C][O],895,18304545,4.9391,450.8
3685,[C][C@H1][Branch2][Ring2],894,18303651,4.9393,450.9
3686,[Branch2][Ring1][Branch1][C][=Branch1][C][=O],894,18302757,4.9396,451
3687,[C][O][C][=C][C][=C][C][=C][Ring1][=Branch1][C][=Ring1][=Branch2],894,18301863,4.9398,451.1
3688,[#Branch1][C][C][=Branch1][C][=O][O][C][=C][Ring1][#Branch2],894,18300969,4.9401,451.3
3689,[C][Ring2][Ring1][S][=O],894,18300075,4.9403,451.4
3690,[=N][C][C][=C][C][=C][Branch1][C][Br][C][=C][Ring1][#Branch1],892,18299183,4.9405,451.5
3691,[Cl][C][=C][C][=C][Branch2][Ring1],891,18298292,4.9408,451.7
3692,[Branch1][C][F][C][Branch1][C][F][=C][Ring1][#Branch2][F],891,18297401,4.941,451.8
3693,[C@H1][Ring1][=Branch1][C][=Branch1][C][=O],890,18296511,4.9413,451.9
3694,[Branch2][Branch1][=N],889,18295622,4.9415,452
3695,[C@][Ring2][Ring1][=Branch1],889,18294733,4.9418,452.1
3696,[C][=C][Ring1][O][Cl],889,18293844,4.942,452.2
3697,[O][C@H1][Branch1][Ring1][C][O][C@@H1][Branch1][C][O][C@H1][Ring1][Branch2],889,18292955,4.9422,452.4
3698,[N][Branch1][#Branch1][C][C][=Branch1][C][=O],888,18292067,4.9425,452.5
3699,[N][C][=C][Branch1][C][C][C][=Branch1][C][=O][NH1][C][Ring1][Branch2][=O],888,18291179,4.9427,452.6
3700,[O][C][C][N][C][=Branch1][C][=O],887,18290292,4.943,452.7
3701,[N][C][=N][C][=C][Branch2][Ring1],887,18289405,4.9432,452.9
3702,[C][=C][C][Branch1][C][I],887,18288518,4.9434,453
3703,[C][=C][Ring1][P][Cl],887,18287631,4.9437,453.1
3704,[Branch1][C][O][C][Branch1][C][F][Branch1][C][F][F],887,18286744,4.9439,453.2
3705,[N][=C][C][Branch1][Ring1][O],887,18285857,4.9441,453.4
3706,[C][Branch1][S][C][=Branch1][C][=O][N][C][C],887,18284970,4.9444,453.5
3707,[N][C][=C][C][Branch1][C],886,18284084,4.9446,453.6
3708,[C][C][=C][Branch1][S],886,18283198,4.9449,453.7
3709,[N][C][=C][C][=C][C][=Branch1][Ring2][=C][Ring1][=Branch1][C],886,18282312,4.9451,453.8
3710,[N][C][=Branch1][C][=O][C@H1][Branch1][=Branch1][C][C][C][C],886,18281426,4.9453,453.9
3711,[C][Branch1][C][C][Branch1][C][C][C][O],885,18280541,4.9456,454.1
3712,[C][C][C][C][C][C][Ring1][Branch1],885,18279656,4.9458,454.2
3713,[C][C][=C][Branch1][C][F][C][=C][C][=C][Ring1][#Branch1][Cl],885,18278771,4.9461,454.3
3714,[C][C][=C][N][=C][Branch2][Ring1],884,18277887,4.9463,454.4
3715,[=Branch1][C][Branch1][C][N][=O][=C][Ring1][=Branch2],884,18277003,4.9465,454.6
3716,[=N][N][Ring1][P],884,18276119,4.9468,454.7
3717,[O][=C][Branch1][C][O][C][N][C][=Branch1][C][=O],884,18275235,4.947,454.8
3718,[N][Branch2][Ring1][C][C],883,18274352,4.9473,454.9
3719,[C][C][O][Ring1][=Branch1],882,18273470,4.9475,455.1
3720,[C][=C][C][Branch1][C][Cl][=C][Branch1][C][Cl],882,18272588,4.9477,455.2
3721,[C][C][C@@H1][Branch1][C][O],882,18271706,4.948,455.3
3722,[O][=C][Branch2][Ring2][Branch1],882,18270824,4.9482,455.5
3723,[C][Ring2][Ring2][Branch2],882,18269942,4.9485,455.6
3724,[C][=C][C][Branch1][C][O][=C][C][Branch1][C][O][=C][Ring1][Branch2],882,18269060,4.9487,455.7
3725,[Ring1][S][C][C][=C][Ring1][Branch2],882,18268178,4.9489,455.8
3726,[Branch1][C][C][O-1],881,18267297,4.9492,456
3727,[C][C][C@H1][Ring1][=Branch1][C],881,18266416,4.9494,456.1
3728,[C][C][O][C][=Branch1][C][=O][C][N][C][=Branch1][C][=O],880,18265536,4.9496,456.2
3729,[N][=Ring2][Ring1][C],880,18264656,4.9499,456.4
3730,[O][C][=C][C][=C][C][Branch1][P],880,18263776,4.9501,456.5
3731,[C@@H1][Branch2][Ring1][=N],879,18262897,4.9504,456.6
3732,[C][C][C][N][Branch2][Ring1][Ring2],879,18262018,4.9506,456.7
3733,[C][N][Branch1][#Branch2][C][C][=C][C][=C][C][=C][Ring1][=Branch1][C][C][Ring1][=N],879,18261139,4.9508,456.9
3734,[O][C][#C][C][=C][C][=C][C][=C][Ring1][=Branch1],879,18260260,4.9511,457
3735,[N][C][=C][C][=C][NH1],878,18259382,4.9513,457.1
3736,[C][=C][Branch2][Ring2][Ring1],878,18258504,4.9516,457.3
3737,[N][C][Branch1][S],878,18257626,4.9518,457.4
3738,[O][C@@H1][O][C@H1][Branch1],878,18256748,4.952,457.5
3739,[NH1][C][=C][C][=C][C][=C][Ring1][=Branch1][Ring1][=Branch2],878,18255870,4.9523,457.6
3740,[/N][=C][\C][=C],876,18254994,4.9525,457.8
3741,[N][Branch2][Ring1][Branch1][C],875,18254119,4.9527,457.9
3742,[C][=Branch1][C][=O][N][Branch1][=C],875,18253244,4.953,458
3743,[C@H1][Branch1][C][O][C@@H1][Branch1],875,18252369,4.9532,458.2
3744,[C][O][C][=C][C][=C][C][=C][C][=C][C][Ring1][=Branch1][=C][Ring1][#Branch2],874,18251495,4.9535,458.3
3745,[C][C@@][Branch1][C][O],874,18250621,4.9537,458.4
3746,[N][C][=Branch1][C][=O][C@H1][Branch1][#Branch2][C][C][C][N][C][=Branch1][C][=N],874,18249747,4.9539,458.5
3747,[C@@][Ring1][=N],873,18248874,4.9542,458.7
3748,[C][N][Ring2][Ring1],872,18248002,4.9544,458.8
3749,[C][C][=C][C][=C][C][Branch2][Branch1],872,18247130,4.9546,458.9
3750,[C@H1][Ring2][Ring1][Ring2],871,18246259,4.9549,459.1
3751,[NH1][Ring1][Branch1][C][=Branch1][C][=O],871,18245388,4.9551,459.2
3752,[N][C][=Branch1][C][=O][C@@H1][C][C@@H1],871,18244517,4.9554,459.3
3753,[C][=N][Ring1][=N],870,18243647,4.9556,459.5
3754,[C][C][C][C][C@@H1][Ring1][=Branch1],870,18242777,4.9558,459.6
3755,[O][=C][C][=C][C][=C][C][=C][Ring1][=Branch1][C][=Branch1][C][=O][N][Ring1][#Branch2],870,18241907,4.9561,459.7
3756,[N][C][=C][C][=Branch1][C][=O],869,18241038,4.9563,459.8
3757,[C][C][=C][C][Branch1][=N],869,18240169,4.9565,459.9
3758,[#Branch2][C][=C][C][=C][C][=C][Ring1][=Branch1][O],869,18239300,4.9568,460.1
3759,[C][=C][C][Branch1][=Branch2][C][=C][C][=C][C][=N][Ring1][=Branch1],869,18238431,4.957,460.2
3760,[C][=C][Branch1][Ring1][O][C][C][=C][C][=C][Ring1][Branch2],868,18237563,4.9572,460.3
3761,[N][C][=C][C][=C][C][Branch1][=Branch1][N+1][=Branch1][C][=O][O-1][=C][Ring1][=Branch2],868,18236695,4.9575,460.5
3762,[C][=C][C][=C][C][=Branch1][Ring2][=C][Ring1][=Branch1][O][C][O][Ring1][=Branch1][C],868,18235827,4.9577,460.6
3763,[N][C][=C][C][=C][Branch1][C][F][C][Branch1][C][F][=C][Ring1][Branch2],867,18234960,4.9579,460.7
3764,[C][N][Branch1][#Branch1][C@@H1][Branch1][C][C],867,18234093,4.9582,460.8
3765,[O][C][C][C][=C][C][=C][C][=C][Ring1][=Branch1][C][=Branch1][C][=O],866,18233227,4.9584,460.9
3766,[C][Branch1][C][O][=C][C][=C][Ring1][#Branch1],866,18232361,4.9587,461
3767,[/C][=N][/N][C][=N],866,18231495,4.9589,461.1
3768,[C@H1][Branch1][C][N][C][=Branch1][C][=O],866,18230629,4.9591,461.2
3769,[S][C][C][=C][C][=C][Branch1][C][Cl][C][Branch1][C][Cl][=C][Ring1][Branch2],866,18229763,4.9594,461.4
3770,[C][Branch1][#Branch1][N][C][Branch1][C][C][=O],866,18228897,4.9596,461.5
3771,[C][C][=C][C][=C][Branch1][#C],865,18228032,4.9598,461.6
3772,[C][O][C][=C][C][=C][C][=Branch1][Ring2][=C][Ring1][=Branch1][C][=Branch1][C][=O],865,18227167,4.9601,461.7
3773,[N][C][=C][C][=C][Branch1][C][Cl][C][=N][Ring1][#Branch1],865,18226302,4.9603,461.8
3774,[C][=C][C][Branch2][Ring1][S],864,18225438,4.9605,462
3775,[N+1][Branch1][C][C][Branch1][C][C][C],864,18224574,4.9608,462.1
3776,[C][=C][Ring1][Branch1][C][C],863,18223711,4.961,462.2
3777,[C][C][Branch1][C][C][C][C][N][C][=Branch1][C][=O],863,18222848,4.9612,462.3
3778,[C][C][=C][C][=C][C][=C][Ring1][=Branch1][C][=N],863,18221985,4.9615,462.4
3779,[N][=C][Branch1][#Branch2][C][=C][C][=C][C][=C][Ring1][=Branch1][Cl],863,18221122,4.9617,462.5
3780,[C][Ring2][Ring1][O][=C][Ring2][Ring1][#C],863,18220259,4.9619,462.6
3781,[C][C][=C][Branch1][#Branch2],862,18219397,4.9622,462.7
3782,[C][O][C][=C][C][=C][Branch2][Branch1][Ring2],862,18218535,4.9624,462.8
3783,[C@@H1][O][C@H1][Branch1][Ring1][C][O][C@@H1][Branch1][C][O][C@H1][Branch1][C][O][C@H1][Ring1][#Branch2],862,18217673,4.9627,462.9
3784,[C][=C][C][=C][Ring1][S],860,18216813,4.9629,463
3785,[C][=C][N][Branch2][Ring2],859,18215954,4.9631,463.1
3786,[C@][Branch1][C][C][Branch1],859,18215095,4.9634,463.2
3787,[Branch1][C][N][Branch1][C][C],858,18214237,4.9636,463.4
3788,[Branch1][=Branch2][C][Branch1][C][C][Branch1][C][C],858,18213379,4.9638,463.5
3789,[Ring2][Ring1][#C][=O],858,18212521,4.9641,463.6
3790,[C][C][C@H1][Branch1][Ring2][C][Ring1][#Branch1],858,18211663,4.9643,463.7
3791,[O][C][Ring1][=Branch1][=O],857,18210806,4.9645,463.8
3792,[#Branch2][S][=Branch1][C][=O][=Branch1][C][=O],856,18209950,4.9648,463.9
3793,[C][=C][Ring1][=C][Cl],856,18209094,4.965,464
3794,[C][C][=C][C][=C][Branch2][Ring2][=C],855,18208239,4.9652,464.1
3795,[=C][Ring2][Ring2][Branch2],855,18207384,4.9655,464.2
3796,[C][=C][C][=C][Branch1][S][S][=Branch1][C][=O][=Branch1][C][=O][N][C][C][O][C][C][Ring1][=Branch1][C][=C][Ring1][#C],855,18206529,4.9657,464.4
3797,[N][=Ring1][#C],854,18205675,4.9659,464.5
3798,[N][C][=C][C][=C][Branch2][Ring1][=Branch1],854,18204821,4.9662,464.6
3799,[C][=C][Ring2][Ring1][P][O][C],854,18203967,4.9664,464.7
3800,[C][=C][C][=C][Branch1][#Branch1][O][C][Branch1][C][F][F][C][=C][Ring1][#Branch2],854,18203113,4.9666,464.8
3801,[Ring2][O][C][C],853,18202260,4.9669,464.9
3802,[O][C][=C][C][=C][C][=C][Ring1][=Branch1][Ring1][=C],853,18201407,4.9671,465.1
3803,[C][C][=Branch1][C][=O][N][C][C][=Branch1][C][=O],853,18200554,4.9673,465.2
3804,[C][=C][Branch1][C][C][C][=C][Branch1][C][C][C][=C][Ring1][Branch2],853,18199701,4.9676,465.3
3805,[P][N][C][=N][C][=C][Branch1][C][N][N][=C][N][=C][Ring1][#Branch1][Ring1][#Branch2][C@H1][Branch1][C][O][C@@H1],853,18198848,4.9678,465.4
3806,[/C][Ring1][=Branch2],852,18197996,4.968,465.5
3807,[Branch2][Branch1][P],852,18197144,4.9683,465.6
3808,[O][C@@H1][Branch1][C][C][C@H1],852,18196292,4.9685,465.7
3809,[#Branch2][C][C][C][N][C][=Branch1][C][=N][N][C][=Branch1][C][=O],852,18195440,4.9687,465.9
3810,[C][=C][C][=C][Branch1][C][N][C][=C][Ring1][#Branch1],852,18194588,4.969,466
3811,[F][C][=C][C][=C][C][=C][Ring1][=Branch1],851,18193737,4.9692,466.1
3812,[N][C][C][N][Branch2][Ring1][Branch2],851,18192886,4.9694,466.2
3813,[C][=C][Branch2][Ring2][=Branch2],851,18192035,4.9696,466.3
3814,[C][=C][C][=C][Branch1][Ring1][O][C][C][=C][Ring1],851,18191184,4.9699,466.5
3815,[C][=C][C][Branch1][#Branch1],850,18190334,4.9701,466.6
3816,[C][=Branch1][C][=O][C][Branch1][C][C],850,18189484,4.9703,466.7
3817,[N][C@@H1][Branch1][#Branch2][C][C][=C][C][=C][C][=C][Ring1][=Branch1],850,18188634,4.9706,466.8
3818,[N][Branch1][=C][C][=Branch1][C][=O],850,18187784,4.9708,466.9
3819,[C][Branch1][#Branch2][C][=C][C][=C][C][=C][Ring1][=Branch1][Cl],850,18186934,4.971,467
3820,[C][C][C][C][C][C][C][Ring1][=Branch1][C],849,18186085,4.9713,467.2
3821,[C][=C][C][Branch2][Ring2][Ring1],849,18185236,4.9715,467.3
3822,[C][Ring1][Branch1][C][Ring1][#Branch1],849,18184387,4.9717,467.4
3823,[C][C][NH1][C][=C][C][=C][C][=C][Ring1][=Branch1][C][=Ring1][=Branch2],849,18183538,4.972,467.5
3824,[C][=C][C][=C][C][=C][C][=C][Ring1][#Branch2][Ring1][=Branch1],849,18182689,4.9722,467.6
3825,[C][=C][C][=N][Ring1][=Branch1][C],848,18181841,4.9724,467.7
3826,[C][=C][C][Branch1][N][C][=C][C][=C][Branch1][C][Cl][C][=C][Ring1][#Branch1],848,18180993,4.9727,467.8
3827,[S][C][=Ring1][Branch1],848,18180145,4.9729,468
3828,[O][=C][Branch1][O][/C][=C][/C][=C][C][=C][C][=C][Ring1][=Branch1],848,18179297,4.9731,468.1
3829,[N][C][=Branch1][C][=O][C@H1][Branch1][#Branch1][C][C][Branch1][C][N][=O],847,18178450,4.9734,468.2
3830,[C][C][=C][Branch1][C][C][C][C],846,18177604,4.9736,468.3
3831,[C][Branch1][=Branch2][C][Branch1][C][F][Branch1][C][F][F][=C][Ring1],846,18176758,4.9738,468.4
3832,[C][C][Ring2][Ring2][C],846,18175912,4.9741,468.6
3833,[S][C][C][=C][C][=C][C][=C][C][=C][C][=C][Ring1][#Branch2][Ring1][=Branch1],846,18175066,4.9743,468.7
3834,[C][C][Branch1][C][C][N][C][=C],845,18174221,4.9745,468.8
3835,[C][=C][Ring2][Ring1][Ring1][O][C][C],845,18173376,4.9747,468.9
3836,[=N][C][Branch1][C][N][=N],845,18172531,4.975,469
3837,[C@H1][Branch1][C][O][C][Branch1][C][C][Branch1][C][C][C@@H1][Ring1][#Branch2][C][C][C@][Ring1],845,18171686,4.9752,469.1
3838,[S][Ring1][=Branch1][C],843,18170843,4.9754,469.2
3839,[N][C][C][O][C][=C][C][=C][C][=C][Ring1][=Branch1],843,18170000,4.9757,469.4
3840,[=C][Branch1][P],843,18169157,4.9759,469.5
3841,[C][C][C@][Ring1][#Branch1],843,18168314,4.9761,469.6
3842,[C][=C][Branch1][=Branch1][C][Ring1][=Branch2],843,18167471,4.9764,469.7
3843,[#Branch2][C][=C][C][=C][C][=C][Ring1][=Branch1][Br],842,18166629,4.9766,469.8
3844,[C][Branch1][=Branch2][S][Branch1][C][N][=Branch1][C][=O][=O],842,18165787,4.9768,469.9
3845,[C][=N][C][=C][C][=N][Ring1][=Branch1][C][C][Ring1][N],842,18164945,4.9771,470
3846,[C][=C][C][=C][Ring1][#C],841,18164104,4.9773,470.1
3847,[C][N][=C][Branch2][Ring1],841,18163263,4.9775,470.2
3848,[N][C][C][=C][C][=C][C][Branch1][C][Cl][=C][Ring1][#Branch1],841,18162422,4.9778,470.4
3849,[C][O][C][=C][C][Branch2][Ring1][#C],841,18161581,4.978,470.5
3850,[C][C@H1][Branch1][Ring1][C][O],841,18160740,4.9782,470.6
3851,[N][Branch1][=Branch2][C][=C][C][=C][C][=C][Ring1][=Branch1][N][=C][Ring1],841,18159899,4.9784,470.7
3852,[C][N][C][Branch1][C][C][=O],841,18159058,4.9787,470.9
3853,[N][C][=C][C][=C][Branch1][C][Cl][C][=C][Ring1][#Branch1][Cl],840,18158218,4.9789,471
3854,[=C][S][Ring1][=C],840,18157378,4.9791,471.1
3855,[C][N][S][=Branch1][C][=O][=Branch1][C][=O][C][=C][C][=C],840,18156538,4.9794,471.2
3856,[C][O][C][=C][C][=C][C][=C][Ring1][=Branch1][C][=N],840,18155698,4.9796,471.3
3857,[N][Ring1][=N][C][C][C][C][Ring1][Ring1],840,18154858,4.9798,471.5
3858,[C][=C][C][Branch2][Ring1][#C],839,18154019,4.9801,471.6
3859,[/N][=C][/C][=C][C][=C][C][=C][Ring1][=Branch1],839,18153180,4.9803,471.7
3860,[=N][C][Branch1][=Branch2][N][C][C][O][C][C][Ring1][=Branch1],839,18152341,4.9805,471.8
3861,[N][Branch1][=Branch2][C][=C][C][=C][C][=C][Ring1][=Branch1][C][Ring1][=N][=O],839,18151502,4.9807,472
3862,[O][C][Branch1][C][O],838,18150664,4.981,472.1
3863,[N][C][=Branch1][C][=O][C][=C][C][=C][Branch1][C][Cl][C][=C][Ring1][#Branch1],838,18149826,4.9812,472.2
3864,[C][=C][C][=C][C][Branch2][Ring1][Branch1],838,18148988,4.9814,472.3
3865,[N][Branch1][=Branch2][C][C][=C][C][=C][O][Ring1][Branch1][C],838,18148150,4.9817,472.4
3866,[C@][Ring1][=N],837,18147313,4.9819,472.6
3867,[C][=C][Ring2][Ring2][=N],837,18146476,4.9821,472.7
3868,[N][C][C@H1][Branch1],836,18145640,4.9824,472.8
3869,[C][Branch1][C][Cl][=C][Ring1],836,18144804,4.9826,472.9
3870,[Branch2][Branch1][#C],836,18143968,4.9828,473
3871,[C][C][N][Branch1][Ring1],836,18143132,4.983,473.1
3872,[N][C][C][N][Branch1][Ring2][C][C][O][C][C][Ring1][=Branch2],836,18142296,4.9833,473.3
3873,[C][=C][C][Branch2][Ring1][P],835,18141461,4.9835,473.4
3874,[C@@H1][C@@][Branch1][C][C][C][C],835,18140626,4.9837,473.5
3875,[C][=C][C][=C][Branch1][#C][S][=Branch1][C][=O][=Branch1][C][=O],835,18139791,4.984,473.6
3876,[N][Branch1][C][C][C][=Ring1][#Branch1],835,18138956,4.9842,473.7
3877,[O][C][C][Branch1],834,18138122,4.9844,473.8
3878,[C][=C][C][=C][C][Branch1][O],834,18137288,4.9846,474
3879,[C][=C][Branch1][C][F][C][=C][Ring1][Branch2],834,18136454,4.9849,474.1
3880,[N][C][=Branch1][C][=O][C@H1][Branch1][#Branch1][C][C][=Branch1][C][=O][O],834,18135620,4.9851,474.2
3881,[C][=C][C][=C][Branch1][C][Cl][C][=C][Ring1][#Branch2][Ring1][#Branch1],834,18134786,4.9853,474.3
3882,[C][Branch1][C][Cl][Branch1][C][Cl][Cl],834,18133952,4.9856,474.4
3883,[C][C][N+1],833,18133119,4.9858,474.6
3884,[N][=C][Ring2][Ring1][=N],833,18132286,4.986,474.7
3885,[C][=C][C][=C][Branch1][C][O][C][=C][Ring1][#Branch1][O],833,18131453,4.9863,474.8
3886,[N][C][=C][C][=C][Branch2][Ring1][#Branch1],832,18130621,4.9865,474.9
3887,[C][C][=C][C][=C][C][=C][C][=C][C][=C][Ring1][#Branch2][Ring1][=Branch1],831,18129790,4.9867,475.1
3888,[C][Branch1][S][N][C][=Branch1][C][=O],831,18128959,4.9869,475.2
3889,[/C][Branch1][C][S],831,18128128,4.9872,475.3
3890,[N][C][=Branch1][C][=O][C][C][C][Ring1][=Branch1][=O],831,18127297,4.9874,475.4
3891,[C][=C][C][=C][Branch1][C][O][C][Branch1][Ring1][O][C][=C][Ring1][=Branch2],831,18126466,4.9876,475.5
3892,[/C][Branch1][Ring1][C][#N][=C][/C][=C],831,18125635,4.9879,475.6
3893,[C@][Ring1][#Branch2],830,18124805,4.9881,475.7
3894,[C][=N][Ring2][Ring1][Branch1],830,18123975,4.9883,475.8
3895,[C][Ring2][Ring1][P][=O],830,18123145,4.9885,475.9
3896,[C@H1][Branch1][C][F],829,18122316,4.9888,476.1
3897,[N][Branch2][Ring1][Branch1],829,18121487,4.989,476.2
3898,[O][C][Ring2][Ring1][Ring1],829,18120658,4.9892,476.3
3899,[C][=C][C][=Branch1][C][=O][O][C@@H1],829,18119829,4.9895,476.4
3900,[C][C@@H1][Branch1][C][C][C@H1],829,18119000,4.9897,476.5
3901,[=N][O][Ring1][O],829,18118171,4.9899,476.6
3902,[C][Ring1][=Branch1][=N][Ring1][=Branch2],829,18117342,4.9901,476.7
3903,[C][Ring2][Ring1][Ring1][=N],828,18116514,4.9904,476.9
3904,[N][C][=N][C][=C][C][=C][Ring1][=Branch1],828,18115686,4.9906,477
3905,[O][C][=C][C][=C][C][=Branch1][Ring2][=C][Ring1][=Branch1][C],828,18114858,4.9908,477.1
3906,[C][Branch1][=N][C][=Branch1][C][=O][C][=C][C][=C][C][=C][Ring1][=Branch1],828,18114030,4.991,477.2
3907,[C][=N][O][N][=C][Ring1][Branch1],828,18113202,4.9913,477.4
3908,[C][Ring2][Ring1][N][=C][Ring2][Ring1][S],828,18112374,4.9915,477.5
3909,[C][C][C][C][C][Branch1][Ring2][C][Ring1][=Branch1],827,18111547,4.9917,477.6
3910,[C][Ring1][O][=C],826,18110721,4.992,477.7
3911,[C][C][C][C][Ring1][Branch2],826,18109895,4.9922,477.8
3912,[F][C][=C][N][=C],826,18109069,4.9924,477.9
3913,[C][C][Branch2][Ring1][=Branch2],826,18108243,4.9926,478.1
3914,[C][O][C][=C][C][=C][C][Branch2][Ring1][#Branch2],826,18107417,4.9929,478.2
3915,[C][S][C][=C][C][=Ring1][Branch1][C],826,18106591,4.9931,478.3
3916,[C][C][=C][C][Branch1][=Branch2][C][Branch1][C][F][Branch1][C][F][F][=C][C][Branch1][=Branch2][C][Branch1][C][F][Branch1][C][F][F][=C][Ring1][=C],826,18105765,4.9933,478.4
3917,[C][=C][C][Branch2][Ring1][=C],825,18104940,4.9936,478.5
3918,[C][=C][Ring2][Ring2][O],825,18104115,4.9938,478.6
3919,[C][Branch1][=Branch2][C][=C][C][=C][C][=C][Ring1][=Branch1][=N][Ring1][O],825,18103290,4.994,478.8
3920,[C][C@@H1][Branch2][Ring2],824,18102466,4.9942,478.9
3921,[C][S][C][=C][C][=C][C][=C][Ring1][=Branch1],823,18101643,4.9945,479
3922,[O][C][C][C][N][C][C][O][C][C][Ring1][=Branch1],823,18100820,4.9947,479.1
3923,[N][=C][S][C][Ring1][Branch1][=C][Ring1][=Branch2],823,18099997,4.9949,479.2
3924,[C][=Branch1][C][=O][C][=C][Branch1][C][O],822,18099175,4.9951,479.3
3925,[Ring2][Branch1][Branch2],822,18098353,4.9954,479.4
3926,[N][=Ring2][Ring1][=Branch1],822,18097531,4.9956,479.5
3927,[N][N][C][C][N][C][C][O][C][C][Ring1][=Branch1],822,18096709,4.9958,479.6
3928,[C][Branch1][C][Cl][=C][Branch1][C][Cl],821,18095888,4.9961,479.8
3929,[C][C][C][=Branch1][C][=O][O][C],821,18095067,4.9963,479.9
3930,[=Branch2][C][Branch1][C][F][Branch1][C][F][F][C][=C][Ring1][#Branch2][Cl],821,18094246,4.9965,480
3931,[C][=C][C][=C][C][=C][C][=C][Ring1][=Branch1][O][C][Ring1][#Branch2][=O],821,18093425,4.9967,480.1
3932,[C][C][C][O][C],820,18092605,4.997,480.2
3933,[=C][C][=Branch1][C][=O][O][C],820,18091785,4.9972,480.4
3934,[Branch2][=Branch1][Ring1],820,18090965,4.9974,480.5
3935,[C][=C][C][=Branch1][C][=O][O][C@H1],820,18090145,4.9976,480.6
3936,[N][C][=Ring1][Branch1],820,18089325,4.9979,480.7
3937,[Branch1][C][C][C][C][C@@],819,18088506,4.9981,480.8
3938,[C][C@][Ring1][=Branch2],819,18087687,4.9983,480.9
3939,[N][C][C][=C][C][=C][C][=C][Ring1][=Branch1][C][C@H1][Ring1][#Branch2],819,18086868,4.9985,481
3940,[C][=C][C][=Branch1][C][=O][C][Branch1][=Branch1][C][=Branch1][C][=O][O][=C],819,18086049,4.9988,481.1
3941,[N][C][=C][C][Branch1][C][Cl][=C][C][Branch1][C][Cl][=C][Ring1][Branch2],819,18085230,4.999,481.3
3942,[N][C][C][S],818,18084412,4.9992,481.4
3943,[C@H1][Branch1][C][N],818,18083594,4.9994,481.5
3944,[C][=Branch1][C][=O][N][C@H1][Branch2][Ring1],818,18082776,4.9997,481.6
3945,[C][O][C][C][C][N][C][=Branch1][C][=O],818,18081958,4.9999,481.7
3946,[O][C][Branch1][C][F][Branch1][C][F],818,18081140,5.0001,481.8
3947,[S][C][N][C][=Branch1][C][=O],817,18080323,5.0004,482
3948,[C][O][C][=C][C][=C][Branch1][#Branch2],817,18079506,5.0006,482.1
3949,[C@@H1][C][C][C][=C][C][=Branch1][C][=O],817,18078689,5.0008,482.2
3950,[/C][=C][/C][=C][C][=C][C][=C][Ring1][=Branch1][C],817,18077872,5.001,482.3
3951,[C][S][C][=C][C][=C][C][=C][Ring1][=Branch1][C][=Ring1][=Branch2],817,18077055,5.0013,482.4
3952,[C][C][=Branch1],816,18076239,5.0015,482.5
3953,[C][C][C][Branch2][Ring1],816,18075423,5.0017,482.6
3954,[O][C][=C][C][=C][Branch1][C][Cl],816,18074607,5.0019,482.7
3955,[C][C@@H1][O][C@@H1],816,18073791,5.0022,482.8
3956,[C@@H1][Ring2][Ring1][=Branch2],816,18072975,5.0024,483
3957,[C][Branch1][C][N][=N][Ring1][Branch2],816,18072159,5.0026,483.1
3958,[C][Branch2][#Branch1],816,18071343,5.0028,483.2
3959,[Ring1][P][O],815,18070528,5.0031,483.3
3960,[C][=C][Ring1][S][Cl],815,18069713,5.0033,483.4
3961,[C][N][Branch2][Ring1][=Branch1][C],815,18068898,5.0035,483.5
3962,[NH1][Ring1][Branch1][C],815,18068083,5.0037,483.6
3963,[C][=C][C][=C][C][=C][Ring1][=Branch2][Ring1][=Branch1][C][=Branch1][C][=O],815,18067268,5.004,483.8
3964,[C][=Branch1][C][=O][NH1][Ring1][#Branch1],815,18066453,5.0042,483.9
3965,[Branch2][C][C][C][C][C][Ring1][=Branch1],815,18065638,5.0044,484
3966,[N][C][=N][C][Branch1][=N],814,18064824,5.0046,484.1
3967,[C][=Branch1][C][=O][N][C][C][=C][C][=C][O][Ring1][Branch1],814,18064010,5.0049,484.3
3968,[C][C][C][C][C][C][=Branch1][C][=O],813,18063197,5.0051,484.4
3969,[C][=C][Ring2][Ring2][N],813,18062384,5.0053,484.5
3970,[C][=Branch1][C][=O][N][C][C][=C],812,18061572,5.0055,484.6
3971,[Ring1][N][N][=C],812,18060760,5.0058,484.8
3972,[C][=C][Branch2][Ring2][#Branch2],812,18059948,5.006,484.9
3973,[C][O][C][=C][C][=C][C][Branch2][Ring1][=Branch2],812,18059136,5.0062,485
3974,[C][C][C][S][=Branch1][C][=O][=Branch1][C][=O][C][Ring1][#Branch1],812,18058324,5.0064,485.1
3975,[C][=C][Branch1][Ring1][O][C][C][Branch1][Ring1][O][C][=C][Ring1][N],812,18057512,5.0067,485.3
3976,[Branch1][C][O][C][Branch1][Ring1][O][C][=C][Ring1][=Branch2],812,18056700,5.0069,485.4
3977,[N][Ring1][O][C][C],811,18055889,5.0071,485.5
3978,[C@@H1][Branch1][C][O][C@H1][Branch1][C][C],811,18055078,5.0073,485.7
3979,[N][C][=Branch1][C][=O][C][=C][C][=C][C][=C][C][=C][C][Ring1][=Branch1][=C][Ring1][#Branch2],811,18054267,5.0076,485.8
3980,[N][Ring1][#Branch1][C][=Branch1][C][=O],811,18053456,5.0078,485.9
3981,[Branch2][C][=C][C][=C][S][Ring1][Branch1][=N],811,18052645,5.008,486
3982,[C][=C][C][=C][C][=C][Branch1],810,18051835,5.0082,486.1
3983,[C][C@H1][Ring1][#Branch1],810,18051025,5.0085,486.3
3984,[C][N][Branch1][=N][C][=Branch1][C][=O],810,18050215,5.0087,486.4
3985,[N][=C][N][=C][Ring2][Ring1],809,18049406,5.0089,486.5
3986,[=C][Branch1][=Branch1][N+1][=Branch1][C][=O][O-1],809,18048597,5.0091,486.7
3987,[N][C][=N][C][Branch1][C][N][=N],809,18047788,5.0094,486.8
3988,[O][C][C@@H1][Branch1][C][O][C],809,18046979,5.0096,486.9
3989,[O][C@][Ring1][Ring1],809,18046170,5.0098,487
3990,[N][C][C][N][Branch1][N][C][=C][C][=C][C][Branch1][C][Cl][=C][Ring1][#Branch1][C][C][Ring1][=N],809,18045361,5.01,487.1
3991,[O][=S][=Branch1][C][=O][Branch1][=Branch2][C][=C][C][=C][C][=C][Ring1][=Branch1],808,18044553,5.0103,487.3
3992,[C@H1][C][C][C@H1][Branch1],808,18043745,5.0105,487.4
3993,[O][C][=C][C][=C][Branch1][C][F][C][=C][Ring1][#Branch1][F],808,18042937,5.0107,487.5
3994,[C][=C][N][=C][C][=C][Ring1][#Branch2][Ring1][=Branch1],808,18042129,5.0109,487.7
3995,[C][N][Ring1][Branch1][C][=Branch1][C][=O],807,18041322,5.0112,487.8
3996,[Branch2][=Branch1][=Branch2],807,18040515,5.0114,487.9
3997,[C][C][=N][N][Branch1][C][C][C][Branch1][C][C][=C][Ring1][#Branch1],807,18039708,5.0116,488
3998,[C@H1][C@H1],805,18038903,5.0118,488.1
3999,[N][=C][Branch1][O],805,18038098,5.0121,488.3
4000,[Ring1][=Branch2][O],805,18037293,5.0123,488.4
4001,[N][C][C][N][Branch1][=N],805,18036488,5.0125,488.5
4002,[C][O][C][=C][C][Branch2][Ring1][#Branch1],805,18035683,5.0127,488.6
4003,[=C][Ring2][Ring2][=Branch2],805,18034878,5.013,488.7
4004,[C][=C][C][Branch2][Ring2][Ring2],805,18034073,5.0132,488.9
4005,[C][C][=N][C][=C][C][=C][C][=C][Ring1][=Branch1][N][Ring1][=Branch2],805,18033268,5.0134,489
4006,[C][S][C][=N][N][=C],804,18032464,5.0136,489.1
4007,[N][C][=Branch1][C][=O][N][C][=C],803,18031661,5.0138,489.2
4008,[C][C][Branch1][C][C][Branch1][C][C][C][=Branch1][C][=O],803,18030858,5.0141,489.4
4009,[O][C][=C][C][=C][Branch1][=C],803,18030055,5.0143,489.5
4010,[N][Branch1][=Branch2][C][C][C][C][C][C][Ring1][=Branch1][C],803,18029252,5.0145,489.6
4011,[S][C][C][C][C],802,18028450,5.0147,489.8
4012,[O][C][Ring2][Ring1][Branch1],802,18027648,5.015,489.9
4013,[C][C][C][O][C][C][Ring1][=Branch1][C],802,18026846,5.0152,490
4014,[C][Ring2][Ring2][=Branch1],801,18026045,5.0154,490.2
4015,[C][=C][C][=N][C][=C][C][Branch1][C][Cl][=C][C][=C][Ring1][O][Ring1][#Branch1],801,18025244,5.0156,490.3
4016,[C][=C][C][=C][C][=C][C][=C][Ring1][=Branch1][S][Ring1][=Branch2],801,18024443,5.0159,490.4
4017,[Branch1][Ring2][C][Ring1][=Branch1][C][C][Ring1][=Branch2][C][Ring1][#Branch1],801,18023642,5.0161,490.5
4018,[N][Branch1][#Branch2][C][C][=C][C][=C][C][=C][Ring1][=Branch1][C][=Branch1][C][=O][NH1][C][Ring1][#C][=O],801,18022841,5.0163,490.7
4019,[C][C][C][Branch1][C],800,18022041,5.0165,490.8
4020,[C][=C][Ring2][Ring1][O][C],800,18021241,5.0167,490.9
4021,[C][C][Branch1][C][C][C@H1][Branch1],800,18020441,5.017,491.1
4022,[C][O][C][=C][C][Branch2][Ring1][Ring2],800,18019641,5.0172,491.2
4023,[O][O][C][C][=C][C][=C][C][=C][Ring1][=Branch1][C],800,18018841,5.0174,491.3
4024,[C][Ring1][#Branch2][=Ring1][=Branch1],800,18018041,5.0176,491.4
4025,[C][=C][Branch1][N][NH1][C][=C][C][=C][C][=C][Ring1][=Branch2][Ring1][=Branch1],800,18017241,5.0179,491.6
4026,[C][C][Branch1][C][C][C@H1][Branch2][Ring1],799,18016442,5.0181,491.7
4027,[C][C][C@@][Branch1][C][O],799,18015643,5.0183,491.8
4028,[/C][=Branch2][Ring1][Ring1][=C],799,18014844,5.0185,491.9
4029,[N][=C][C][=C][C][Ring1][=Branch1][=C][Ring1][#Branch2],799,18014045,5.0188,492.1
4030,[=C][Branch1][C][Br],798,18013247,5.019,492.2
4031,[P][=Branch1][C][=O][Branch1][C][O][C],798,18012449,5.0192,492.3
4032,[N][=Ring1][S],798,18011651,5.0194,492.4
4033,[C@@H1][C][=C],797,18010854,5.0196,492.6
4034,[O][C@H1][Ring1][Ring1],797,18010057,5.0199,492.7
4035,[Ring1][=Branch2][=C][Ring1][=N],797,18009260,5.0201,492.8
4036,[=N][C][=C][C][=C][C][=C][Ring1][=Branch1][N][Ring1][=Branch2],797,18008463,5.0203,492.9
4037,[C][C][=C][Branch2][Ring1][=Branch2],796,18007667,5.0205,493
4038,[C][=N][O][C][Branch2][Ring1],796,18006871,5.0208,493.2
4039,[C@H1][C][C@H1][Branch1][C][O][C@@H1][Branch1][Ring1][C][O][O][Ring1][Branch2],796,18006075,5.021,493.3
4040,[C][N][C][C][=C],795,18005280,5.0212,493.4
4041,[C][=Branch1][C][=O][N][N][C][=Branch1][C][=O],795,18004485,5.0214,493.5
4042,[O][C][C][C][C][C][C][Ring1][=Branch1],795,18003690,5.0216,493.6
4043,[Branch2][C][=N][C][=C][S][Ring1][Branch1],795,18002895,5.0219,493.8
4044,[O][C][Branch1][Ring1][O][C][=C][Ring1][Branch2],795,18002100,5.0221,493.9
4045,[N][C][Branch1][#C],794,18001306,5.0223,494
4046,[N][C][C][N][Branch2][Ring1][#Branch1],794,18000512,5.0225,494.1
4047,[N][=Ring1][P],794,17999718,5.0227,494.2
4048,[N][C][=N][C][=C][Branch1][C][F],794,17998924,5.023,494.4
4049,[C][=C][C][=C][C][=C][Ring1][=Branch1][C][Ring1][=Branch2][=O],794,17998130,5.0232,494.5
4050,[N][C][=Branch1][C][=O][C@H1][Branch1][C][C],793,17997337,5.0234,494.6
4051,[C][C][C][C][Branch1][Ring2],793,17996544,5.0236,494.7
4052,[O][C][=C][C][=C][Branch1][=N],793,17995751,5.0239,494.9
4053,[=Branch1][N][Branch1][C][C][C][=N],793,17994958,5.0241,495
4054,[#Branch2][C][=Branch1][C][=O][C][C][C][Ring1][Ring1],793,17994165,5.0243,495.1
4055,[N][C@@H1][Branch1][#C][C][C][=C][NH1][C][=C][C][=C][C][=C][Ring1][=Branch2][Ring1][=Branch1][C][=Branch1][C][=O],793,17993372,5.0245,495.3
4056,[C][C][C][=C][Branch1],792,17992580,5.0247,495.4
4057,[N][=Ring1][Branch2],792,17991788,5.025,495.5
4058,[C][C][Branch2][Ring1][#Branch2],792,17990996,5.0252,495.6
4059,[=N][C][=C][C][=C][C][=C][Ring2][Ring1],792,17990204,5.0254,495.7
4060,[N][C][=C][Ring2][Ring2][C],792,17989412,5.0256,495.8
4061,[C][=C][C][=Branch1][Branch1][=C][Ring1][#Branch1],792,17988620,5.0258,495.9
4062,[Cl][C][=C][C][=C][C][=C][Ring1][=Branch1],791,17987829,5.0261,496
4063,[C][=C][Ring1][=C][Ring1][#Branch2],791,17987038,5.0263,496.1
4064,[N][C][=Branch1][C][=O][C][Ring1][#Branch1],791,17986247,5.0265,496.2
4065,[C][O][C][=C][C][Branch1][P],791,17985456,5.0267,496.4
4066,[C][Branch1][C][C][=C][C][Branch1][C][C][=N][Ring1][Branch2],791,17984665,5.0269,496.5
4067,[C][C][O][C][=Branch1][C][=O][C][=C],790,17983875,5.0272,496.6
4068,[N][C][C][C][C][C][Ring1][=Branch1][C][=C][Ring1][#C],790,17983085,5.0274,496.7
4069,[N][C][=N][C][=C][C][Branch1],789,17982296,5.0276,496.8
4070,[C][=Branch1][=Branch2],789,17981507,5.0278,497
4071,[N][=C][Branch1][=Branch2][C][Branch1][C][F][Branch1][C][F][F],789,17980718,5.0281,497.1
4072,[S][=C][Branch1],789,17979929,5.0283,497.2
4073,[C][C@H1][Branch1][C][O][C@@H1],789,17979140,5.0285,497.3
4074,[S][C][=N][C][=N],789,17978351,5.0287,497.4
4075,[C][C][Branch1][C][C][Branch1][C][O][C],788,17977563,5.0289,497.6
4076,[Ring1][=Branch2][=C],788,17976775,5.0292,497.7
4077,[C][=C][C][=C][C][=C][Ring1][=Branch1][Ring2][Ring1][Branch1],788,17975987,5.0294,497.8
4078,[Ring2][Branch1][#Branch2],788,17975199,5.0296,497.9
4079,[N][C][C][C][C][C][C][C][Ring1][#Branch1],788,17974411,5.0298,498.1
4080,[N][C][Branch1][C][N][=N],788,17973623,5.03,498.2
4081,[=Branch1][C][Branch1][C][C][C][C][C][Ring1][=Branch2],788,17972835,5.0303,498.3
4082,[N][Branch1][O][C][C][=C][C][=C][C][=C][Ring1][=Branch1][F],788,17972047,5.0305,498.4
4083,[C][=C][C][=C][Ring1][=Branch1][Ring1][#Branch2],787,17971260,5.0307,498.6
4084,[=N][Ring2][Ring2][C],787,17970473,5.0309,498.7
4085,[C][C][=C][C][=C][Branch2][Ring1][Branch1],786,17969687,5.0311,498.8
4086,[Ring2][Ring1][=N][O],786,17968901,5.0314,499
4087,[O][C][=C][C][=C][Branch1][#C],785,17968116,5.0316,499.1
4088,[C][C][C][C][C][C][C][C][C][C][C][C][=Branch1][C][=O],785,17967331,5.0318,499.2
4089,[C][Branch2],784,17966547,5.032,499.4
4090,[/C][=C][Branch1][C],784,17965763,5.0322,499.5
4091,[C][C][Branch1][C][C][O],784,17964979,5.0325,499.6
4092,[C][=Branch1][C][=O][O][C][C][=C][C][=C][C][=C][Ring1][=Branch1],784,17964195,5.0327,499.8
4093,[C][Branch1][C][Cl][=C][Ring1][S],784,17963411,5.0329,499.9
4094,[N][C][=C][C][=C][Branch2][Ring1][=Branch2],784,17962627,5.0331,500
4095,[C][=Branch1][C][=N][N],784,17961843,5.0333,500.2
4096,[S][C][=Branch1][C][=O][C][=C][C][=C][Branch1][C][F][C][=C][Ring1][#Branch1],784,17961059,5.0336,500.3
4097,[N][C][C][N][Branch1][=Branch2][C][=C][C][=C][C][=N][Ring1][=Branch1][C][C][Ring1][N],784,17960275,5.0338,500.4
4098,[=Branch1][C][Branch1][C][C][C][=C][Ring1][=Branch2],783,17959492,5.034,500.5
4099,[O][N][=Ring1][Branch1],783,17958709,5.0342,500.7
4100,[N][=C][Branch1][=Branch2][C][=C][C][=C][C][=C][Ring1][=Branch1][O][Ring1][O],783,17957926,5.0344,500.8
4101,[/C][=Branch2][Ring1][C][=C],783,17957143,5.0347,500.9
4102,[C][C][=Branch1][C][=O][O][C][C][=Branch1][C][=O],782,17956361,5.0349,501.1
4103,[C][=C][C][=C][C][=C][C][=C][Ring1][O][Ring1][=Branch1],782,17955579,5.0351,501.2
4104,[N][C][=O],781,17954798,5.0353,501.3
4105,[C][C][N][Branch1][#C],781,17954017,5.0355,501.4
4106,[C][C][C@@][Ring1][=C],781,17953236,5.0357,501.6
4107,[N][=C][NH1],780,17952456,5.036,501.7
4108,[C][=N][Ring2][Ring1][Ring1],780,17951676,5.0362,501.8
4109,[N][C][C][=C][Branch1][C][C],779,17950897,5.0364,501.9
4110,[S+1][Branch1][C][C][O-1],779,17950118,5.0366,502.1
4111,[C][C][C][N][C][Ring1][=Branch1],778,17949340,5.0368,502.2
4112,[C][=C][C][Ring1][Branch1],778,17948562,5.0371,502.3
4113,[C-1][#N+1],777,17947785,5.0373,502.4
4114,[C][C][C][C][C][C][N][C][=Branch1][C][=O],777,17947008,5.0375,502.6
4115,[#Branch1][C][C][=Branch1][C][=O][O][C][C],777,17946231,5.0377,502.7
4116,[C][C][=Branch1][C][=O][N][C@@H1][Branch1][#Branch2][C][C][=C][C][=C][C][=C][Ring1][=Branch1][C][=Branch1][C][=O],777,17945454,5.0379,502.8
4117,[N][Branch1][Branch2][C][C][C][C][C][Ring1][Branch1][C],777,17944677,5.0382,503
4118,[C][C][=C][Branch1][C][C][O][N][=Ring1][=Branch1],776,17943901,5.0384,503.1
4119,[=Ring1][=Branch1][C],775,17943126,5.0386,503.2
4120,[C][Branch2][Ring2][#C],775,17942351,5.0388,503.4
4121,[C][N][Branch2][Ring1][Branch2],775,17941576,5.039,503.5
4122,[C][C][=C][C][=C][C][=C][C][=C][C][Ring1][=Branch1][=C][Ring1][#Branch2],775,17940801,5.0392,503.6
4123,[O][C][=C][C][=C][Branch1][C][Cl][C][=C][Ring1][#Branch1][Cl],775,17940026,5.0395,503.7
4124,[C][=C][C][=C][Branch2][Ring1][C][N][C][=Branch1][C][=O],774,17939252,5.0397,503.9
4125,[Ring1][S][C][=N],774,17938478,5.0399,504
4126,[C][C][Branch1][C][N][=O],774,17937704,5.0401,504.1
4127,[NH1][Ring1][=C],773,17936931,5.0403,504.2
4128,[C][Branch1][C][F][=C][Ring1][=Branch2],773,17936158,5.0405,504.3
4129,[C@@H1][Branch1][#Branch1][C][C][Branch1][C][C],773,17935385,5.0408,504.4
4130,[C][O][C@@],772,17934613,5.041,504.6
4131,[C][O][C][=Branch1][C][=O][C@],772,17933841,5.0412,504.7
4132,[C][O][C][=Branch1][C][=O][C][S],772,17933069,5.0414,504.8
4133,[C][O][C][=C][C][Branch2][Ring1][Ring1],772,17932297,5.0416,504.9
4134,[C][C][C@@][Ring1][=Branch1],772,17931525,5.0418,505.1
4135,[N][C][=Branch1][C][=O][C@H1][Branch1][Branch2][C][C][C][=Branch1][C][=O][O],772,17930753,5.0421,505.2
4136,[C][=C][C][=C][C][=C][Ring1][=Branch1][Ring1][S],771,17929982,5.0423,505.3
4137,[/C][=N][/C],771,17929211,5.0425,505.4
4138,[NH1][C][=Ring1],770,17928441,5.0427,505.5
4139,[C][C][N][Ring2][Ring1],770,17927671,5.0429,505.6
4140,[C][Branch2][Ring1][#Branch1][C][=C][C][=C][Branch1][=N],770,17926901,5.0431,505.8
4141,[C][C][=N][N][Branch2][Ring1],769,17926132,5.0434,505.9
4142,[Ring2][Ring1][Ring1][=C],769,17925363,5.0436,506
4143,[O][C][=C][C][=C][C][Branch1][C][F][=C][Ring1][#Branch1],769,17924594,5.0438,506.1
4144,[C][C][=C][C][=C][Branch2][Ring2][=N],769,17923825,5.044,506.2
4145,[N][C][=C][Branch1][Ring1][C][#N],769,17923056,5.0442,506.3
4146,[C][C][=C][C][Branch1][P],769,17922287,5.0444,506.5
4147,[C][Ring1][#Branch1][=N][Ring1][#Branch2],769,17921518,5.0447,506.6
4148,[O][C][C][O][C][C][O][C][C][O][C][C],769,17920906,5.0448,506.7
4149,[C][=C][Ring2][Ring1][Ring1][C],768,17920138,5.0451,506.8
4150,[C][C][=C][C][=N][C][=C][Ring1][=Branch1][C],768,17919370,5.0453,507
4151,[#C][C][=C][C][=C][C][=C][C][=C][C][Ring1][=Branch1][=N][Ring1][#Branch2],768,17918602,5.0455,507.1
4152,[N][C][=C][C][=C][Branch1][C][F][C][=N][Ring1][#Branch1],768,17917834,5.0457,507.2
4153,[=N][C][=Branch1][C][=O][C][=C][C][=C][C][=C][Ring1][=Branch1][C][C][Ring1][=C],768,17917066,5.0459,507.4
4154,[C][=N][Ring1][=C],767,17916299,5.0461,507.5
4155,[C][C][C][C][C][N][Branch1],767,17915532,5.0463,507.6
4156,[C][=Branch1][C][=O][C][=C][C][=C][Branch1][C][Cl][C][=C][Ring1][#Branch1],767,17914765,5.0466,507.7
4157,[C][=C][C][Ring1][#Branch2],767,17913998,5.0468,507.8
4158,[C][Branch1][C][N][=N][C][Ring1][#Branch1][=O],767,17913231,5.047,507.9
4159,[C][C][=C][C][=C][Branch1][=Branch2][C][=C][C][=C][C][=C][Ring1][=Branch1][C][=C][Ring1][N],767,17912464,5.0472,508
4160,[C][=C][C][Branch1][C][O][=N],766,17911698,5.0474,508.1
4161,[/C][=Branch1][=N][=C][/C][=C][C][=C],766,17910932,5.0476,508.3
4162,[C][C][Branch1][Branch2],765,17910167,5.0479,508.4
4163,[O][C][=C][Branch1][C][Cl],765,17909402,5.0481,508.5
4164,[C][=C][C][Branch1][C][F][=C][Ring1][Branch2],765,17908637,5.0483,508.6
4165,[C][C][=C][C][Branch1][C][C][=C][Branch2][Ring1],765,17907872,5.0485,508.7
4166,[O][=S][=Branch1][C][=O][Branch1][=Branch2],764,17907108,5.0487,508.9
4167,[C][=C][C][Branch1][=Branch1][N+1][=Branch1][C][=O][O-1][=C],764,17906344,5.0489,509
4168,[C][=C][Branch1][Ring2][S][Ring1][Branch1][C][C],764,17905580,5.0492,509.1
4169,[C][N][Branch2][Branch1],763,17904817,5.0494,509.2
4170,[C][C@@H1][Branch1][Branch2],763,17904054,5.0496,509.3
4171,[Branch1][C][F][C][=C][C][=C][Ring1][#Branch1][F],763,17903291,5.0498,509.4
4172,[N][Branch1][C][C][N][Branch1][=Branch2][C][=C][C][=C][C][=C][Ring1][=Branch1][C][Ring1][=N][=O],763,17902528,5.05,509.6
4173,[N][C][=Branch1][C][=O][C][=C][C][=C][Branch1],762,17901766,5.0502,509.7
4174,[O][=C][C][=C][C][=C],762,17901004,5.0504,509.8
4175,[N][=N][Ring2][Ring1][Ring2],762,17900242,5.0507,509.9
4176,[C][=C][C][=C][C][Branch2][Ring1][=Branch1],762,17899480,5.0509,510
4177,[#C][N][C][=Branch1][C][=O][C][C][=C][C][=C][C][=C][Ring1][=Branch1],762,17898718,5.0511,510.2
4178,[N][=C][Ring1][Branch1][C][=Ring1][=Branch2],762,17897956,5.0513,510.3
4179,[C][C][C][C][N][Ring1][Branch1][C][=Branch1][C][=O],762,17897194,5.0515,510.4
4180,[C][C][=Branch1][C][=O][N][S][=Branch1][C][=O][=Branch1][C][=O][C][C][C][Ring1][Ring1],762,17896432,5.0517,510.6
4181,[=Branch1][=Branch1],761,17895671,5.0519,510.7
4182,[C@@H1][Ring2][Ring1][Branch2],761,17894910,5.0522,510.8
4183,[N][C][Ring1][#Branch1][=O],761,17894149,5.0524,511
4184,[C][Branch1][C][O][Branch1][=Branch2][C][=C][C][=C][C][=C][Ring1][=Branch1][C][=C][C][=C][C][=C][Ring1][=Branch1],761,17893388,5.0526,511.1
4185,[C@H1][Ring2][Ring2],760,17892628,5.0528,511.2
4186,[S][C][Branch1][C][C],760,17891868,5.053,511.4
4187,[C][=C][Ring2][Ring2][=C],760,17891108,5.0532,511.5
4188,[N][C][C@H1][Branch1][C][O][C],760,17890348,5.0535,511.6
4189,[C@H1][C][C][C@][Branch1][C][C],760,17889588,5.0537,511.7
4190,[N][Branch1][=C][C][C],760,17888828,5.0539,511.8
4191,[N][C][C][C][Branch1][Branch1][C][C][Ring1][=Branch1][O][C][C][O][Ring1][#Branch1],760,17888068,5.0541,511.9
4192,[O][C][Branch1][Ring1][O],759,17887309,5.0543,512
4193,[C][Branch1][C][O][=C][Ring1],759,17886550,5.0545,512.1
4194,[C][C][N][C][=C][Branch1][=Branch1][C][=Branch1][C][=O][O][C][=Branch1][C][=O],759,17885791,5.0547,512.2
4195,[N][Branch1][Branch1][C][C],758,17885033,5.055,512.4
4196,[C][=N][C][=C][Ring1][#Branch1][Cl],758,17884275,5.0552,512.5
4197,[=N][Ring1][#Branch1],757,17883518,5.0554,512.6
4198,[N][C][=C][C][=C][Ring1][Branch1][C][=Branch1][C][=O],757,17882761,5.0556,512.7
4199,[/C][=Branch2][Ring1][Branch2],757,17882004,5.0558,512.8
4200,[C][O][C][=C][C][=C][C][=C][Ring1][=Branch1][O][Ring1][#Branch2],757,17881247,5.056,512.9
4201,[=C][C][=N][C][=C][C][=C][C][=C][Ring1][=Branch1][O][Ring1][=Branch2],757,17880490,5.0562,513.1
4202,[O][C][C][O][C],756,17879734,5.0565,513.2
4203,[C][=C][C][=C][C][Branch1][Ring1][O],756,17878978,5.0567,513.3
4204,[C][C][=C][C][=C][Branch1][=Branch1][C][=Branch1][C][=O][O][C][=C][Ring1][=Branch2],756,17878222,5.0569,513.4
4205,[C][O][C][=C][C][=C][Branch1][O][C][Branch1][Ring1][O][C][=C][Ring1][Branch2],756,17877466,5.0571,513.5
4206,[S][C][C][=C],755,17876711,5.0573,513.7
4207,[C][C][C][N][Ring1][#Branch1],755,17875956,5.0575,513.8
4208,[C][N][Branch1][=N],755,17875201,5.0577,513.9
4209,[C][=N][N][=C][Branch2][Ring1],755,17874446,5.0579,514
4210,[C][Branch1][C][F][=C][Branch1],755,17873691,5.0582,514.1
4211,[C][=C][C][=C][C][=C][Ring1][=Branch1][=C],754,17872937,5.0584,514.2
4212,[F][C][Branch1][C][F],754,17872183,5.0586,514.3
4213,[C][=Branch1][=C],754,17871429,5.0588,514.4
4214,[C][Branch1][=N][N][C][=C][C][=C][Branch1][C][F][C][=C][Ring1][#Branch1],754,17870675,5.059,514.6
4215,[C][C][O][C][=Branch1][C][=O][C][C],753,17869922,5.0592,514.7
4216,[C][O][C][C][=N],752,17869170,5.0594,514.8
4217,[N][C][=C][C][Branch1][C][C][=N],752,17868418,5.0597,514.9
4218,[=C][C][=N][C][=N][C][NH1][C][=C][C][Ring1][=Branch2][=Ring1],752,17867666,5.0599,515.1
4219,[N][C][Ring1][=Branch1],751,17866915,5.0601,515.2
4220,[C][C][C][C][Ring1][Branch1],751,17866164,5.0603,515.3
4221,[Branch1][C][O][C@H1][Branch1][C][O][C@H1],751,17865459,5.0605,515.5
4222,[Branch2][Ring2][Ring1][C][=Branch1][C][=O],751,17864708,5.0607,515.6
4223,[C][C][C][=C][NH1],751,17863957,5.0609,515.7
4224,[N][C][C][N][Branch1][=C],750,17863207,5.0611,515.8
4225,[O][C][=C][C][=C][C][=C][Ring1][=Branch2][Ring1][=Branch1],750,17862457,5.0613,515.9
4226,[Ring2][Ring1][=C][O],750,17861707,5.0616,516.1
4227,[C][=C][C][=C][Branch1][P][S][=Branch1][C][=O][=Branch1][C][=O],750,17860957,5.0618,516.2
4228,[C][C][=C][C][=C][N][=C][Ring1][=Branch1][C],750,17860207,5.062,516.3
4229,[C][=C][N][=C][C][=C][C][=C][C][Ring1][=Branch1][=N][Ring1][#Branch2],750,17859457,5.0622,516.4
4230,[N][Branch1][Ring2][N][=Ring1],750,17858707,5.0624,516.5
4231,[C][=N][C][=C][C][=C][C][=C][Ring1][=Branch1][N][=C][Ring1][#Branch2],750,17857957,5.0626,516.6
4232,[Ring1][#Branch1][=O],749,17857208,5.0628,516.7
4233,[C][Branch2][Ring1][=Branch2][N][C][=Branch1][C][=O],749,17856459,5.063,516.8
4234,[C][O][C][=C][C][Branch2][Ring2][Ring1],749,17855710,5.0633,517
4235,[C][=Branch1][C][=O][N][C][=N][C][=C][S][Ring1][Branch1],749,17854961,5.0635,517.1
4236,[C][C][=C][S][C][=Ring1][Branch1][C],749,17854212,5.0637,517.2
4237,[O][C][=C][C][Branch1][C][O][=C][C][Branch1][C][O][=C][Ring1][Branch2],749,17853463,5.0639,517.3
4238,[\C][=C][C][=C],748,17852715,5.0641,517.4
4239,[=Branch1][C][Branch1][C][C][Branch1][C][C],748,17851967,5.0643,517.6
4240,[C][=N][Ring2][Ring1][#Branch2],748,17851219,5.0645,517.7
4241,[C][=Branch1][C][=O][N][C][=C][C][=C][C][Branch1][=Branch2][C][Branch1][C][F][Branch1][C][F][F][=C][Ring1][#Branch2],748,17850471,5.0647,517.8
4242,[C@H1][Branch1][#Branch2][C][C][C][C][C][C][C][Ring1][=Branch1],748,17849723,5.065,517.9
4243,[C][N][C][C][C][C][Ring1][Branch1][C],748,17848975,5.0652,518
4244,[C][=C][C][=C][Branch1][=Branch1][C][=C][Ring1][=Branch1][F][C][=Branch1][C][=O][C][Branch1][=Branch1][C][=Branch1][C][=O][O][=C][N][Ring1][=N],748,17848227,5.0654,518.1
4245,[C][C@H1][Ring2][Ring1],747,17847480,5.0656,518.3
4246,[N][=Ring2][Ring1][=Branch2],747,17846733,5.0658,518.4
4247,[C][=C][Branch1][N][NH1][C][=C][C][=C][C][=C][Ring1][=Branch2][Ring1][=Branch1][C],747,17845986,5.066,518.5
4248,[N][C][=C][C][=N][C][=Ring1][=Branch2][Ring1][=Branch1],747,17845239,5.0662,518.6
4249,[C][C][C][C][C][C][C][Ring1][#Branch1],745,17844494,5.0664,518.8
4250,[N][C][Branch1][#Branch2],745,17843749,5.0666,518.9
4251,[C][=C][C][=C][Ring1][=Branch1][Ring1][=Branch2],744,17843005,5.0669,519
4252,[C@@H1][Branch2][Ring1][=C],744,17842261,5.0671,519.1
4253,[N][C][C][N][Branch2][Ring1][#Branch2],744,17841517,5.0673,519.3
4254,[C][=C][N+1],742,17840775,5.0675,519.4
4255,[#Branch1][C][C][=Branch1][C][=O][O][=C],742,17840033,5.0677,519.5
4256,[C][C][=C][C][Branch1][C][C][=C][Branch2][Ring2],742,17839291,5.0679,519.7
4257,[=Branch1][N][Branch1][C][C][C][C],742,17838549,5.0681,519.8
4258,[C][C][C][=C][S][C][=Ring1][Branch1],742,17837807,5.0683,519.9
4259,[C][C][=C][C][Branch1][Ring1][C][#N][=C],741,17837066,5.0685,520
4260,[C][=C][Branch1][C][O][C][Branch1][Ring1][O],741,17836325,5.0688,520.2
4261,[NH1][Ring1][#Branch1],740,17835585,5.069,520.3
4262,[NH1][Ring2][Ring1][Branch1],740,17834845,5.0692,520.4
4263,[C@H1][Ring2][Ring1][=Branch1],740,17834105,5.0694,520.6
4264,[C][C][C][=C][C][=N],739,17833366,5.0696,520.7
4265,[C][C@H1][C][C][C@H1],739,17832627,5.0698,520.8
4266,[P][=Branch1][C][=O][Branch1][C][O][O][C@@H1][Branch1][C][O][C@H1],739,17831888,5.07,521
4267,[C][=C][C][=C][Branch1][=Branch1][C][Branch1][C][N][=O][C][=C][Ring1][=Branch2],739,17831149,5.0702,521.1
4268,[/C][=C][/C][=C][C][=C][C][=N][Ring1][=Branch1][=N][NH1][C][Ring1][=N][=C][Ring1][P],739,17830410,5.0704,521.2
4269,[O][C][Branch2][Ring2],738,17829672,5.0706,521.3
4270,[C][=C][N][Ring1],738,17828934,5.0709,521.5
4271,[S][C][C@@H1],738,17828196,5.0711,521.6
4272,[C][Branch1][C][C][=C][Ring1][=Branch1],738,17827458,5.0713,521.7
4273,[C@@H1][Branch2][Ring1][P],738,17826720,5.0715,521.8
4274,[N][=C][Branch1][C][N][N][=C][Ring1],738,17825982,5.0717,522
4275,[C@@H1][Ring2][Ring1][#Branch2],738,17825244,5.0719,522.1
4276,[O][O][C][C][=C][C][=C][C][=C][Ring1][=Branch1][=C][Ring1][=C],738,17824506,5.0721,522.2
4277,[C][N][Branch1][=Branch2][C][C][=C][C][=C],738,17823768,5.0723,522.3
4278,[N][=N][Ring2][Ring1][=Branch1],737,17823031,5.0725,522.4
4279,[C][Branch1][C][O][=C][C][=C][C][=C][C][Ring1][=Branch1],737,17822294,5.0727,522.5
4280,[Ring2][Ring1][P][=O],737,17821557,5.073,522.6
4281,[C][N][C][C][O][C][C][Ring1][=Branch1][C],737,17820820,5.0732,522.7
4282,[O][C][Branch1][C][C][C][C][=C][Ring1][#Branch2],737,17820083,5.0734,522.8
4283,[C][=Branch1][C][=O][N][Branch1][C][C][C][=Branch1][C][=O][N][Ring1][=Branch2],737,17819346,5.0736,523
4284,[=Branch1][C][Branch1][C][C][C][N],736,17818610,5.0738,523.1
4285,[O][C@@H1][O][C@H1][Branch1][Ring1][C][O][C@@H1][Branch1][C][O][C@H1][Branch1][C][O][C@H1][Ring1][#Branch2][O],736,17817874,5.074,523.2
4286,[C][C@@H1][C][C][C@H1][C@@H1][Branch1][C][C],736,17817138,5.0742,523.3
4287,[N][Branch1][Branch2],735,17816403,5.0744,523.4
4288,[C][Branch2][Ring1][Branch1][C],735,17815668,5.0746,523.5
4289,[C][Ring1][#Branch1][=C][Ring1],735,17814933,5.0748,523.7
4290,[C][=C][C][=Branch1][C][=O][O],735,17814198,5.0751,523.8
4291,[O][C][Branch1][N][C][=C][C][=C][Branch1][C][Cl][C][=C][Ring1][#Branch1],735,17813463,5.0753,523.9
4292,[C][C][=C][C][=C][Branch1][C][C][C][=C][Ring1][#Branch1],735,17812728,5.0755,524
4293,[C][O][C][=C][Branch1][C][Cl],735,17811993,5.0757,524.1
4294,[C][C][C][Branch1][C][C][C],735,17811258,5.0759,524.2
4295,[C@][Branch1][Ring1][C][C],735,17810523,5.0761,524.4
4296,[O][=C][Branch1][=N][N][C][=C][C][=C][Branch1][C][F][C][=C][Ring1][#Branch1],735,17809788,5.0763,524.5
4297,[C][C][N][Branch1][Ring1][C][C][C][C][N][C][=Branch1][C][=O],735,17809053,5.0765,524.6
4298,[N-1][=N+1][=N],735,17808318,5.0767,524.7
4299,[N][Branch1][C][C][C@H1],734,17807584,5.0769,524.8
4300,[C][C][C@@][Ring1][P],734,17806850,5.0771,525
4301,[N][C][=Branch1][C][=O][N][C][Ring1][Branch2][=O],734,17806116,5.0774,525.1
4302,[C][C][#N],733,17805383,5.0776,525.2
4303,[C@][Branch2][Ring1],733,17804650,5.0778,525.3
4304,[C][N][Ring1][#Branch1],733,17803917,5.078,525.4
4305,[=Branch1][C@@H1][Branch1][C][C],733,17803184,5.0782,525.6
4306,[C][=Branch1][C][=O][N][Ring1][=Branch1][C],733,17802451,5.0784,525.7
4307,[N][C][=C][C][=C][C][=C][Ring1][=Branch1][Ring1][#Branch2],732,17801719,5.0786,525.8
4308,[NH1][Ring2][Ring1][=Branch1],732,17800987,5.0788,525.9
4309,[C][C][=Branch1][C][=O][N][C][C][C][C][Ring1][Branch1],732,17800255,5.079,526
4310,[C][=C][C][Branch1][=Branch2][C][Branch1][C][F][Branch1][C][F][F][=C][C][=N],732,17799523,5.0792,526.2
4311,[=Branch1][N][Branch1][C][C][C][=C][Ring1][=Branch2],732,17798791,5.0794,526.3
4312,[C][N][C][Branch1][C],731,17798060,5.0797,526.5
4313,[C][C][O][C][=Branch1][C][=O][C][Branch1],731,17797329,5.0799,526.6
4314,[C][O][C][C][=Branch1][C][=O][N][C][C],731,17796598,5.0801,526.7
4315,[C][=C][S][Ring1][Branch1][C][C],731,17795867,5.0803,526.9
4316,[C][Branch1][#Branch2][O][C][Branch1][C][F][Branch1][C][F][F],731,17795136,5.0805,527
4317,[C][C][=C][C][=C][Branch1][Ring1][C][#N][C][=C][Ring1][Branch2],731,17794405,5.0807,527.1
4318,[C][C][Ring2][Ring2][Branch1],731,17793674,5.0809,527.3
4319,[N][C][C][C][N][Branch1][C][C][C][C][Ring1][#Branch1],731,17792943,5.0811,527.4
4320,[C@@H1][Branch1][C][C][C][=Branch1][C][=O][C@H1][Branch1][C][C],731,17792212,5.0813,527.5
4321,[C][=C][N][=C][C][Branch1],730,17791482,5.0815,527.6
4322,[N][N][C][=Branch1][C][=O][C][=C][C][=C],730,17790752,5.0817,527.7
4323,[N][C][=N][N][=C][Branch2][Ring1],730,17790022,5.0819,527.8
4324,[O][C][Branch1][N][C][=C][C][=C][Branch1][C][F][C][=C][Ring1][#Branch1],730,17789292,5.0822,528
4325,[C][=Branch1][C][=O][C@][Branch1][C][C],730,17788562,5.0824,528.1
4326,[N][C][C][C][C][C][C][C][Ring1][=Branch1],730,17787832,5.0826,528.2
4327,[Branch1][C][C][C@H1][Ring1][=N],730,17787102,5.0828,528.3
4328,[C][C][Branch2][Ring1][Branch2],730,17786372,5.083,528.4
4329,[C][Ring2][Ring2][C],730,17785642,5.0832,528.5
4330,[O][N][=Ring1][#C],730,17784912,5.0834,528.7
4331,[Branch2][C][=C][C][=C][S][Ring1][Branch1][C],730,17784182,5.0836,528.8
4332,[N][=C][Branch1][C][O][C],729,17783453,5.0838,528.9
4333,[C@@H1][Branch2][Ring1][#C],729,17782724,5.084,529
4334,[N][C][C][C][Branch1][S],729,17781995,5.0842,529.2
4335,[C][C][C@@][Branch1][C][C][C@H1][Ring1][#Branch1],729,17781266,5.0845,529.3
4336,[C][=C][C][=C][C][=C][Ring1][=Branch1][C][C@H1][Ring1][=Branch2],729,17780537,5.0847,529.4
4337,[/C][=Branch1][=N][=C][\C][=C][C][=C],729,17779808,5.0849,529.5
4338,[S][S][=Branch1][C][=O][=Branch1][C][=O][C][=C][C][=C][C][=C][Ring1][=Branch1][C][C][Ring1][#C],729,17779079,5.0851,529.6
4339,[N][Branch1][Ring2][C][C][Cl][C][C][Cl][C][=C][Ring1][=N],729,17778350,5.0853,529.8
4340,[C][=C][C][=C][Branch2][Ring1][=Branch1][C],728,17777622,5.0855,529.9
4341,[C][C][=Branch1][C][=O][O][C][=C][C][=C],728,17776894,5.0857,530
4342,[C][C][Branch1][=Branch1][C][=Branch1][C][=O][O],728,17776166,5.0859,530.1
4343,[N][C][C][C][C][Ring1][Branch1][C][=Branch1][C][=O],728,17775438,5.0861,530.2
4344,[N][Branch2][Ring1][Ring1][C][=Branch1][C][=O],728,17774710,5.0863,530.3
4345,[O][N+1][Branch1][C][O-1],728,17773982,5.0865,530.5
4346,[C][C][C][C][C][C][Ring1][=Branch1][C][=Branch1][C][=O],728,17773254,5.0867,530.6
4347,[C][=C][Ring2][Ring1][C][N],727,17772527,5.087,530.7
4348,[C][C@H1][O][C@@H1],727,17771800,5.0872,530.8
4349,[N][S][=Branch1][C][=O][=Branch1][C][=O][C][=C][C][=C][Branch1],727,17771073,5.0874,530.9
4350,[C][=Branch1][C][=O][N][C][=C][C][=C][N][=C][Ring1][=Branch1],727,17770346,5.0876,531
4351,[C][O][C][=C][C][Branch2][Ring1][=N],727,17769619,5.0878,531.1
4352,[C][C][C][C][C][Ring1][=Branch1][C],727,17768892,5.088,531.2
4353,[N][N][=C][C][=C][Ring1][Branch1],727,17768165,5.0882,531.4
4354,[O][C][=Branch1][C][=O][C][C],726,17767439,5.0884,531.5
4355,[C@H1][Ring1][Branch1],726,17766713,5.0886,531.6
4356,[C@][Ring1][P],726,17765987,5.0888,531.7
4357,[C][N][Branch2][Ring1][#Branch1],726,17765261,5.089,531.9
4358,[Ring2][Ring1][S][=O],726,17764535,5.0892,532
4359,[C][C][C@][Branch1][C][C][C@@H1][Ring1][Branch2],726,17763809,5.0894,532.1
4360,[C][=N+1][Ring1][=Branch1],726,17763083,5.0897,532.2
4361,[=N][O][Ring1][#C],725,17762358,5.0899,532.3
4362,[=Branch1][C][=Branch1][C][=N][N][=C],725,17761633,5.0901,532.4
4363,[N][C][=Branch1][C][=S][N][/N][=C],725,17760908,5.0903,532.5
4364,[N][C][Branch2][Ring1][Ring2],724,17760184,5.0905,532.7
4365,[N][C][=C][C][=C][C][=C][C][=C][C][Ring1][=Branch1][=C][Ring1][#Branch2],724,17759460,5.0907,532.8
4366,[C][C][N][Branch1][P],723,17758737,5.0909,532.9
4367,[C][=C][C][=C][C][=C][Ring1][=Branch1][Ring2][Ring1][=Branch1],723,17758014,5.0911,533
4368,[C][=Branch1][C][=O][N][C][=C][C][=C][C][=Branch1][Ring2][=C][Ring1][=Branch1],723,17757291,5.0913,533.2
4369,[C][=C][Ring1][=Branch1][C][=N][N][Ring1][Branch1],723,17756568,5.0915,533.3
4370,[N][C][=N][C][=C][C][=C],722,17755846,5.0917,533.4
4371,[C][C][C][C][O][C][=C][C][=C],722,17755124,5.0919,533.5
4372,[C][O][C][=C][C][Branch1][#Branch2],722,17754402,5.0921,533.7
4373,[C@H1][C@H1][Branch1],721,17753681,5.0924,533.8
4374,[C][=C][C][=C][Branch1][C][Br][C][=C][Ring1][#Branch2][Ring1][#Branch1],721,17752960,5.0926,533.9
4375,[N][C][=C][C][=C][Branch1][S],720,17752240,5.0928,534
4376,[Ring2][Ring1][#Branch1][O],720,17751520,5.093,534.2
4377,[C][Branch2][Branch1][Ring1],720,17750800,5.0932,534.3
4378,[=N][C][=C][C][=C][Branch1][C][O][C][=C][Ring1][#Branch1],720,17750080,5.0934,534.4
4379,[N][C][=C][C][=C][Branch1][#Branch2][O][C][=C][C][=C][C][=C][Ring1][=Branch1][C][=C][Ring1][=N],720,17749360,5.0936,534.5
4380,[C][O][C][=C][C][=C][C][Branch1],719,17748641,5.0938,534.7
4381,[=C][Ring2][Ring1][O][C],719,17747922,5.094,534.8
4382,[C][=C][C][=C][Branch2][Ring1][O][C],719,17747203,5.0942,534.9
4383,[O][=C][Branch2][Ring1][O][C],719,17746484,5.0944,535.1
4384,[C][=C][Ring1][S][O][C],719,17745765,5.0946,535.2
4385,[C][O][C][=C][Branch1][C][O],719,17745046,5.0948,535.3
4386,[C][C][N][Branch1][=N][C][=Branch1][C][=O],719,17744327,5.095,535.5
4387,[C][S][C][=Branch1][C][=S],719,17743608,5.0952,535.6
4388,[C][=C][N][Ring1][Branch1][C][C],719,17742889,5.0954,535.7
4389,[N][Branch1][=Branch2][C][=C][C][=C][C][=C][Ring1][=Branch1][C][C][Ring1][N],719,17742170,5.0957,535.8
4390,[C][C][Branch1][C][C][C][=Branch1][C][=O],718,17741452,5.0959,536
4391,[C][C@@H1][Ring1][Branch1],718,17740734,5.0961,536.1
4392,[C][=N][Ring2][Ring1][=N],718,17740016,5.0963,536.2
4393,[C][=C][C][=C][Branch1][O][O][C][C],718,17739298,5.0965,536.3
4394,[C][O][C][=C][C][=C][C][Branch2][Ring1][=N],717,17738581,5.0967,536.5
4395,[C][Br],716,17737865,5.0969,536.6
4396,[N][C][=Branch1][C][=O][O][C][C],716,17737149,5.0971,536.7
4397,[C][=Branch1][#C],716,17736433,5.0973,536.8
4398,[C][C][O][C][=Branch1][C][=O][N][C][C][N][Branch2][Ring1],716,17735717,5.0975,536.9
4399,[C][=C][C][=C][C][Branch2][Ring1][P],716,17735001,5.0977,537
4400,[C][C][=C][Branch2][Ring1][Branch2],716,17734285,5.0979,537.2
4401,[C@@][Branch1][C][C][Branch1][Ring1][C][O],716,17733569,5.0981,537.3
4402,[C][=C][C][=C][Branch1][=Branch2][N][C][C][O][C][C][Ring1][=Branch1][C][=C][Ring1][N],716,17732853,5.0983,537.4
4403,[#C][C][=C][C][=C][Branch1][C][F][C][Branch1][C][Cl][=C][Ring1][Branch2],716,17732137,5.0985,537.5
4404,[N][C@@H1][Branch1][Ring1][C][O],715,17731422,5.0987,537.6
4405,[C][N][C][C@H1][Branch1],715,17730707,5.099,537.7
4406,[C][O][C][Branch1][C][C][Branch1][C][C],715,17729992,5.0992,537.8
4407,[N][=C][Branch1][=Branch2][C][Branch1][C][C][Branch1][C][C][C],715,17729277,5.0994,537.9
4408,[C][=Branch1][C][=O][N][C][C][=C][C][=C][N][=C][Ring1][=Branch1],715,17728562,5.0996,538.1
4409,[C][C][=Branch1][C][=O][O][C][C@H1][O][C@@H1],715,17727847,5.0998,538.2
4410,[C][=C][C][=C][C][=C][Ring2][Ring1][Ring1][Ring1][=Branch1],715,17727132,5.1,538.3
4411,[Branch1][C][O][C@H1][Branch1][C][O],714,17726418,5.1002,538.4
4412,[N][=C][Ring2][Ring1][O],714,17725704,5.1004,538.6
4413,[C][=Branch1][C][=O][N][C@H1][Branch1][C][C],714,17724990,5.1006,538.7
4414,[N][C][=C][C][Branch1][C][F][=C],714,17724276,5.1008,538.8
4415,[C][C][C][N][Branch1][#Branch2][C][C][=C][C][=C][C][=C][Ring1][=Branch1][C][C][Ring1][=N],714,17723562,5.101,539
4416,[C][C@@H1][Branch1][Ring1][C][O][N][C][C@@H1][Branch1][C][C],714,17722848,5.1012,539.1
4417,[/C][=C][\O],713,17722135,5.1014,539.2
4418,[O][S][=Branch1][C][=O][=Branch1][C][=O][O],713,17721422,5.1016,539.4
4419,[C][C][C][C][C][/C][=C][\C],713,17720709,5.1018,539.5
4420,[O][C][=C][C][=C][C][=C][Ring1][=Branch1][O][C],712,17719997,5.102,539.6
4421,[C][O][C][Ring1][Branch1],712,17719285,5.1022,539.8
4422,[N][C][C@H1][Branch1][C][C],712,17718573,5.1024,539.9
4423,[Branch2][C][C][C][=Branch1][C][=O][O][C][=Branch1][C][=O],712,17717861,5.1026,540.1
4424,[=C][C][=C][Ring2][Ring1][C][F],712,17717149,5.1029,540.2
4425,[O][C][Ring1][=Branch2],711,17716438,5.1031,540.3
4426,[O][C][=C][C][=C][C][=C][Ring1][=Branch1][F],711,17715727,5.1033,540.4
4427,[C][=C][C][=C][C][=C][Ring1][=Branch1][Ring2][Ring1][Ring2],711,17715016,5.1035,540.6
4428,[C][=C][Ring1][#C][O][C],711,17714305,5.1037,540.7
4429,[=C][C][=C][Ring2][Ring1][#C],711,17713594,5.1039,540.8
4430,[C][N][Branch1][C][C][C][C][C][C],711,17712883,5.1041,540.9
4431,[N][N][=C][Branch1][Branch2][C][=C][C][=C][O][Ring1][Branch1],711,17712172,5.1043,541
4432,[N][=C][Branch1][C][N][N][C][C][C][C@@H1],711,17711461,5.1045,541.1
4433,[C][=C][Ring1][S][F],710,17710751,5.1047,541.2
4434,[N][C][C][C][C][Ring1][Ring2],710,17710041,5.1049,541.4
4435,[C][N][=C][Branch1][C][N],710,17709331,5.1051,541.5
4436,[C@H1][Ring2][Ring1][#Branch2],710,17708621,5.1053,541.6
4437,[Branch1][=Branch2][C][=C][C][=C][N][=C][Ring1][=Branch1],710,17707911,5.1055,541.7
4438,[S][=Branch1][C][=O][=Branch1][C][=O][C][=C][C][=C][S][Ring1][Branch1],710,17707201,5.1057,541.8
4439,[/C][=C][/C][=C][C][=C][O][Ring1][Branch1],710,17706491,5.1059,541.9
4440,[NH1][C][Ring1][Branch1][=C][Ring1][=Branch2],710,17705781,5.1061,542.1
4441,[C][C][Ring2][Ring2][#Branch1],710,17705071,5.1063,542.2
4442,[C][=N][C][C][N][Ring1][Branch1],710,17704361,5.1065,542.3
4443,[C][=C][Ring2][Ring2][C][O][C],709,17703652,5.1067,542.4
4444,[N][C][C][C][Branch1][C][O],709,17702943,5.1069,542.5
4445,[C][=C][Branch1][Branch2][C][=Branch1][C][=O][O][C][C],709,17702234,5.1072,542.7
4446,[C@H1][C][C][C@@][Branch1][C][C],708,17701526,5.1074,542.8
4447,[#C][S][=Branch1][C][=O][=Branch1][C][=O][N][C][C][C][C][Ring1][Branch1],708,17700818,5.1076,542.9
4448,[N][C][C][S][C][C][Ring1][=Branch1],708,17700110,5.1078,543.1
4449,[O][C][=C][C][=C][Branch1][=Branch2][C][Branch1][C][F][Branch1][C][F][F][C][=N][Ring1][#Branch2],708,17699402,5.108,543.2
4450,[N][C][#N],707,17698695,5.1082,543.3
4451,[Branch2][=Branch1][#Branch1],707,17697988,5.1084,543.4
4452,[N][N][=N][N][=C][Ring1][Branch1][C],707,17697281,5.1086,543.5
4453,[C@@H1][Branch1][Branch1],706,17696575,5.1088,543.6
4454,[N][C][=Ring1][#C],706,17695869,5.109,543.8
4455,[C][=C][C][=C][C][Branch2][Ring1][=N],705,17695164,5.1092,543.9
4456,[O][=C][Branch1][C][O][C][=C][C][=C][C][=C][Ring1][=Branch1],705,17694459,5.1094,544
4457,[N][C][=Branch2],704,17693755,5.1096,544.1
4458,[C][C@H1][Ring1][Branch1],704,17693051,5.1098,544.2
4459,[N][Ring2][Ring1][O],704,17692347,5.11,544.4
4460,[C][Ring1][N][C][C],703,17691644,5.1102,544.5
4461,[NH1][Ring1][Branch2],703,17690941,5.1104,544.6
4462,[C][C][N][C][C][C][C],703,17690238,5.1106,544.7
4463,[C@H1][Ring2][Ring1][Branch1],703,17689535,5.1108,544.9
4464,[C@H1][Ring2][Ring1][=Branch2],703,17688832,5.111,545
4465,[O][=C][Branch2][Ring1][Branch1][C],702,17688130,5.1112,545.1
4466,[C][=N][C][Branch1][N][C][=C][C][=C][Branch1][C][F][C][=C][Ring1][#Branch1],702,17687428,5.1114,545.3
4467,[C][O][C][=C][C][=C][Branch1][=Branch1][C][=C][Ring1][=Branch1],702,17686726,5.1116,545.4
4468,[N+1][Branch1][C][O-1][=C],702,17686024,5.1118,545.5
4469,[=C][C][C@H1],701,17685323,5.112,545.6
4470,[C][C][C][Ring1][#C],701,17684622,5.1122,545.7
4471,[C][=N][N][C][Branch1],701,17683921,5.1124,545.8
4472,[Ring2][Ring2][Ring1][=O],701,17683220,5.1126,545.9
4473,[O][=C][Branch2][Ring2][=N],701,17682519,5.1128,546.1
4474,[C][C][Branch1][C][C][Branch1][C][O],700,17681819,5.113,546.2
4475,[C][=C][Ring2][Ring1][=Branch1][Ring1][=Branch1],700,17681119,5.1133,546.3
4476,[N][C][=C][C][=C][Branch2][Ring1][#Branch2],700,17680419,5.1135,546.4
4477,[O][=C][Branch1][C][O][C][=C][N][Branch1],700,17679719,5.1137,546.6
4478,[S][Ring2][Ring1][O],700,17679019,5.1139,546.7
4479,[C][Branch2][Ring1][Ring1][C][=C][C][=C][C][Branch1][=Branch2][C][Branch1][C][F][Branch1][C][F][F][=C][Ring1][#Branch2],700,17678319,5.1141,546.8
4480,[N][C][C][C][=C][C][=C][C][=C][Ring1][=Branch1][Ring1][=Branch2],700,17677619,5.1143,546.9
4481,[C][=C][C][=Branch1][C][=O][O][C][Ring1][#Branch1],700,17676919,5.1145,547
4482,[/C][Ring1][#Branch2],699,17676220,5.1147,547.1
4483,[Branch1][C][C][C][C][Ring1][=Branch1],699,17675521,5.1149,547.3
4484,[C][=C][Ring1][=N][Cl],699,17674822,5.1151,547.4
4485,[C][=N][Ring2][Ring1][N],699,17674123,5.1153,547.5
4486,[C][O][C][=C][C][=C][C][Branch2][Ring1][#C],699,17673424,5.1155,547.6
4487,[C][C][Branch1][C][C][Branch1],698,17672726,5.1157,547.8
4488,[C][=C][Ring2][Ring1][#Branch2][C],698,17672028,5.1159,547.9
4489,[Ring1][Ring1][C],697,17671331,5.1161,548
4490,[C][C][N][Ring1][Branch1][C],697,17670634,5.1163,548.1
4491,[C][=C][Ring1][Branch2][C][=C][N][Branch1][Branch1][C][Ring1][=Branch1][=O],697,17669937,5.1165,548.3
4492,[C][Branch1][N][C][=C][C][=C][Branch1][C][O][C][=C][Ring1][#Branch1],696,17669241,5.1167,548.4
4493,[C][S][C][C][=Branch1][C][=O],695,17668546,5.1169,548.5
4494,[=C][C][=C][Ring2][Ring1][=C],695,17667851,5.1171,548.7
4495,[C][C][C][C][=Branch1][C][=O][O],695,17667156,5.1173,548.8
4496,[C][=N][C][=C][N][=C][Ring1][=Branch1],695,17666461,5.1175,548.9
4497,[=C][C][Branch1][=N],694,17665767,5.1177,549.1
4498,[C][=C][Ring2][Ring1][Ring1][F],694,17665073,5.1179,549.2
4499,[Branch1][C][C][Ring1][=Branch1][C][=Branch1][C][=O],694,17664379,5.1181,549.3
4500,[C][N][=C][Branch1][C][S],694,17663685,5.1183,549.5
4501,[C][=C][Ring2][Ring2][#C],693,17662992,5.1185,549.6
4502,[N][C][=C][Branch2][Ring1][Ring1],693,17662299,5.1187,549.7
4503,[S][C][=C][C][=C][C][=C][Ring1][=Branch2][Ring1][=Branch1],693,17661606,5.1189,549.9
4504,[C][C][=C][C][Branch2][Ring1][#Branch1],693,17660913,5.1191,550
4505,[C@H1][Branch1][#Branch1][O][C][Branch1][C][C][=O][C@@H1][Branch1][#Branch1][O][C][Branch1][C][C][=O],693,17660220,5.1193,550.1
4506,[C][=C][C][=C][C][=C][C][Ring1][=Branch1][=C][Ring1][#Branch2],693,17659527,5.1195,550.3
4507,[C@][Ring1][#C][Ring2][Ring1][Ring2],693,17658834,5.1197,550.4
4508,[C][=C][C][=Branch1][Ring2][=C][Ring1],692,17658142,5.1199,550.5
4509,[Branch2][Branch1][S],691,17657451,5.1201,550.7
4510,[=N][C][Branch1][=Branch2][C][=C][C][=C][C][=C][Ring1][=Branch1],691,17656760,5.1203,550.8
4511,[Branch1][C][C][C@H1][Ring1][=C],691,17656069,5.1205,550.9
4512,[C][C][Ring1][Branch2][=O],691,17655378,5.1207,551.1
4513,[C][=C][C][Branch1][C][F][=C][Branch1],691,17654687,5.1209,551.2
4514,[C][N][C][Branch2][Ring1],690,17653997,5.1211,551.3
4515,[N][C][=C][C][=C][Branch1][Branch2],690,17653307,5.1213,551.4
4516,[C][C][=C][C][=C][C][Branch2][Ring1][#Branch2],690,17652617,5.1215,551.5
4517,[N][S][=Branch1][C][=O][=Branch1][C][=O][C][=C][C][=C][S][Ring1][Branch1],690,17651927,5.1217,551.6
4518,[C][=C][Branch1][Branch2][C][=Branch1][C][=O][NH1][Ring1][#Branch1],690,17651237,5.1219,551.7
4519,[Ring1][=Branch1][O],689,17650548,5.1221,551.9
4520,[O][C][=C][C][=C][Branch2][Ring1][=Branch2],689,17649859,5.1223,552
4521,[C][=C][C][Branch1][C][Cl][=C][C][=C][Ring1][#Branch1][O],689,17649170,5.1225,552.1
4522,[O][C][Branch1][=C],688,17648482,5.1227,552.2
4523,[C][C][=C][Branch1][=N],688,17647794,5.1229,552.4
4524,[C][=C][C][Branch1][Ring1][O][C][=C][Ring1][Branch2],688,17647106,5.1231,552.5
4525,[C][C][C][Branch1][=Branch2][C][=C][C][=C][C][=C][Ring1][=Branch1],688,17646418,5.1233,552.6
4526,[C][=Branch1][C][=O][N][C][C@@H1],688,17645730,5.1235,552.8
4527,[C][=C][N][=C][Branch1][=N],688,17645042,5.1237,552.9
4528,[N][Branch1][#Branch2][C][C][Branch1][C][F][Branch1][C][F][F],688,17644354,5.1239,553
4529,[C][C][Ring1][N][=N],687,17643667,5.1241,553.1
4530,[Ring2][Ring1][O][O],687,17642980,5.1243,553.3
4531,[Ring2][Ring1][N][O],687,17642293,5.1245,553.4
4532,[=C][Ring1][Branch1],686,17641607,5.1247,553.5
4533,[C][=C][C][=C][C][=C][Ring1][=Branch1][Ring2][Ring1][Ring1],686,17640921,5.1249,553.6
4534,[C][Branch2][Ring1][Branch2][N][C][=Branch1][C][=O],686,17640235,5.1251,553.7
4535,[C][O][C][=C][C][=C][C][Branch2][Ring2][Ring1],686,17639549,5.1253,553.8
4536,[O][C][O][Ring1][=Branch1][C][=Branch1][C][=O],686,17638863,5.1255,554
4537,[C][=C][C][Branch1][N],685,17638178,5.1257,554.1
4538,[C][C][C][C][C][C][C][N],685,17637493,5.1259,554.2
4539,[N][=C][Ring2][Ring1][#C],685,17636808,5.1261,554.4
4540,[C][O][C][C][N][Branch1],685,17636123,5.1263,554.5
4541,[N][C][Branch1][=N],685,17635438,5.1265,554.6
4542,[N][C][C][=C][C][=C][C][=C][Ring1][=Branch1][F],685,17634753,5.1267,554.8
4543,[C][C][C][N][Branch1][Ring2][C][C][C][C][=Branch1][C][=O],685,17634068,5.1269,554.9
4544,[/C][Branch1][C][O][=C][\C],685,17633383,5.1271,555
4545,[N][=C][Branch2][Ring2],684,17632699,5.1273,555.2
4546,[C][=C][C][Ring1][P],684,17632015,5.1275,555.3
4547,[C][Branch1][N][C][=C][C][=C][Branch1][C][Br][C][=C][Ring1][#Branch1],684,17631331,5.1277,555.4
4548,[N][C][C][Branch2][Ring1],683,17630648,5.1279,555.5
4549,[C][=C][C][=C][C][=C][Ring1][=Branch1][O][C][C],683,17629965,5.1281,555.7
4550,[C][=C][C][=C][Branch2][Ring1][=Branch1][C][=Branch1][C][=O],683,17629282,5.1283,555.8
4551,[N][C@H1][C][C],683,17628599,5.1285,555.9
4552,[C][Branch1][C][C][C][C][=Branch1][C][=O],682,17627917,5.1287,556.1
4553,[/C][Branch1][C][C][=C][\C],682,17627235,5.1289,556.2
4554,[C][=C][Branch2][Ring1][O],681,17626554,5.1291,556.4
4555,[=C][C][=C][Ring2][Ring1][=N],681,17625873,5.1293,556.5
4556,[Branch1][C][O][C][C@@H1][Branch1][C][C],681,17625192,5.1295,556.6
4557,[C][=C][Ring2][Ring1][=Branch1][F],681,17624511,5.1297,556.8
4558,[C][=C][Branch1][=Branch1][N+1][=Branch1][C][=O][O-1][C][=C][Ring1][=Branch2],681,17623830,5.1299,556.9
4559,[C][C][=C][C][=C][C][Branch1][C][O][=C][Ring1][#Branch1],681,17623149,5.1301,557
4560,[N][Ring1][#C][C],681,17622468,5.1303,557.2
4561,[C][=C][Branch2][Ring2][=Branch1],680,17621788,5.1305,557.3
4562,[O][C][=C][C][=C][C][=C][C][=C][C][=C][Ring1][#Branch2][Ring1][=Branch1],680,17621108,5.1307,557.4
4563,[#C][N][C][=Branch1][C][=O][N][C][=C][C][=C][C][=C][Ring1][=Branch1],680,17620428,5.1309,557.5
4564,[C][O][C][=C][C][Branch1][S],680,17619748,5.1311,557.6
4565,[C][N][Ring1][=Branch1],679,17619069,5.1313,557.7
4566,[N][C][=N][C][Branch2][Ring1],679,17618390,5.1315,557.8
4567,[Ring1][C][O][=C],679,17617711,5.1317,558
4568,[C][C][N][C][=C][C][=C][C][=C][Ring1][=Branch1],679,17617032,5.1319,558.1
4569,[C][=C][Branch1][=Branch2][C][=C][C][=C][C][=C][Ring1][=Branch1][NH1],679,17616353,5.132,558.2
4570,[O][C][S][C][=C][C][=C][C][=C][Ring1][=Branch1],679,17615674,5.1322,558.3
4571,[N][C][=N][C][=C][Branch1][C][N][N][=C][N][=C][Ring1][#Branch1][Ring1][#Branch2],679,17614995,5.1324,558.5
4572,[C][=C][C][=C][C][=C][Ring1][=Branch1][Ring2][Ring1][#Branch1],678,17614317,5.1326,558.6
4573,[N][C][C][N][Branch2][Ring1][=N],678,17613639,5.1328,558.7
4574,[Ring1][#Branch2][C][C][Ring1][S],678,17612961,5.133,558.8
4575,[Ring2][Ring1][=C][=O],678,17612283,5.1332,559
4576,[C][O][C][=C][C][Branch2][Ring2][Ring2],678,17611605,5.1334,559.1
4577,[N][Branch1][P][C][=Branch1][C][=O],678,17610927,5.1336,559.2
4578,[O][=C][C][Branch1][Ring1][O],677,17610250,5.1338,559.4
4579,[C][Ring2][Ring2][#Branch1],677,17609573,5.134,559.5
4580,[C@@][Ring1][Ring2][Branch1],677,17608896,5.1342,559.6
4581,[C][=C][Branch2][Ring1][=Branch1][C],676,17608220,5.1344,559.8
4582,[C][S][=Branch1][C][=O][=Branch1][C][=O][C][=C][C][=C][C][=C][Ring1][=Branch1],676,17607544,5.1346,559.9
4583,[C][=N][C][Branch2][Ring1][Ring2],676,17606868,5.1348,560
4584,[S][S][=Branch1][C][=O][=Branch1][C][=O][C][=C][C][=C][C][=C][Ring1][=Branch1][C],676,17606192,5.135,560.1
4585,[O][C][=C][C][=C][Branch1][Ring1][C][#N][C][=C][Ring1][Branch2],676,17605516,5.1352,560.3
4586,[C][C][=N][C][=C][Branch1][=Branch1][N+1][=Branch1][C][=O][O-1],676,17604840,5.1354,560.4
4587,[/C][Branch1][Ring1][C][#N][=C],676,17604164,5.1356,560.5
4588,[/C][Branch1][C][N][=N],676,17603488,5.1358,560.6
4589,[C][C][=C][N][Branch2][Ring1],675,17602813,5.136,560.7
4590,[=Branch1][C][=Branch1][C][=O][O][=C][Ring1][#Branch2],675,17602138,5.1362,560.8
4591,[N][Ring1][Branch2][C][C],675,17601463,5.1364,561
4592,[C][O][C][=C][C][Branch2][Ring1][P],675,17600788,5.1366,561.1
4593,[C][=Branch1][C][=O][N][Branch1][#C],675,17600113,5.1368,561.2
4594,[N][C][=N][C][Branch1][=C],675,17599438,5.137,561.3
4595,[/C][=C][\N][C][=Branch1][C][=O][N][C][Ring1][=Branch1][=O],675,17598763,5.1372,561.5
4596,[C][N][Branch1][#Branch1][C@@H1][Branch1][C][C][C][O][C][=Branch1][C][=O],675,17598088,5.1374,561.6
4597,[C][Branch1][C][C][=N][N][Ring1][=Branch1],674,17597414,5.1376,561.7
4598,[C][=C][Branch1][#Branch1][C][=Branch1][C][=O][O][C],674,17596740,5.1378,561.8
4599,[N][O][C][C][N][C][C][O][C][C][Ring1][=Branch1],674,17596066,5.138,562
4600,[C][=O],673,17595393,5.1382,562.1
4601,[N][Ring2][Ring1][S],673,17594720,5.1384,562.2
4602,[N][C][=Branch1][C][=O][C][=C][C][=C][NH1],673,17594047,5.1386,562.3
4603,[C@@][Ring2][Ring1][=Branch1],673,17593374,5.1388,562.4
4604,[=N][NH1][C][=Ring1],673,17592701,5.1389,562.5
4605,[C@H1][C][C][C][N][Ring1][Branch1][C][=Branch1][C][=O],673,17592028,5.1391,562.6
4606,[C][C][C][=C][O][C][=Ring1],673,17591355,5.1393,562.8
4607,[C][=C][C][=C][C][=C][Ring1][=Branch1][C][=Branch1][C][=O][O][C][=C][Ring1][#C],673,17590682,5.1395,562.9
4608,[C@H1][Branch1][Branch2][C][C][C][=Branch1][C][=O][O],673,17590009,5.1397,563
4609,[C][=C][Ring2][Ring1][Branch1][Ring1][=Branch1],672,17589337,5.1399,563.1
4610,[O][C][=C][C][=C][Branch1][Ring1][O][C][C][=C][Ring1][Branch2],672,17588665,5.1401,563.2
4611,[C][=C][C][Branch2][Ring2][=Branch1],672,17587993,5.1403,563.3
4612,[C@H1][Branch1][C][O][C@@H1][Branch1][C][O],672,17587321,5.1405,563.5
4613,[C][=C][Branch1][#Branch1][C][=Branch1][C][=O][O][C][C],672,17586649,5.1407,563.6
4614,[C][C][C][C][O][C][C][Ring1][=Branch1],671,17585978,5.1409,563.7
4615,[C][=C][C][=C][Ring1][=Branch1][C][=C][Ring1][#Branch2],671,17585307,5.1411,563.8
4616,[O][C][Branch1][#C],671,17584636,5.1413,564
4617,[C][O][C][=C][C][=C][C][Branch2][Ring2][Ring2],671,17583965,5.1415,564.1
4618,[C][N+1][Branch1][C][C][Branch1][C][C],671,17583294,5.1417,564.2
4619,[C][=C][C][=C][C][=C][Ring1][=Branch1][C][Ring1][N][=O],671,17582623,5.1419,564.4
4620,[C][C][C][C][N][Branch1][Branch1][C][C][C][C],671,17581952,5.1421,564.5
4621,[C@@H1][Branch1][#C][C][C][=C][NH1][C][=C][C][=C][C][=C][Ring1][=Branch2][Ring1][=Branch1],671,17581281,5.1423,564.7
4622,[N][C][=C][C][=C][C][=C][C][Ring1][=Branch1][=N][C][=C][C][=C][C][=C][Ring1][=C][Ring1][=Branch1],671,17580610,5.1425,564.8
4623,[Branch1][C][O][C][Branch1][C][Br][=C][Ring1][=Branch2],671,17579939,5.1427,564.9
4624,[C][=N][C][Branch1][=Branch2][C][Branch1][C][F][Branch1][C][F][F],670,17579269,5.1429,565.1
4625,[C][Branch1][=Branch2][S][Branch1][C][C][=Branch1][C][=O][=O],670,17578599,5.1431,565.2
4626,[Si][Branch1][C][C][Branch1][C][C],670,17577929,5.1433,565.3
4627,[C][C][=C][C][Branch1][#C],670,17577259,5.1435,565.4
4628,[C][C][=C][C][Branch2][Ring1][#Branch2],670,17576589,5.1437,565.5
4629,[N][C@@H1][Branch1][=Branch1][C][C][C][C][N][C][=Branch1][C][=O],670,17575919,5.1439,565.6
4630,[Branch2][Ring1][O][C],669,17575250,5.1441,565.8
4631,[C][=C][Branch1][Ring1][C][O],669,17574581,5.1442,565.9
4632,[C][N][C][=C][N][=C][Ring1][Branch1][C],669,17573912,5.1444,566
4633,[Ring1][=Branch1][O][C],668,17573244,5.1446,566.1
4634,[Ring2][C][C][O],668,17572576,5.1448,566.3
4635,[C][C][=C][C][=C][C][Branch2][Ring1][=N],668,17571908,5.145,566.4
4636,[C][=Branch1][Ring2][=N][Ring1][#Branch1],668,17571240,5.1452,566.5
4637,[C][=C][C][=C][C][Branch1][#Branch2][O][C][Branch1][C][F][Branch1][C][F][F][=C][Ring1][O],668,17570572,5.1454,566.6
4638,[C][C][=N][NH1][C][=Branch1][C][=O][C][=C][Ring1][#Branch1],668,17569904,5.1456,566.8
4639,[C@@H1][O][C@H1],667,17569237,5.1458,566.9
4640,[C][=C][C][=C][C][=Branch1][Ring2][=C][Ring1][=Branch1][C][C],667,17568570,5.146,567
4641,[N][=N][Ring1][Branch1][C],667,17567903,5.1462,567.1
4642,[O][=C][Branch1][Branch2][C][=C][C][=C][O][Ring1][Branch1],667,17567236,5.1464,567.2
4643,[C][=C][C][=C][C][=C][Ring1][=Branch1][C][Ring1][=N],666,17566570,5.1466,567.4
4644,[N][=C][N][Ring1][=Branch1],666,17565904,5.1468,567.5
4645,[N][C][=N][C][=C][C][=C][C][=C][Ring1][=Branch1][Ring1][=Branch2],666,17565238,5.147,567.6
4646,[C][O][C][=C][C][=C][C][Branch2][Ring1][P],666,17564572,5.1472,567.7
4647,[S][S][=Branch1][C][=O][=Branch1][C][=O][N][C][C][O][C][C][Ring1][=Branch1][=C][Ring1][#C],666,17563906,5.1474,567.8
4648,[C][N][C][C][C][C][Ring1][Branch1][C][C],666,17563240,5.1476,567.9
4649,[Branch1][Ring2][C][Ring1][#Branch1][C][Ring1][#Branch2],666,17562574,5.1478,568.1
4650,[C][C@@][Branch1][C][C][Branch1][Ring1][O][C],666,17561908,5.148,568.2
4651,[C][=C][C][Ring1][=Branch1][=O],665,17561243,5.1482,568.3
4652,[=N][O][Ring1][=N],665,17560578,5.1484,568.5
4653,[=N][C][=Branch1][C][=O][C][=C][C][=C][C][=C][Ring1][=Branch1][C][=C][Ring1][=C],665,17559913,5.1485,568.6
4654,[C][=N][N][=N][NH1][Ring1][Branch1],665,17559248,5.1487,568.8
4655,[Si][Branch1][C][C][Branch1][C][C][C][Branch1][C][C][Branch1][C][C][C],665,17558583,5.1489,568.9
4656,[C][C@@H1][Ring2][Ring1],664,17557919,5.1491,569
4657,[N][C][C][Branch1][C][F][Branch1][C][F][F],664,17557255,5.1493,569.1
4658,[=N][Ring2][Ring2][Ring1],664,17556591,5.1495,569.2
4659,[C][Branch1][C][C][=N][Ring1][=Branch1],664,17555927,5.1497,569.4
4660,[O][=C][Branch1][O][C][C][C][=C][C][=C][C][=C][Ring1][=Branch1],664,17555263,5.1499,569.5
4661,[=C][Ring1][N][C][C],663,17554600,5.1501,569.6
4662,[N][C][C][N][Branch1][#Branch2],663,17553937,5.1503,569.7
4663,[C][=Branch1][C][=O][N][Ring2][Ring1][Ring1],663,17553274,5.1505,569.9
4664,[C][=C][C][=C][C][Branch2][Ring1][#C],663,17552611,5.1507,570
4665,[C][O][C][=C][C][Branch2][Ring1][=C],663,17551948,5.1509,570.1
4666,[N][C][C][C][Branch1][#Branch2],663,17551285,5.1511,570.2
4667,[C][C@][Branch1],663,17550622,5.1513,570.3
4668,[C][=Branch1][C][=O][C][=C][C][=C][Branch1][C][O][C][=C][Ring1][#Branch1],663,17549959,5.1515,570.5
4669,[Branch1][C][O][C][Branch1][C][Cl][=C][Ring1][=Branch2],663,17549296,5.1517,570.6
4670,[C][=Branch1][C][=O][N][C@@H1][Branch1][#Branch2][C][C][=C][C][=C][C][=C][Ring1][=Branch1][C@H1][Branch1][C][O][C],663,17548633,5.1519,570.7
4671,[C][C][O][C][=C][C][=C][C][=C][Ring1][=Branch1][C],662,17547971,5.152,570.8
4672,[O][C@@H1][Ring1][Ring1],662,17547309,5.1522,571
4673,[Ring2][Ring2][Ring1][O],662,17546647,5.1524,571.1
4674,[C][C][C][Ring1][S],661,17545986,5.1526,571.2
4675,[P][=Branch1][C][=S],661,17545325,5.1528,571.3
4676,[O][C][Ring2][Ring1][=Branch1],661,17544664,5.153,571.4
4677,[C][=C][Ring2][Ring1][#Branch1][Ring1][=Branch1],661,17544003,5.1532,571.6
4678,[Branch1][C][O][C][Branch1][C][C][Branch1][C][C],661,17543342,5.1534,571.7
4679,[N][C][=N][C][=N][S][Ring1][Branch1],661,17542681,5.1536,571.8
4680,[N][S][Branch1][C][C][=Branch1][C][=O][=O][=C][C][=C][Ring1][O],661,17542020,5.1538,571.9
4681,[C][O][C][=Branch1][C][=O][C][C][C][C],660,17541360,5.154,572
4682,[Ring1][S][C][C][=Branch1][C][=O],660,17540700,5.1542,572.1
4683,[O][C@@H1][O][C],660,17540040,5.1544,572.2
4684,[C][=C][Ring1][#C][Cl],660,17539380,5.1546,572.4
4685,[C][=C][Ring2][Ring1][Branch1][C][C],659,17538721,5.1548,572.5
4686,[=C][C][=C][Ring1][=Branch1],659,17538062,5.155,572.6
4687,[O][C][Branch1][#Branch2],659,17537403,5.1552,572.7
4688,[C][=C][Ring1][P][Ring1][#Branch1],659,17536744,5.1553,572.8
4689,[N][C][C][C][N][Branch1][C][C],659,17536085,5.1555,573
4690,[C][=Branch1][C][=O][N][Ring1][=N],659,17535426,5.1557,573.1
4691,[C][=C][C][=C][Branch1][C][F][C][=C][Ring1][#Branch2][Ring1][#Branch1],659,17534767,5.1559,573.2
4692,[=Branch2][C][=C][C][=C][C][=C][Ring1][=Branch1][C][=C][Ring1][N],658,17534109,5.1561,573.4
4693,[C@H1][Branch2][Ring1][=Branch1],658,17533451,5.1563,573.5
4694,[C][=C][S][C][Branch1],658,17532793,5.1565,573.6
4695,[C][C@H1][Branch1][#Branch1][O][C][Branch1][C][C][=O],658,17532135,5.1567,573.7
4696,[O][C][=C][C][=C][Branch2][Ring1][#Branch1],658,17531477,5.1569,573.8
4697,[C][C][C@@][Ring1][=C][Branch1][C][C][C@],658,17530819,5.1571,573.9
4698,[O][C][Ring2][Ring1][Ring2],657,17530162,5.1573,574.1
4699,[F][C][=C][C][=C][Branch2][Ring2],657,17529505,5.1575,574.2
4700,[C][=C][Ring2][Ring1][Ring1][Cl],657,17528848,5.1577,574.3
4701,[C][Ring1][#C][=C][Ring2][Ring1],657,17528191,5.1579,574.5
4702,[=C][\C][=C][C][=C][C][=C][Ring1][=Branch1],657,17527534,5.1581,574.6
4703,[Branch2][C][C][C][C][C][Ring1][Branch1][C],657,17526877,5.1582,574.7
4704,[C][=C][C][Branch1][=Branch2][C][Branch1][C][F][Branch1][C][F][F][=C][C][=C][Ring1][#Branch2][Cl],657,17526220,5.1584,574.9
4705,[C][=C][C][C],656,17525564,5.1586,575
4706,[C][=Branch1][C][=O][N][C][C][C][C][C][C],656,17524908,5.1588,575.1
4707,[Branch1][C][Br][O][Ring1][=Branch1],656,17524252,5.159,575.3
4708,[Branch2][=Branch1][=Branch1],656,17523596,5.1592,575.4
4709,[Ring2][Branch1][=N],656,17522940,5.1594,575.5
4710,[=N][N][Ring1][=N],656,17522284,5.1596,575.6
4711,[C][=C][C][=C][C][=C][C][=C][Ring1][=Branch1][C][=C][Ring1][#Branch2],656,17521628,5.1598,575.8
4712,[Branch1][#Branch2][O][C][=C][C][=C][C][=C][Ring1][=Branch1],656,17520972,5.16,575.9
4713,[C][C][C][C][C][C][Branch1][C][C],655,17520317,5.1602,576
4714,[C][C][O][C][=Branch1][C][=O][C][=C][N][=C],655,17519662,5.1604,576.1
4715,[N][N][C][=Branch1][C][=S],655,17519007,5.1606,576.2
4716,[C][C][C][C][=Branch1][C][=O][N][C][C],655,17518352,5.1608,576.3
4717,[C][C][C][Ring1][#Branch2],654,17517698,5.161,576.4
4718,[C][C][N][Branch1][#Branch2][C][C][=C][C][=C][C][=C][Ring1][=Branch1][C],654,17517044,5.1611,576.6
4719,[C][O][C][=C][C][=C][Branch1][#Branch1][C][=C][Ring1][=Branch1][O][C],654,17516390,5.1613,576.7
4720,[C][C][=Branch1][C][=O][N][O],653,17515737,5.1615,576.8
4721,[C][N][Branch2][Ring1][=Branch1],653,17515084,5.1617,576.9
4722,[N][Ring1][=Branch2][C][=Branch1][C][=O],653,17514431,5.1619,577
4723,[C][C][C][Branch1][O][C][C][Branch1][Ring2][C][Ring1][=Branch1][C][Ring1][=Branch2][C][Ring1][#Branch2],653,17513778,5.1621,577.2
4724,[N][C][=C][C][=C][C][=C][C][Ring1][=Branch1][=N],653,17513125,5.1623,577.3
4725,[=C][Branch1][N][C][=C][C][=C][Branch1][C][F][C][=C][Ring1][#Branch1],652,17512473,5.1625,577.4
4726,[N][=N][Ring2][Ring1][Branch1],652,17511821,5.1627,577.5
4727,[C][N][Branch1][C][C][C][=Branch1][C][=O][C][=C][C][=C],652,17511169,5.1629,577.7
4728,[=N][\C][=Branch1][C][=O],652,17510517,5.1631,577.8
4729,[C][O][C][=C][C][=C][Branch1][#Branch1][C][=C][Ring1][=Branch1][O][C][C][=Branch1][C][=O],652,17509865,5.1633,577.9
4730,[O][C][Ring1][P][=O],652,17509213,5.1635,578
4731,[O][C][C][C][O][Ring1][Branch2],652,17508561,5.1636,578.2
4732,[C][=C][C][=C][C][=C][Ring1][=Branch1][Ring2][Ring1][Branch2],651,17507910,5.1638,578.3
4733,[O][C][C][Ring2][Ring1][P],651,17507259,5.164,578.4
4734,[N][Branch2][Ring1][Branch1][C][C],650,17506609,5.1642,578.5
4735,[C][C][=C][C][=C][Branch1][Ring1][O][C][C],650,17505959,5.1644,578.6
4736,[N][C][=N][C][Branch1][S],650,17505309,5.1646,578.8
4737,[N][#C][C][=C][C][=C][C][Branch2][Ring2],650,17504659,5.1648,578.9
4738,[C][O][C][=C][C][=C][Branch1][Ring1][O][C][C][Branch2][Ring1],650,17504009,5.165,579
4739,[C][N][Branch1][O][C][C],649,17503360,5.1652,579.2
4740,[C@H1][C][O][C][=Branch1][C][=O][C@@H1][Ring1][=Branch1],649,17502711,5.1654,579.3
4741,[C][=C][C][=C][C][=C][Ring1][=Branch1][N],648,17502063,5.1656,579.4
4742,[C][=C][C][C][=Branch1][C][=O],648,17501415,5.1658,579.5
4743,[S][=Branch1][C][=O][=Branch1][C][=O][N][C][C][O][C][C][Ring1][=Branch1],648,17500767,5.1659,579.7
4744,[C][Branch1][=Branch2][C][C][C][C][C][C][Ring1][=Branch1],648,17500119,5.1661,579.8
4745,[C][=C][C][=N][C][Ring1][=Branch1],647,17499472,5.1663,580
4746,[Branch1][C][O][=C][Ring1][=Branch2],647,17498825,5.1665,580.1
4747,[O][C][Branch1][C][O][=C],647,17498178,5.1667,580.2
4748,[C][O][C][=C][C][=C][C][Branch2][Ring1][=C],647,17497531,5.1669,580.4
4749,[C][=C][C][=C][C][Branch1][=Branch1][C][Branch1][C][C][C][=C][Ring1][=Branch2],647,17496884,5.1671,580.5
4750,[C][=C][C][=C][Branch1][N][C][=C][C][=C][Branch1][C][Cl][C][=C][Ring1][#Branch1],646,17496238,5.1673,580.6
4751,[Branch2][Ring2][Ring1][Branch1],646,17495592,5.1675,580.8
4752,[C][=C][Ring2][Ring2][S],646,17494946,5.1677,580.9
4753,[C][C][S][Ring1][Branch1],646,17494300,5.1679,581
4754,[C][C@H1][Branch1][C][O][C][C],646,17493654,5.168,581.2
4755,[C][C][=C][C][=C][Branch2][Ring2][Branch1],646,17493008,5.1682,581.3
4756,[C][=C][Branch2][Ring2][Branch1],646,17492362,5.1684,581.4
4757,[C][=C][C][=C][Branch1][=C][N][C][=Branch1][C][=O],646,17491716,5.1686,581.6
4758,[O][C@H1][C][C][C@@][Branch1][C][C],646,17491070,5.1688,581.7
4759,[O][P][=Branch1][C][=O][Branch1][C][O][O][C][=C][Ring1][O],646,17490424,5.169,581.8
4760,[N][=C][Branch1][=Branch2][C][=C][C][=C][C][=C][Ring1][=Branch1][C][=Ring1],646,17489778,5.1692,581.9
4761,[C][C@@H1][Ring1][=C],645,17489133,5.1694,582.1
4762,[C][C][=C][Branch1][#Branch1],645,17488488,5.1696,582.2
4763,[C][C@@H1][Ring1][Branch1][C],645,17487843,5.1698,582.3
4764,[C][O][C][=C][Branch1][C][F],645,17487198,5.17,582.4
4765,[C][C][=C][C][Branch1][#Branch2],645,17486553,5.1701,582.5
4766,[C][N][=C][Branch1][=Branch2][C][=C][C][=C][C][=C][Ring1][=Branch1],645,17485908,5.1703,582.6
4767,[C@@H1][Branch1][C][F],644,17485264,5.1705,582.8
4768,[/C][=Branch1][N][=C],644,17484620,5.1707,582.9
4769,[C][C][=C][Branch2][Ring1][#Branch1],644,17483976,5.1709,583
4770,[=N][N][Ring1][=C],644,17483332,5.1711,583.1
4771,[=N][N][=C][Ring2][Ring1],643,17482689,5.1713,583.3
4772,[N][C][=Branch1][C][=O][O][C][C][=C][C][=C][C][=C][Ring1][=Branch1],643,17482046,5.1715,583.4
4773,[N][C][=C][C][NH1],643,17481403,5.1717,583.5
4774,[N][C][=C][C][=C][Branch2][Ring1][Branch2],643,17480760,5.1719,583.7
4775,[C][C][=Branch1][C][=O][N][C][C][=C][C][=C][Branch1][C][Cl][C][=C][Ring1][#Branch1],643,17480117,5.172,583.8
4776,[N][C][=Branch1][C][=O][O][C][Branch1][C][C][Branch1][C][C][C],643,17479474,5.1722,583.9
4777,[C][=C][C][=N][C][Ring1][=Branch1][=C][Ring1][#Branch2],643,17478831,5.1724,584.1
4778,[C][=C][Branch1][C][N][N][Branch1][#Branch2][C][C][=C][C][=C][C][=C][Ring1][=Branch1][C][=Branch1][C][=O][NH1][C][Ring1][#C][=O],643,17478188,5.1726,584.2
4779,[C][C][=C][S][C][=N],642,17477546,5.1728,584.3
4780,[C][C][=C][C][=C][C][Branch2][Ring1][=Branch1],642,17476904,5.173,584.5
4781,[O][C][C][C][=C][C][=C][C][=C][Ring1][=Branch1][C][C][Ring1][=C],642,17476262,5.1732,584.6
4782,[C][=C][C][=Branch1][Branch2],642,17475620,5.1734,584.7
4783,[C][O][C][=C][C][=C][Branch1][C][Cl][C][=C][Ring1][#Branch1][Cl],642,17474978,5.1736,584.8
4784,[C@@H1][C][C@H1][Ring1][Ring1],642,17474336,5.1738,585
4785,[N][C][C][C][C][Branch2][Ring1],641,17473695,5.1739,585.1
4786,[O][C@H1][Ring1][Branch2],641,17473054,5.1741,585.2
4787,[C][=C][C][=C][Branch1][N][C][=C][C][=C][Branch1][C][F][C][=C][Ring1][#Branch1],641,17472413,5.1743,585.3
4788,[C][=Branch1][C][=O][N][Branch1][P],641,17471772,5.1745,585.5
4789,[C][=C][Ring1][N][Ring1][#Branch1],641,17471131,5.1747,585.6
4790,[C][=C][C][=C][Branch1][C][Cl][S][Ring1][=Branch1],641,17470490,5.1749,585.7
4791,[O][=C][Branch1][#Branch2][N][C][C][C][C][C][C][Ring1][=Branch1],641,17469849,5.1751,585.8
4792,[C][O][C][=Branch1][C][=O][C@H1],640,17469209,5.1753,585.9
4793,[C][Branch1][C][C][Branch1][C][C][C][=Branch1][C][=O],640,17468569,5.1755,586.1
4794,[#C][C][=C][C][=C][Branch2][Ring2][Ring1],640,17467929,5.1757,586.2
4795,[C][=Branch1][C][=O][N][C][=C][C][=C][Branch1][=Branch2][C][Branch1][C][F][Branch1][C][F][F][C][=C][Ring1][#Branch2],640,17467289,5.1758,586.3
4796,[C][C][=C][C][=C][Branch1][=Branch1][C][=C][Ring1][=Branch1],640,17466649,5.176,586.5
4797,[C][N][C@H1][Branch1],639,17466010,5.1762,586.6
4798,[O][=C][N][C][=C][C][=C][C][=C][Ring1][=Branch1],639,17465371,5.1764,586.7
4799,[O][C][=C][C][=C][Branch1][S],639,17464732,5.1766,586.9
4800,[N][=C][Branch1][=Branch1][C][Branch1][C][N][=O],639,17464093,5.1768,587
4801,[C][Branch2][Branch1][C],639,17463454,5.177,587.1
4802,[=C][C][Branch1][Ring1][O][C][=C][Ring2][Ring1][=Branch2][O][C],639,17462815,5.1772,587.2
4803,[C][C][C][C][C@@H1],638,17462177,5.1774,587.4
4804,[N][C][=C][C][=C][Branch1][C][Br],638,17461539,5.1776,587.5
4805,[C][=Branch1][C][=O][O][C][=C][Ring1][=C],638,17460901,5.1777,587.6
4806,[C][=Branch1][C][=O][N][C][=C][C][=C][Branch1][C][Br][C][=C][Ring1][#Branch1],638,17460263,5.1779,587.8
4807,[C][=C][C][=C][C][Branch1][=Branch2][C][Branch1][C][F][Branch1][C][F][F][=C][Ring1][#Branch2][C][C][Ring1][S],638,17459625,5.1781,587.9
4808,[C][C][=C][C][=C][C][Branch1][Ring1][O][C][=C][Ring1][Branch2],638,17458987,5.1783,588
4809,[C][C][=Branch2],637,17458350,5.1785,588.2
4810,[Ring1][=Branch2][C][=C][C][=C][C][=C][Ring1][=Branch1],637,17457713,5.1787,588.3
4811,[S][=Branch1][C][=O][=Branch1][C][=O][C][Ring1][#Branch1],637,17457076,5.1789,588.4
4812,[NH1][Ring2][Ring1][Ring1],637,17456439,5.1791,588.5
4813,[Ring1][O][=C][Ring1][#C],637,17455802,5.1793,588.7
4814,[Ring1][C][C][=C][C][=C][Branch1][Branch2],637,17455165,5.1794,588.8
4815,[N][C][C][N][Branch2][Ring2][Ring2],637,17454528,5.1796,588.9
4816,[C][C][C][C][C][C][C][C][/C][=C][\C][C][C][C][C][C][C],637,17453891,5.1798,589.1
4817,[C][O][C][Branch1][C][N][=O],636,17453255,5.18,589.2
4818,[N][#C][C][=C][C][=C][Branch2][Ring1],636,17452619,5.1802,589.3
4819,[N][C][Branch1][Branch2],636,17451983,5.1804,589.4
4820,[C][=C][Branch1][C][Br][C][=C][Ring1][Branch2],636,17451347,5.1806,589.5
4821,[C][=C][C][=C][C][=Branch1][=Branch1][=C][Ring1][#Branch2],636,17450711,5.1808,589.7
4822,[C][C@][Ring1][Ring1][Branch2],636,17450075,5.181,589.8
4823,[C@@H1][Branch2][Ring1][S],635,17449440,5.1811,589.9
4824,[C][=C][Ring2][Ring1][=Branch1][Cl],635,17448805,5.1813,590
4825,[C][=C][N][Branch1][#Branch2][C][C][=C][C][=C][C][=C][Ring1][=Branch1],635,17448170,5.1815,590.1
4826,[C][N][N][=N][N][=C][Ring1][Branch1],635,17447535,5.1817,590.2
4827,[C@H1][C@H1][Branch1][C][C][C][C],635,17446900,5.1819,590.3
4828,[C][C][Branch1][C][C][=C][C][C][/C][Branch1][C][C][=C][/C][C][/C][Branch1][C][C][=C][/C],635,17446265,5.1821,590.5
4829,[N][C][NH1],634,17445631,5.1823,590.6
4830,[C][=C][Ring2][Ring1][C][Cl],634,17444997,5.1825,590.7
4831,[C][=C][C][Branch1][S][N][C][=Branch1][C][=O],634,17444363,5.1826,590.9
4832,[N][C@H1][Branch1][#Branch2][C][C][=C][C][=C][C][=C][Ring1][=Branch1][C][=Branch1][C][=O],634,17443729,5.1828,591
4833,[C][C][=C][Branch1][N][NH1][C][=C][C][=C][C][=C][Ring1][=Branch2][Ring1][=Branch1],634,17443095,5.183,591.1
4834,[C@@][Ring1][Ring2][Branch1][#Branch1][O][C][Branch1][C][C][=O],634,17442461,5.1832,591.3
4835,[N][C][=C][C][Branch2][Ring1],633,17441828,5.1834,591.4
4836,[C][O][C][=Branch1][C][=O][C][Branch1],633,17441195,5.1836,591.5
4837,[O][C][C][=C][C][=C][C][Branch1][C][Cl][=C][Ring1][#Branch1],633,17440562,5.1838,591.7
4838,[N][Branch1][C][C][C][=Ring1][=Branch1][C],633,17439929,5.184,591.8
4839,[C][Branch1][=Branch2][C][=C][C][=C][C][=C][Ring1][=Branch1][C][=C][C][=C][C][=C][Ring1][=Branch1][C][C][Ring2][Ring1][Ring1],633,17439296,5.1842,591.9
4840,[C][=C][C][Branch1][C][O][=C][Branch1][C][O][C][=C][Ring1][Branch2],633,17438663,5.1843,592.1
4841,[N][C][C][C][O],632,17438031,5.1845,592.2
4842,[C][C][=C][C][=Branch1][C][=O][O][C],632,17437399,5.1847,592.3
4843,[C][C][Branch1][C][Cl],631,17436768,5.1849,592.4
4844,[C][C][=C][C][=Branch1][C][=O][N],631,17436137,5.1851,592.6
4845,[C][C][=C][C][=C][Branch2][Ring2][#C],631,17435506,5.1853,592.7
4846,[/C][=C][/C][=Branch1][C][=O][N],631,17434875,5.1855,592.8
4847,[C][=C][Branch2][Ring2][Branch2],631,17434244,5.1857,592.9
4848,[C][C][=Branch1][C][=O][N][C@@H1][Branch1][#Branch1][C][C][Branch1][C][C],631,17433613,5.1858,593
4849,[N][C][C][O][C][C][Ring1][=Branch1][C][=Branch1][C][=O],631,17432982,5.186,593.2
4850,[C][Branch1][C][N][=N][C][Branch1][C][N][=C][Ring1][Branch2],631,17432351,5.1862,593.3
4851,[C][C][N][=N],630,17431721,5.1864,593.4
4852,[C][=Branch1][C][=O][C][S],630,17431091,5.1866,593.6
4853,[O][C@H1][Ring1][#Branch2],630,17430461,5.1868,593.7
4854,[C][=C][N][=C][Branch1][C][C],630,17429831,5.187,593.8
4855,[C][=N][Ring1][P],630,17429201,5.1872,593.9
4856,[C][=Branch1][C][=O][N][Ring2][Ring1][Ring2],630,17428571,5.1873,594
4857,[C][=C][Ring1][S][O],630,17427941,5.1875,594.2
4858,[Ring1][C][N][C][=C][Ring1][Branch2],630,17427311,5.1877,594.3
4859,[C][=C][Branch1][C][F][C][=C][C][=Branch1][C][=O][C][Branch1][=Branch1][C][=Branch1][C][=O][O][=C],630,17426681,5.1879,594.4
4860,[Ring1][#Branch1][=C],629,17426052,5.1881,594.6
4861,[O][C][C][C][N][C][=Branch1][C][=O],629,17425423,5.1883,594.7
4862,[Branch1][C][O][C][=C][Ring1][Branch2],629,17424794,5.1885,594.8
4863,[Branch1][C][=Branch1][C][=O][O],629,17424165,5.1887,595
4864,[N][Branch2][Ring2][=Branch2],629,17423536,5.1888,595.1
4865,[N][N][C][=Branch1][C][=O][C][C],629,17422907,5.189,595.2
4866,[C][=C][C][=Branch1][C][=O][C@@],629,17422278,5.1892,595.3
4867,[C][C][=C][C][Branch1][S],629,17421649,5.1894,595.5
4868,[N][Branch1][C][C][S][=Branch1][C][=O][=Branch1][C][=O],628,17421021,5.1896,595.6
4869,[C][C][O][C][=Branch1][C][=O][C][NH1],628,17420393,5.1898,595.7
4870,[C@H1][Branch1][#Branch1][C][C][Branch1][C][C],628,17419765,5.19,595.8
4871,[O][C][O][Ring1][=Branch2],628,17419137,5.1902,596
4872,[C][N][C][C][N][Branch2][=Branch1],628,17418509,5.1903,596.1
4873,[=C][C][Branch1][P],627,17417882,5.1905,596.3
4874,[Ring2][Ring1][=Branch1][O],627,17417255,5.1907,596.4
4875,[/C][=Branch2][Ring1][#Branch2],627,17416628,5.1909,596.5
4876,[C][=N][Ring2][Ring1][O],627,17416001,5.1911,596.7
4877,[#Branch1][C][C][C][C][Ring1][Branch1][C],627,17415374,5.1913,596.8
4878,[NH1][N][=Ring1][Branch2],627,17414747,5.1915,596.9
4879,[C][C][Branch1][Ring1][C][#N][=C][Branch1][C][N],627,17414120,5.1916,597.1
4880,[C][=C][S][C][Branch1][C][N][=N][Ring1][=Branch1],627,17413493,5.1918,597.2
4881,[P][C][=N][C][=C][C][=C][Ring1][=Branch1][C][Branch1][C][F][Branch1][C][F][F],627,17412866,5.192,597.3
4882,[C][C][=Branch1][C][=O][C][=C][C][=C],626,17412240,5.1922,597.5
4883,[C][C][Branch1][N][C][=C][C][=C][Branch1][C][Cl][C][=C][Ring1][#Branch1],626,17411614,5.1924,597.6
4884,[=C][Branch1][=Branch1][C][=Branch1][C][=O][O],626,17410988,5.1926,597.7
4885,[C][C][=C][Branch1][Ring1][C][#N],626,17410362,5.1928,597.8
4886,[N][=C][Branch1][N][N][C][C],626,17409736,5.193,598
4887,[C][C@@H1][Branch1][P],626,17409110,5.1931,598.1
4888,[Branch1][C][O][Branch1][=Branch2][C][Branch1][C][F][Branch1][C][F][F],626,17408484,5.1933,598.2
4889,[Cl][C][=C][C][=C],625,17407859,5.1935,598.4
4890,[C][N][C][C][C][Branch2][Ring1],625,17407234,5.1937,598.5
4891,[=C][Branch1][Branch2],625,17406609,5.1939,598.7
4892,[=C][Branch1][=C],625,17405984,5.1941,598.8
4893,[C][=C][C][=C][Branch1][=Branch2][C][=C][C][=C][N][=C][Ring1][=Branch1],625,17405359,5.1943,598.9
4894,[O][C][C][N][C][C][C][C][C][Ring1][=Branch1],625,17404734,5.1944,599.1
4895,[Branch1][C][Br][S][Ring1][=Branch1],625,17404109,5.1946,599.2
4896,[C][=C][S][C][=N][Ring1][Branch1],625,17403484,5.1948,599.3
4897,[N][Branch1][#Branch2][C][=Branch1][C][=O],625,17402859,5.195,599.4
4898,[=C][Branch1][C][/O],625,17402234,5.1952,599.6
4899,[C][C@H1][Branch1][C][O][C@H1],624,17401610,5.1954,599.7
4900,[=C][Branch1][S],624,17400986,5.1956,599.8
4901,[N][Ring1][P][C],624,17400362,5.1958,599.9
4902,[C][Ring2][Ring1][=N][=C][Ring2][Ring1][P],624,17399738,5.1959,600.1
4903,[O][=C][Branch1][#Branch1][N][C][C][C][Ring1][Ring1],624,17399114,5.1961,600.2
4904,[C][N][Branch1][=Branch2][C][=C][C][=C][C][=C][Ring1][=Branch1],623,17398491,5.1963,600.3
4905,[C][C][=Branch1][C][=O][C][=C][Branch1][C][C],623,17397868,5.1965,600.5
4906,[=N][C][=C][Ring1][=C],623,17397245,5.1967,600.6
4907,[N][#C][C][=C][C][=C][C][=C][Ring1][=Branch1],623,17396622,5.1969,600.7
4908,[C][O][C][=C][C][Branch2][Ring1][=Branch1],623,17395999,5.1971,600.9
4909,[=N][Ring2][Ring1][C][C][=C][Ring2][Ring1][Branch2],623,17395376,5.1972,601
4910,[N][Ring1][N][C],622,17394754,5.1974,601.2
4911,[C][=N][C][Branch1][N][C][=C][C][=C][Branch1][C][Cl][C][=C][Ring1][#Branch1],622,17394132,5.1976,601.3
4912,[C@@][Branch1][C][O][C][C],622,17393510,5.1978,601.4
4913,[C@H1][Branch2][Ring1][S],622,17392888,5.198,601.5
4914,[C][C][=C][C][Branch2][Ring1][Branch2],622,17392266,5.1982,601.7
4915,[Ring2][Ring2][Ring2][=O],622,17391644,5.1984,601.8
4916,[C][=C][Branch1][C][F][C][Branch1][C][F][=C][Branch1][C][F][C][Branch1][C][F][=C][Ring1][#Branch2][F],622,17391022,5.1985,601.9
4917,[C][O][C][Branch1][=Branch2][C][=C][C][=C][C][=C][Ring1][=Branch1],621,17390401,5.1987,602.1
4918,[C][O][C][=Branch1][C][=O][C][Branch1][C][C],620,17389781,5.1989,602.2
4919,[C][C][C][Ring1][=N],620,17389161,5.1991,602.3
4920,[C@@H1][Branch1][=Branch1][C][=Branch1][C][=O][O],620,17388541,5.1993,602.5
4921,[N][C][C][C][Branch1][C][F][Branch1][C][F],620,17387921,5.1995,602.6
4922,[C][=N][C][Branch1][Branch2][C][=C][C][=C][O][Ring1][Branch1],620,17387301,5.1997,602.7
4923,[N][C][=C][C][=C][C][=Branch1][Ring2][=C][Ring1][=Branch1][C][=Branch1][C][=O],620,17386681,5.1998,602.9
4924,[C][=C][N][=C][C][=N][Ring1][=Branch1][C],620,17386061,5.2,603
4925,[C][=C][C][=C][C][=C][Ring1][=N][Ring1][=Branch1],620,17385441,5.2002,603.1
4926,[C][N][C][=Branch1][C][=O][C][Branch1],619,17384822,5.2004,603.2
4927,[C][=C][Branch1][C][F][C][=C][Ring1][#Branch1],619,17384203,5.2006,603.4
4928,[Branch1][C][O][=C][Ring1][#Branch2],619,17383584,5.2008,603.5
4929,[C][C][=C][Branch1][Branch2],619,17382965,5.201,603.6
4930,[N][C][C][C][C][C][C][=Branch1][C][=O],619,17382346,5.2011,603.8
4931,[C][N][Ring1][=Branch1][C][=Branch1][C][=O],619,17381727,5.2013,603.9
4932,[C][O][C][=C][C][=C][Branch2][Branch1][Ring1],619,17381108,5.2015,604
4933,[C][=C][Ring2][Ring2][Ring1][O][C],619,17380489,5.2017,604.2
4934,[N][C][C][N][Branch2][Ring1][Ring1][C][=C][C][=C][C][Branch1][=Branch2][C][Branch1][C][F][Branch1][C][F][F][=C][Ring1][#Branch2][C][C][Ring1][S],619,17379870,5.2019,604.3
4935,[S][C][Branch1][C],618,17379252,5.2021,604.4
4936,[=C][C][=Ring1],618,17378634,5.2023,604.6
4937,[#Branch1][C][=Branch1][C][=O][O],618,17378016,5.2024,604.7
4938,[C][C][Branch1][C][C][Branch1][C][C][C][=C][C][=C][Branch2][Ring1],618,17377398,5.2026,604.8
4939,[N][C][/C][=C][/C][=C][C][=C][C][=C][Ring1][=Branch1],618,17376780,5.2028,605
4940,[P][C][=Branch1][C][=O][N][C][=C][C][=C][Branch1][C][Cl][C][=C][Ring1][#Branch1],618,17376162,5.203,605.1
4941,[C][O][C][=C][C][=C][Branch1][Branch2],617,17375545,5.2032,605.2
4942,[C][=C][C][=C][Branch1][C][Cl][N][=C][Ring1][#Branch1],617,17374928,5.2034,605.4
4943,[Branch2][Ring1][=Branch2][N][C][=Branch1][C][=O],617,17374311,5.2035,605.5
4944,[O][C][C][Ring1][P],616,17373695,5.2037,605.6
4945,[C][C][=Branch1][C][=O][N][C][C][O][C][C][Ring1][=Branch1],616,17373079,5.2039,605.8
4946,[N][C][=C][C][=C][C][=C][Ring1][=Branch1][N][C][=Branch1][C][=O],616,17372463,5.2041,605.9
4947,[C][C][=C][C][Branch2][Ring1][Ring1],616,17371847,5.2043,606.1
4948,[N][Ring1][S][C],616,17371231,5.2045,606.2
4949,[C][O][C][=C][C][=C][C][Branch2][Ring1][S],616,17370615,5.2047,606.4
4950,[C][C][C@H1][Ring1][O],615,17370000,5.2048,606.5
4951,[C][C][Branch1][Ring1][O],615,17369385,5.205,606.6
4952,[C][=Branch1][C][=O][N][C][=C][C][=C][Branch1][C][F][C][=C][Ring1][#Branch1],615,17368770,5.2052,606.8
4953,[Branch1][C][O][C@@H1][Ring1][#Branch2],615,17368155,5.2054,606.9
4954,[N][C][Branch1][=C],615,17367540,5.2056,607
4955,[C][C][C][S][C][=N],615,17366925,5.2058,607.1
4956,[N][C][C][C][Branch1][=N],615,17366310,5.2059,607.3
4957,[C][=C][C][Branch2][Ring2][=Branch2],615,17365695,5.2061,607.4
4958,[P][=Branch1][C][=O][Branch1][C][O][O][P][=Branch1][C][=O][Branch1][C][O],615,17365080,5.2063,607.5
4959,[Ring2][N][=N+1][=N-1],615,17364465,5.2065,607.6
4960,[C][C][=C][C][=C][Branch1][C][Cl],614,17363851,5.2067,607.8
4961,[C][C][=Branch1][C][=O][N][C][Branch1],614,17363237,5.2069,607.9
4962,[C][C][C][C][C][O][Ring1][Branch1],614,17362623,5.207,608
4963,[C][=C][C][=C][Branch1][#Branch2][N][S][Branch1][C][C][=Branch1][C][=O][=O][C][Branch1][C][F],614,17362009,5.2072,608.2
4964,[=N][N][C][=C][C][Branch1][C][N][=N][C][Ring1][#Branch1][=O],614,17361395,5.2074,608.3
4965,[C][=C][C][=C][Branch2][Ring2][P],613,17360782,5.2076,608.4
4966,[C][C][Branch1][Ring1][C][C],613,17360169,5.2078,608.6
4967,[S][C][=Ring2],613,17359556,5.208,608.7
4968,[C][O][P][=Branch1][C][=O][Branch1][C][O],613,17358943,5.2082,608.8
4969,[=N][C][=C][C][=C][C][Branch1][C][Cl][=C][Ring1][#Branch1],613,17358330,5.2083,609
4970,[C][N][C][=C][N][=C][Ring1],613,17357717,5.2085,609.1
4971,[C][Branch1][#Branch1][C][=Branch1][C][=O][O],613,17357104,5.2087,609.2
4972,[O][C][=C][C][=C][C][=C][Ring1][=Branch1][O][C][C][C][Ring1][=C],613,17356491,5.2089,609.4
4973,[O][C@@H1][Branch1][C][C][C@H1][Branch1][C][O][C@@H1][Branch1][C][O][C@H1],613,17355878,5.2091,609.5
4974,[C][Ring2][Ring1][Branch1][C],612,17355266,5.2093,609.6
4975,[N][=N][Ring1][Branch2],612,17354654,5.2094,609.8
4976,[=C][N][=C][Ring2][Ring1],612,17354042,5.2096,609.9
4977,[C][C][=C][C][=C][Branch2][Ring1][O],612,17353430,5.2098,610.1
4978,[NH1][Ring2][Ring1][Ring2],612,17352818,5.21,610.2
4979,[C][=C][Ring2][Ring1][Ring2][F],612,17352206,5.2102,610.3
4980,[N][C][Branch2][Ring1][Ring1],612,17351594,5.2104,610.5
4981,[=Branch1][C][=Branch1][C][=O][O][C][C@H1],612,17350982,5.2105,610.6
4982,[C][O][C][=C][C][=C][C][Branch2][Ring1][Branch2],612,17350370,5.2107,610.7
4983,[N][Ring1][=N][C],612,17349758,5.2109,610.8
4984,[N][C][=Branch1][C][=O][C][O][Ring1][Branch2],612,17349146,5.2111,611
4985,[C@@H1][Branch1][Branch1][C@H1][Ring1][#C],612,17348534,5.2113,611.1
4986,[Branch1][Branch1][C],611,17347923,5.2115,611.2
4987,[C][O][C][=C][C][Branch2][Ring1][Branch1],611,17347312,5.2116,611.3
4988,[N][Branch1][=Branch2][C][C][C][C][C][C][Ring1][=Branch1],611,17346701,5.2118,611.4
4989,[C][=C][C][=C][Branch1][=Branch1][N+1][=Branch1][C][=O][O-1][C][=C][Ring1][=Branch2][N+1][=Branch1][C][=O][O-1],611,17346090,5.212,611.6
4990,[C][N][N][=N][C][=C][C][=C][C][=C][Ring1][=Branch1][Ring1][=Branch2],611,17345479,5.2122,611.7
4991,[C@H1][C][C@@H1][Ring1][Ring1],611,17344868,5.2124,611.8
4992,[N][Branch2][Ring1][Ring2][C][C][=C][C][=C][Branch1][=Branch2],611,17344257,5.2126,612
4993,[C][C][=C][C][Branch1][C][O][=C][C][=C][Ring1][#Branch1],611,17343646,5.2127,612.1
4994,[C][=N][C][=C][C][=C][Ring1][=Branch1][F],611,17343035,5.2129,612.2
4995,[C][N][C][=Branch1][C][=O][C][Branch1][C][C],610,17342425,5.2131,612.4
4996,[O][C@H1][Branch1][C][O][C@@H1],610,17341815,5.2133,612.5
4997,[S][=Branch1][C][=O][=Branch1][C][=O][N][C][C][C][C][Ring1][Branch1],610,17341205,5.2135,612.6
4998,[O][S][Branch1][C][N][=Branch1][C][=O][=O],610,17340595,5.2137,612.8
4999,[C][=Branch1][C][=O][N][C][=C][C][=C][C][=C][Ring1][=Branch1][Ring1][#Branch2],610,17339985,5.2138,612.9
5000,[C][N+1][Branch1][C][C],610,17339375,5.214,613
5001,[N][Branch1][N][C][=C][C][=C][Branch1][C][C][C][=C][Ring1][#Branch1],610,17338765,5.2142,613.2
5002,[C][C][N][Branch1][#Branch1][C][C][C][C][Ring1][Ring1],610,17338155,5.2144,613.3
5003,[C][C][=C][NH1][N][=Ring1][Branch1],610,17337545,5.2146,613.4
5004,[N][Branch1][C][C][N][=Ring1][=Branch1],610,17336935,5.2148,613.5
5005,[C][=Branch1][C][=O][N][C][=C][C][=C][C][=C][Ring1][=Branch1][C],609,17336326,5.2149,613.6
5006,[N][Branch2][Ring1][=Branch1][C],609,17335717,5.2151,613.8
5007,[C][=C][C][=N][C][=N][Ring1][=Branch1],609,17335108,5.2153,613.9
5008,[N][C@H1][Branch1][Ring1][C][O],609,17334499,5.2155,614
5009,[C][=Branch1][C][=O][N][C@@H1][Branch1][=N][C][C][=C][C][=C][Branch1][C][O][C][=C][Ring1][#Branch1],609,17333890,5.2157,614.1
5010,[C][=C][C][Branch1][C][F][=C][C][=C][Ring1][#Branch2][Ring1][#Branch1],609,17333281,5.2159,614.3
5011,[N][C][=C][C][=C][Branch1][=Branch2][N][C][C][O][C][C][Ring1][=Branch1][C][=C][Ring1][N],609,17332672,5.216,614.4
5012,[Ring1][#C][O][O][Ring1][#C],609,17332063,5.2162,614.5
5013,[C][=Branch1][C][=O][N][C][C][C][C][C][O][Ring1][Branch1],609,17331454,5.2164,614.6
5014,[C][C@H1][C][N],608,17330846,5.2166,614.8
5015,[N][C][Branch1][C][C][Branch1][C][C][C][C],608,17330238,5.2168,614.9
5016,[=Branch1][C][Branch1][C][C][C][C][=C][C][=C],608,17329630,5.217,615
5017,[C][=C][Ring2][Ring1][C][F],608,17329022,5.2171,615.1
5018,[C][=N][Ring2][Ring1][=C],608,17328414,5.2173,615.3
5019,[C][=C][N][N][=C][Branch1],608,17327806,5.2175,615.4
5020,[C][Branch1][S][C][=C][C][=C][C][=Branch1][Ring2][=C][Ring1][=Branch1][O][C][O][Ring1][=Branch1],608,17327198,5.2177,615.5
5021,[C][=C][C][=C][C][Branch1][C][Cl][=C][Ring1][#Branch1][Cl],608,17326590,5.2179,615.6
5022,[C][/C][=Branch1][Branch2],608,17325982,5.2181,615.8
5023,[C][=C][C][=C][Branch2][Ring1][Branch1][C],607,17325375,5.2182,615.9
5024,[C@@H1][Ring2][Ring1][Branch1],607,17324768,5.2184,616.1
5025,[N][C@H1][C][C][C@@H1],607,17324161,5.2186,616.2
5026,[C][O][C][=C][C][Branch1][=C],607,17323554,5.2188,616.3
5027,[C][C][Ring1][=Branch2][=O],607,17322947,5.219,616.4
5028,[C][C][=N][C][=C][C][=C][C][=C][Ring1][=Branch1][NH1][Ring1][=Branch2],607,17322340,5.2192,616.6
5029,[#C][C][C][=C][NH1][C][=C][C][=C][C][=C][Ring1][=Branch2][Ring1][=Branch1][C],607,17321733,5.2193,616.7
5030,[C@@H1][C][C][C][N][Ring1][Branch1],607,17321126,5.2195,616.8
5031,[N][C][C][N][Branch1][P][C][C][=C][C][=C][C][=Branch1][Ring2][=C][Ring1][=Branch1][O][C][O][Ring1][=Branch1][C][C][Ring1][S],607,17320519,5.2197,616.9
5032,[O][=C][O],606,17319913,5.2199,617.1
5033,[=C][Branch1][C][C][C],606,17319307,5.2201,617.2
5034,[C][=C][C][=C][Branch2][Ring2][#C],606,17318701,5.2203,617.3
5035,[C][=C][Ring2][Ring1][Branch2][Cl],606,17318095,5.2204,617.5
5036,[C][C][C][C][N][Ring1][Branch1],606,17317489,5.2206,617.6
5037,[C@@H1][Ring2][Ring1][P],606,17316883,5.2208,617.8
5038,[N][C][=C][Branch1][C][Cl][C][=C][C][=C][Ring1][#Branch1][Cl],606,17316277,5.221,617.9
5039,[C][N][C][Branch1][C][C],605,17315672,5.2212,618
5040,[C][=C][N][Ring2][Ring1],605,17315067,5.2213,618.1
5041,[N][=N][Ring2][Ring1][Branch2],605,17314462,5.2215,618.3
5042,[N][C][=C][C][=C][Ring1][Branch1][C],605,17313857,5.2217,618.4
5043,[C][=Branch1][C][=O][N][C][=C][C][=C][C][Branch1][C][Cl][=C][Ring1][#Branch1],605,17313252,5.2219,618.5
5044,[C][Branch1][C][O][=C][Ring2][Ring1],605,17312647,5.2221,618.7
5045,[C][O][C][=C][C][=C][C][Branch2][Ring1][#Branch1],605,17312042,5.2223,618.8
5046,[C][C][=C][C][Branch2][Ring1][=Branch1],605,17311437,5.2224,618.9
5047,[C][Branch2][Ring1][Branch1][N][C][=Branch1][C][=O],605,17310832,5.2226,619
5048,[C][=C][NH1][C][=C][C][=C][C][=C][Ring1][=Branch2][Ring1][=Branch1][C],605,17310227,5.2228,619.2
5049,[C][=C][C][=C][Branch1][#Branch1][C][=C][Ring1][=Branch1][O][C],605,17309622,5.223,619.3
5050,[/C][Branch1][C][C][=N][/N],605,17309017,5.2232,619.5
5051,[O][C@H1][C][C@@][Branch1][C][C][Branch1][Ring1][O][C],605,17308412,5.2234,619.6
5052,[C@][C][C],604,17307808,5.2235,619.7
5053,[C][=C][C][=C][C][=C][Ring1][=Branch1][C][Branch1][C],604,17307204,5.2237,619.9
5054,[C][C][C][C][C][C][C][C][Ring1][=Branch1],604,17306600,5.2239,620
5055,[C][C][=Branch1][C][=O][N][Ring1][=Branch1],604,17305996,5.2241,620.2
5056,[=N][\C][=C][C][=C][C][=C][Ring1][=Branch1],604,17305392,5.2243,620.3
5057,[C][N][C][C][N][C][C][Ring1][=Branch1],604,17304788,5.2245,620.4
5058,[C][O][C][=C][C][=C][C][=Branch1][C][=O],603,17304185,5.2246,620.6
5059,[C][=Branch1][C][=O][N][C][C][C][C][Ring1],603,17303582,5.2248,620.7
5060,[C][O][C][=C][C][=C][Branch2][Ring2][O],603,17302979,5.225,620.8
5061,[N][Ring2][Ring2][Ring1],603,17302376,5.2252,620.9
5062,[C][#C][C][N][C][=Branch1][C][=O],603,17301773,5.2254,621
5063,[C][C][C][N][Branch1][#C],603,17301170,5.2255,621.2
5064,[N][C][=C][C][Branch1][=Branch2][C][=C][C][=C][C][=C][Ring1][=Branch1],603,17300567,5.2257,621.3
5065,[N][Ring1][=C][C][C],603,17299964,5.2259,621.4
5066,[C][=C][C@@H1][C][C@][Ring1][Ring1][Branch2],603,17299361,5.2261,621.5
5067,[=C][N][=C][Ring1],602,17298759,5.2263,621.7
5068,[O][=C][Branch1][N][C][=C][C][=C][Branch1][C][F][C][=C][Ring1][#Branch1],602,17298157,5.2265,621.8
5069,[C][=C][N][=C][O][Ring1][Branch1],602,17297555,5.2266,621.9
5070,[C][C][=C][C][Branch1][C][C][=C],602,17296953,5.2268,622
5071,[C@H1][Branch1][C][C][C@@H1][Branch1][C][O][C@],602,17296351,5.227,622.2
5072,[/C][=C][/C][=C][C][=C][Branch1][C][Cl][C][Branch1][C][Cl][=C][Ring1][Branch2],602,17295749,5.2272,622.3
5073,[C][=Branch1][C][=O][C][=N],601,17295148,5.2274,622.4
5074,[C][N][Branch2][Ring1][#Branch2],601,17294547,5.2275,622.5
5075,[N][Ring1][=C][C],601,17293946,5.2277,622.6
5076,[/C][=C][/C][=C][C][=C][Branch1][=Branch1][N+1][=Branch1][C][=O][O-1][C][=C][Ring1][=Branch2],601,17293345,5.2279,622.7
5077,[C@H1][Branch1][C][C][C@@H1][Branch2][Ring1][Branch1][O][C@@H1][O][C@H1][Branch1][C][C][C][C@H1][Branch1][=Branch1][N][Branch1][C][C][C][C@H1][Ring1][#Branch2][O][C@][Branch1][C][C],601,17292744,5.2281,622.9
5078,[C][C][C@@][Ring1][=C][Branch1][C][C][C@][Ring2][Ring1][Ring1],601,17292143,5.2283,623
5079,[C][=C][Branch2][Ring1][Branch1][C][=Branch1][C][=O],600,17291543,5.2285,623.1
5080,[C@H1][Ring2][Ring1][Branch2],600,17290943,5.2286,623.3
5081,[C][=C][C][=C][Branch1][=Branch1][C][Branch1][C][N][=O],600,17290343,5.2288,623.4
5082,[C][Branch1][C][C][=N][O][Ring1][=Branch1],600,17289743,5.229,623.5
5083,[N][C][=N][C][Branch1][P],600,17289143,5.2292,623.6
5084,[C][C][=C][C][=Branch1][C][=O][NH1],600,17288543,5.2294,623.8
5085,[N][=C][Branch1][=Branch2][C][C][C][C][C][C][Ring1][=Branch1],600,17287943,5.2295,623.9
5086,[C][=Branch1][C][=O][N][Branch1][#Branch2][C][C][=C][C][=C][C][=C][Ring1][=Branch1][C],600,17287343,5.2297,624.1
5087,[N][Branch1][=Branch1][C],599,17286744,5.2299,624.2
5088,[C][C][Branch1][C][O][C][C],599,17286145,5.2301,624.3
5089,[C][=Branch1][C][=O][O][C][Ring1][Branch2],599,17285546,5.2303,624.4
5090,[O][C][=C][C][=C][Branch2][Ring1][Branch2],599,17284947,5.2304,624.6
5091,[C][=C][N][Branch2][Ring1][Ring1],599,17284348,5.2306,624.7
5092,[C][O][C][=C][C][Branch2][=Branch1],599,17283749,5.2308,624.8
5093,[C][=C][C][=C][Branch1][Ring1][C][O][C][=C][Ring1][Branch2],599,17283150,5.231,625
5094,[C@@H1][Branch1][Branch2][N][C][=Branch1][C][=O][O][C][C][Branch1][C][C][C],599,17282551,5.2312,625.1
5095,[=C][Ring2][Ring1][C][O],598,17281953,5.2314,625.2
5096,[N][Branch1][O][C][=Branch1][C][=O],598,17281355,5.2315,625.4
5097,[Ring1][C][C][C][=C][Ring1][Branch2],598,17280757,5.2317,625.5
5098,[C][C][=C][C][Branch1][Branch2],598,17280159,5.2319,625.7
5099,[N][C][C][=C][C][=C][Branch1][P],598,17279561,5.2321,625.8
5100,[N][Branch1][=Branch2][C][=C][C][=C][C][=C][Ring1][=Branch1][C][=Ring1],598,17278963,5.2323,625.9
5101,[N][=C][Branch2][Ring1][=C],597,17278366,5.2324,626.1
5102,[N][C][=Branch1][C][=O][C][=C][C][=C][C][Branch1][C][Cl][=C][Ring1][#Branch1],597,17277769,5.2326,626.2
5103,[C][=C][C][=C][C][=C][Ring1][=Branch1][Ring2][Ring1][C],597,17277172,5.2328,626.3
5104,[N][C][=Branch1][C][=O][O][C][Branch1][C][C][Branch1][C][C],597,17276575,5.233,626.5
5105,[N][S][=Branch1][C][=O][=Branch1][C][=O][C][=C][C][=C][C][=C][C][=C][C][Ring1][=Branch1][=C][Ring1][#Branch2],597,17275978,5.2332,626.6
5106,[C][O][C][=N][C][Branch1],597,17275381,5.2333,626.7
5107,[Branch1][C][O][C][Branch1][=Branch1][N+1][=Branch1][C][=O][O-1],597,17274784,5.2335,626.8
5108,[C][=C][C][=C][Ring1][=Branch2][Ring1][=Branch1],597,17274187,5.2337,627
5109,[=N][C][=C][Ring1],596,17273591,5.2339,627.1
5110,[C][=Branch1][C][=O][/C],596,17272995,5.2341,627.2
5111,[Ring1][C][Br],596,17272399,5.2342,627.4
5112,[N][C][C][C][C][C][C][C][C],596,17271803,5.2344,627.5
5113,[C][C][O][C][=Branch1][C][=O][C][Branch1][C][C],596,17271207,5.2346,627.6
5114,[C][=C][Ring2][Ring1][Branch1][F],596,17270611,5.2348,627.7
5115,[C][=C][C][=C][Branch1][#Branch2][C][N][C][C][O][C][C][Ring1][=Branch1][C][=C][Ring1][=N],596,17270015,5.235,627.8
5116,[C][C][C][C][N][C][=N],595,17269420,5.2351,628
5117,[C][=C][Branch1][C][C][C][C],595,17268825,5.2353,628.1
5118,[C][=C][C][Branch2][Ring1][O],595,17268230,5.2355,628.2
5119,[C][C][=Branch1][C][=O][C][=C][Branch1][C][O],595,17267635,5.2357,628.3
5120,[N][C][S][C][=N],595,17267040,5.2359,628.4
5121,[S][=Branch1][C][=O][=Branch1][C][=O][C][=C][C][=C][C][=C][C][=C][C][Ring1][=Branch1][=C][Ring1][#Branch2],595,17266445,5.2361,628.5
5122,[N][=C][N][=C][Ring1][S],595,17265850,5.2362,628.7
5123,[N][C][=C][C][=C][C][Branch1][=Branch1][C][=Branch1][C][=O][O][=C][Ring1][=Branch2],595,17265255,5.2364,628.8
5124,[Branch1][#Branch1][O][C][Branch1][C][C][=O],594,17264661,5.2366,628.9
5125,[C][C][Branch2][Ring1][=Branch1],594,17264067,5.2368,629
5126,[C@@H1][Branch1][C][O][C@@H1][Branch1][C][C],594,17263473,5.237,629.2
5127,[C][Branch1][=N][C][=C][C][=C][Branch1][Ring1][C][#N][C][=C][Ring1][Branch2],594,17262879,5.2371,629.3
5128,[C][=C][Branch1][C][Cl][C][=C][Ring1][Branch2][Cl],594,17262285,5.2373,629.4
5129,[C][O][C][=C][C][Branch2][Ring1][S],593,17261692,5.2375,629.5
5130,[N][Branch1][=Branch2][C][=C][C][=C][C][=C][Ring1][=Branch1][C][C][Ring1],593,17261099,5.2377,629.6
5131,[C][=Branch1][C][=O][N][C][Ring1][=Branch1][=O][C][=C][Ring1][=C],593,17260506,5.2379,629.7
5132,[Ring1][Branch1][C][O],592,17259914,5.238,629.8
5133,[C][Branch1][C][O][C][=C][C][=C][C][=C][Ring1][=Branch1],592,17259322,5.2382,630
5134,[C][=C][C][=C][Branch1][C][F][C][=C][Ring1][#Branch1][Cl],592,17258730,5.2384,630.1
5135,[O][C][=C][C][=C][Branch1][Branch2],592,17258138,5.2386,630.2
5136,[C][Branch1][C][F][Branch1][C][F][C][Branch1][C][F][Branch1][C][F][F],592,17257546,5.2388,630.3
5137,[C][O][C][=Branch1][C][=O][N][C][=N],592,17256954,5.2389,630.4
5138,[C][C][=C][C][Branch1][C][O][=C][C][Branch1][C][C][=C][Ring1][Branch2],592,17256362,5.2391,630.6
5139,[#C][C][C][=C][NH1][C][=C][C][=C][C][=C][Ring1][=Branch2][Ring1][=Branch1][C][=Branch1][C][=O][O],592,17255770,5.2393,630.7
5140,[N][C][=C][C][=C][Branch1][C][Cl][C][Branch1][=Branch2][C][Branch1][C][F][Branch1][C][F][F][=C][Ring1][O],592,17255178,5.2395,630.8
5141,[C][=C][C][Branch1][N][C][=C][C][=C][Branch1][C][F][C][=C][Ring1][#Branch1],591,17254587,5.2397,631
5142,[C][Branch1][C][C][=N][C][=C][Ring1][#Branch1],591,17253996,5.2398,631.1
5143,[C][=C][C][=C][C][=C][Ring1][=Branch1][S][Ring1][#Branch2],591,17253405,5.24,631.3
5144,[O][C][=C][C][=C][Branch2][Ring1][Ring1],591,17252814,5.2402,631.4
5145,[O][C@][Branch1][C][C][C][C],591,17252223,5.2404,631.5
5146,[C][=C][C][=C][Branch1][=Branch2][N][C][C][N][C][C][Ring1][=Branch1],591,17251632,5.2405,631.7
5147,[/C][=Branch1][=N][=C][/C][=C],591,17251041,5.2407,631.8
5148,[C][C][C][C][C][C][Branch1][O][C][C][Branch1][Ring2][C][Ring1][=Branch1][C][Ring1][=Branch2][C][Ring1][#Branch2],591,17250450,5.2409,631.9
5149,[C][N][C][C][C][C],590,17249860,5.2411,632
5150,[C][O][C][=C][C][=C][Branch2][Ring2][=Branch1][C],590,17249270,5.2413,632.2
5151,[C][=Branch1][C][=O][N][C][=C][C][=C][C][Branch1],590,17248680,5.2414,632.3
5152,[N][C][=C][Branch2][Ring1][Ring2],590,17248090,5.2416,632.4
5153,[C][Branch1][=Branch2][N][C][C][O][C][C][Ring1][=Branch1][=C],590,17247500,5.2418,632.6
5154,[C@@H1][C][C][C][N][Ring1][Branch1][C],590,17246910,5.242,632.7
5155,[C][C@][Ring1][=Branch2][Ring1][#C][O][O][Ring1][#C],590,17246320,5.2422,632.8
5156,[Branch1][C][C][C][C][=Branch1][C][=O],589,17245731,5.2423,632.9
5157,[N][=C][Branch2][Ring1][#C],589,17245142,5.2425,633
5158,[Ring2][Branch1][#C],589,17244553,5.2427,633.2
5159,[Branch2][Ring1][Ring1][C][=C][C][=C][Branch1][=Branch2][C][Branch1][C][F][Branch1][C][F][F][C][=C][Ring1][#Branch2],589,17243964,5.2429,633.3
5160,[C][C][C][=N][C][=N],589,17243375,5.2431,633.4
5161,[C][=C][C][=C][Branch2][Ring1][Branch2][N][C][=Branch1][C][=O],589,17242786,5.2432,633.5
5162,[C][C][Ring2][Ring2][=Branch1],589,17242197,5.2434,633.7
5163,[O][C@@][Ring1][Ring1],589,17241608,5.2436,633.8
5164,[Branch1][C][F][C][Branch1][C][F][=C][Ring1][=Branch2],589,17241019,5.2438,633.9
5165,[C][=C][C@H1],588,17240431,5.244,634
5166,[C][=Branch1][C][=O][N][C][C][C][C],588,17239843,5.2441,634.2
5167,[C][=C][Ring2][Ring1][=Branch2][Cl],588,17239255,5.2443,634.3
5168,[O][C][=Ring1][#C],588,17238667,5.2445,634.5
5169,[C@@H1][C][C@@H1][Branch1],588,17238079,5.2447,634.6
5170,[N][Ring2][Ring2][Ring2],588,17237491,5.2448,634.7
5171,[C][N][C][=C][C][=N][Ring1][Branch1],588,17236903,5.245,634.9
5172,[C][O][Ring1][Ring1],587,17236316,5.2452,635
5173,[=C][Ring2][Ring2][#Branch2],587,17235729,5.2454,635.1
5174,[Ring2][Ring1][N][C],586,17235143,5.2456,635.3
5175,[C][=Branch1][C][=O][N][C][C][=N],586,17234557,5.2457,635.4
5176,[C][C@@H1][C@H1],586,17233971,5.2459,635.5
5177,[C][N][Branch2][Ring1][#C],586,17233385,5.2461,635.7
5178,[C@H1][Branch2][Ring1][=C],586,17232799,5.2463,635.8
5179,[S][C][=N][N][=C],586,17232213,5.2465,636
5180,[Ring2][Branch1][=C],586,17231627,5.2466,636.1
5181,[Ring2][Ring1][#C][O],586,17231041,5.2468,636.2
5182,[O][C][Branch2][Ring1][#Branch1],586,17230455,5.247,636.4
5183,[C@@H1][Branch1][#Branch2][C][C][=C][C][=C][C][=C][Ring1][=Branch1][N][C][=Branch1][C][=O],586,17229869,5.2472,636.5
5184,[C][C][N][Ring1][Branch1][C][=Branch1][C][=O],586,17229283,5.2473,636.6
5185,[C@H1][Branch1][C][O][C][Branch1][C][C][Branch1][C][C][C@@H1][Ring1][#Branch2][C][C][C@][Ring1][=C][Ring2][Ring1][Ring1][C],586,17228697,5.2475,636.8
5186,[N][=C][=S],585,17228112,5.2477,636.9
5187,[C][O][Ring1][#Branch1],585,17227527,5.2479,637
5188,[C][C][O][C@H1],585,17226942,5.2481,637.1
5189,[C][=C][Branch1][C][O][C][=C][Ring1][#Branch1],585,17226357,5.2482,637.3
5190,[C][C][=Branch1][C][=O][N][C][C][N][Branch2][Ring2],585,17225772,5.2484,637.4
5191,[O][C][C@H1][Branch1][C][O][C],585,17225187,5.2486,637.6
5192,[C][C][C][=C][Branch1][C][C][C],585,17224602,5.2488,637.7
5193,[N][=C][Branch1][#Branch2][N][C][=C][C][=C][C][=C][Ring1][=Branch1],585,17224017,5.2489,637.8
5194,[N][=N][Ring1],584,17223433,5.2491,637.9
5195,[Ring2][Ring1][Ring1][=N],584,17222849,5.2493,638.1
5196,[N][C][=C][Branch1][C][Br],584,17222265,5.2495,638.2
5197,[C][C][=Branch1][C][=O][N][C][C][N][Branch2][Ring1],584,17221681,5.2497,638.3
5198,[N][C][=C][C][=C][Branch2][Ring1][S],584,17221097,5.2498,638.4
5199,[C][=C][C][Branch1][=Branch2][C][Branch1][C][F][Branch1][C][F][F][=C],584,17220513,5.25,638.6
5200,[=N][C][=Ring1][O],584,17219929,5.2502,638.7
5201,[C][O][C][=C][C][=N][C][=N],584,17219345,5.2504,638.8
5202,[C][NH1][C][=N][C][=Ring1][Branch1][C][=Branch1][C][=O],584,17218761,5.2506,638.9
5203,[C][=Branch1][C][=O][C][Branch1][C][C][Branch1][C][C][C@@H1][Ring1][#Branch2],584,17218177,5.2507,639.1
5204,[C][C][C@@][Branch1][C][C][C@H1][Ring1][#Branch1][C][C][C@@H1][Ring1][=Branch1],584,17217593,5.2509,639.2
5205,[C][C][C][C][C][=Branch1][C][=O],583,17217010,5.2511,639.3
5206,[C][=C][Branch1][C][C][C][=Branch1][C][=O],583,17216427,5.2513,639.4
5207,[C][C][Branch1][C][C][C][C][C@],583,17215844,5.2514,639.5
5208,[N][C][=C][C][=C][C][Branch1][#C],583,17215261,5.2516,639.7
5209,[C][C@@][Branch1],583,17214678,5.2518,639.8
5210,[C][=Branch2][Ring2],583,17214095,5.252,639.9
5211,[C][C][=C][S][C][=Ring1][Branch1][C][=Branch1][C][=O],583,17213512,5.2522,640.1
5212,[C][Branch1][#Branch2][O][C][=C][C][=C][C][=C][Ring1][=Branch1][=C][Ring1][=N],583,17212929,5.2523,640.2
5213,[C][=C][C][=C][C][=C][C][=C][C][=Branch1][=Branch1][=C][Ring1][#Branch2],583,17212346,5.2525,640.4
5214,[C][S][C][Ring1][=Branch1],582,17211764,5.2527,640.5
5215,[O][C][C][N][Branch1][C][C],582,17211182,5.2529,640.6
5216,[N][Ring2][Ring1][N],582,17210600,5.253,640.7
5217,[C][C@@H1][Branch1][C][O][C@@H1],582,17210018,5.2532,640.9
5218,[N][C][C][=C][C][=C][Branch1][C][Cl][C][Branch1][C][Cl][=C][Ring1][Branch2],582,17209436,5.2534,641
5219,[C][C][C@@][Ring1][#Branch1],582,17208854,5.2536,641.1
5220,[=N][O][Ring1][=C],582,17208272,5.2538,641.3
5221,[N][C@H1][C][C][C@H1][Branch1][C][O][C][C][Ring1][#Branch1],582,17207690,5.2539,641.4
5222,[O][C][C][C][Branch1][C][C],581,17207109,5.2541,641.5
5223,[O][C][=C][C][=C][NH1],581,17206528,5.2543,641.7
5224,[C][=N][Ring1][=Branch1][C][=Branch1][C][=O],581,17205947,5.2545,641.8
5225,[S][Ring2][Ring1][N],581,17205366,5.2546,641.9
5226,[/N][=C][Branch1][C][\C],581,17204785,5.2548,642
5227,[/C][=Branch1][=N][=C][\C][=C],581,17204204,5.255,642.2
5228,[C][C][/C],580,17203624,5.2552,642.3
5229,[C][C][C][C][C][=C][C][=C][C][=C][Ring1][=Branch1],580,17203044,5.2553,642.4
5230,[N][C][#C],580,17202464,5.2555,642.5
5231,[C][=C][C][Branch2][Ring1][C][N][C][=Branch1][C][=O],580,17201884,5.2557,642.7
5232,[N][C][=C][Branch1][P],580,17201304,5.2559,642.8
5233,[S][Ring2][Ring1][=N],580,17200724,5.2561,642.9
5234,[Ring2][Ring1][S][O],580,17200144,5.2562,643.1
5235,[C@H1][Branch1][C][O][C@@H1][Branch1][C][O][C@H1],580,17199564,5.2564,643.2
5236,[C][C][N][Ring1][=Branch1][C][=Branch1][C][=O],580,17198984,5.2566,643.3
5237,[=Ring1][Branch1][C][C][C][C][Ring1][#Branch1],580,17198404,5.2568,643.5
5238,[O][C@@H1][Branch1][=N][N][C][=C][C][=Branch1][C][=O][NH1][C][Ring1][#Branch1][=O],580,17197824,5.2569,643.6
5239,[C][=C][Ring1][P][F],579,17197245,5.2571,643.7
5240,[O][C][C][Branch1][C][C][Branch1][C][C],579,17196666,5.2573,643.9
5241,[C][N][=C][NH1],579,17196087,5.2575,644
5242,[=N][C][=C][C][=C][C][=C][Ring1][=Branch1][N][=C][Ring1][#Branch2],579,17195508,5.2577,644.2
5243,[N][=C][Branch1][C][C][N][Ring1][=Branch1],579,17194929,5.2578,644.3
5244,[C][C][=C][C][Branch1][C][Br][=C],579,17194350,5.258,644.4
5245,[N][C][Branch2][Ring2],578,17193772,5.2582,644.5
5246,[C][C][C][C][Ring1][=C],578,17193194,5.2584,644.7
5247,[C@][Branch1][C][C][Branch1][C][O],578,17192616,5.2585,644.8
5248,[C][O][C][=C][C][=C][C][Branch1][C][F][=C][Ring1][#Branch1],578,17192038,5.2587,644.9
5249,[S][=Branch1][C][=O][=Branch1][C][=O][C][C][Ring1][Branch2],578,17191460,5.2589,645.1
5250,[C][=C][C][=C][C][Branch2][Ring2][Ring2],578,17190882,5.2591,645.2
5251,[C][C][=C][C][=C][C][Branch2][Ring2][Ring2],578,17190304,5.2592,645.3
5252,[C@@H1][Branch1][C][C][C@H1][C][C][C@H1],578,17189726,5.2594,645.5
5253,[C][C@H1][Ring1][Branch1][C][O],578,17189148,5.2596,645.6
5254,[N][Branch1][N][C][C][N][Ring1][=N][C][C][C][C][Ring1][Ring1],578,17188570,5.2598,645.7
5255,[/C][=C][Branch1][C][\O],578,17187992,5.26,645.9
5256,[Branch1][C][C][C][C@H1],577,17187415,5.2601,646
5257,[N][C][=N][C][=Branch1][C][=O],577,17186838,5.2603,646.1
5258,[N][Branch2][Ring1][S],577,17186261,5.2605,646.3
5259,[C][=Branch1][C][=O][N][C][C][Branch1],577,17185684,5.2607,646.4
5260,[C][=C][Ring2][Ring1][Branch1][Cl],577,17185107,5.2608,646.5
5261,[N][C][=Branch1][C][=O][N][C@H1],577,17184530,5.261,646.7
5262,[C][=Branch1][C][=S][NH1],577,17183953,5.2612,646.8
5263,[N][=C][Branch1][C][S][N][Ring1][=Branch1],577,17183376,5.2614,647
5264,[C][O][C][=C][C][Branch1][C][N][=C],577,17182799,5.2615,647.1
5265,[Ring1][N][N][=C][C][Branch1][=N],577,17182222,5.2617,647.2
5266,[C][C][Branch2][Ring1][=N],576,17181646,5.2619,647.4
5267,[N][N][=N][C][=C][C][=C][C][=C][Ring1][=Branch1][Ring1][=Branch2],576,17181070,5.2621,647.5
5268,[N][Branch1][S][C@@H1],576,17180494,5.2622,647.6
5269,[C][Branch1][O][C][C][=N][N][Branch1][C][C][C][=Ring1][=Branch1],576,17179918,5.2624,647.7
5270,[N][C][Ring1][Branch1][=O],576,17179342,5.2626,647.8
5271,[C][=C][C][O],575,17178767,5.2628,648
5272,[C][C][C@H1][Ring1][=Branch1],575,17178192,5.263,648.1
5273,[N][=C][Ring2][Ring1][N],575,17177617,5.2631,648.2
5274,[Branch2][Ring2][Ring1][N][C][=Branch1][C][=O],575,17177042,5.2633,648.3
5275,[O][C][=C][C][=C][Branch1][C][Cl][C][Branch1][C][Cl][=C][Ring1][Branch2],575,17176467,5.2635,648.5
5276,[C][N][Branch1][=Branch2][C][=C][C][=C][C][=C][Ring1][=Branch1][C],575,17175892,5.2637,648.6
5277,[Ring1][=Branch1][C][Ring1][=C][=O],575,17175317,5.2638,648.7
5278,[N][C][=Branch1][C][=O][C@H1][Branch1][=Branch2][C][C][=C][NH1][C][=N][Ring1][Branch1],575,17174742,5.264,648.9
5279,[=Branch1][C][Branch1][C][C][C][C][=C][C][=C][Ring1][=Branch2],575,17174167,5.2642,649
5280,[N][C][C][=C][C][=C][Branch2][Ring1],574,17173593,5.2644,649.1
5281,[=Branch1][C][=Branch1][C][=O][O][C][Branch1],574,17173019,5.2645,649.2
5282,[C@@H1][Branch1][N][C][=C][C][=C][Branch1][C][Cl][C][=C][Ring1][#Branch1],574,17172445,5.2647,649.4
5283,[C][=C][Branch1][Ring1][C][C],574,17171871,5.2649,649.5
5284,[C][C][N][C][C][C][C][Ring1][Branch1],574,17171297,5.2651,649.6
5285,[N][=C][Branch1][=Branch1][C][C][C][Ring1][Ring1],574,17170723,5.2652,649.7
5286,[C][C][=C][C][=C][Branch1][S][C][=C][C][=C][C][=C][Ring1][=Branch1][C][N][=N][NH1][N][=Ring1][Branch1][C][=C][Ring1][P],574,17170149,5.2654,649.9
5287,[C][=C][C][=C][Branch1][O][C],573,17169576,5.2656,650
5288,[O][C][C][=Branch1][C][=O][O][C],573,17169003,5.2658,650.1
5289,[C][=C][C][=N][C][=C][C][=C][C][=C][Ring1][#Branch2][Ring1][=Branch1],573,17168430,5.2659,650.3
5290,[=N][N][Ring1][Branch2],573,17167857,5.2661,650.4
5291,[N][C][=C][C][=C][C][Ring1][=Branch1][=O],573,17167284,5.2663,650.6
5292,[N][C][Branch1][N][C][=C][C][=C][Branch1][C][Cl][C][=C][Ring1][#Branch1],572,17166712,5.2665,650.7
5293,[C][N][Branch1][=C][C][=Branch1][C][=O],572,17166140,5.2666,650.8
5294,[NH1][Ring1][Branch1][C][C],572,17165568,5.2668,651
5295,[O][C][=C][Branch1][C][Br],572,17164996,5.267,651.1
5296,[C][=C][C][=C][Branch1][#Branch2][O][C][Branch1][C][F][Branch1][C][F][F][C][=C][Ring1],572,17164424,5.2672,651.2
5297,[N][Branch2][Ring1][Ring1][C][=C][C][=C][Branch1][=Branch2][S][Branch1][C][N][=Branch1][C][=O][=O][C][=C][Ring1][#Branch2],572,17163852,5.2673,651.4
5298,[Branch2][C][=N][C][C][N][Ring1][Branch1],572,17163280,5.2675,651.5
5299,[C][NH1][C][=N][C][Ring1][=Branch2][=Ring1][Branch1],572,17162708,5.2677,651.6
5300,[C][C][C@H1][Branch1][Ring2][C][Ring1][#Branch1][N][Ring1][=Branch1],572,17162136,5.2679,651.8
5301,[C][=N][N][Branch1][C][C],571,17161565,5.2681,651.9
5302,[N][C][=C][C][=C][Branch1][=Branch1][N+1][=Branch1][C][=O][O-1],571,17160994,5.2682,652
5303,[N][C][=Branch1][C][=O][C][=C][C][=C][Branch1][C][Cl],571,17160423,5.2684,652.2
5304,[N][C][Branch1][=Branch2][C][Branch1][C][F][Branch1][C][F][F],571,17159852,5.2686,652.3
5305,[C][=C][Ring2][Ring1][Branch2][C],571,17159281,5.2688,652.4
5306,[C][N][Branch2][Ring1][C][C][=Branch1][C][=O],571,17158710,5.2689,652.5
5307,[C][=Branch1][C][=O][N][C@H1][C][C],571,17158139,5.2691,652.6
5308,[C][=C][C][=C][C][=C][C][=C][Ring1][=Branch1][N][=C][Ring1][#Branch2],571,17157568,5.2693,652.7
5309,[C@H1][Branch1][C][O][C@@H1][Branch1][C][C],571,17156997,5.2695,652.8
5310,[=Branch1][C][C][C][Ring1][Ring1][O],571,17156426,5.2696,652.9
5311,[#Branch1][N][C][Branch1][C][C][=O][C][=C][Ring1][#Branch2],571,17155855,5.2698,653.1
5312,[=C][C][Branch1][Ring1][O][C][=C][Ring2][Ring1][Branch2][O][C],571,17155284,5.27,653.2
5313,[O][C][C@H1][Branch1][C][C],570,17154714,5.2702,653.3
5314,[N][=Ring1][=N],570,17154144,5.2703,653.5
5315,[C][=C][C][=C][C][Branch2][Ring1][S],570,17153574,5.2705,653.6
5316,[Branch2][=Branch1][#Branch2],570,17153004,5.2707,653.7
5317,[C][C][=C][C][Branch2][Ring1][=Branch2],570,17152434,5.2709,653.8
5318,[O][C][C][O][C][C][O][C][C],570,17151864,5.271,654
5319,[N][=C][N][=C][Ring1][#Branch1][Ring1][#Branch2],570,17151294,5.2712,654.1
5320,[C][C][C][C][O],569,17150725,5.2714,654.2
5321,[Branch2][Ring2][C][N][C][=Branch1][C][=O],569,17150156,5.2716,654.3
5322,[C][Branch2][Ring1][Ring1][N],569,17149587,5.2717,654.4
5323,[=N][N][=C][Ring1][S],569,17149018,5.2719,654.6
5324,[#C][N][C][=Branch1][C][=O][C][=C][C][=C][C][=C][Ring1][=Branch1][Cl],569,17148449,5.2721,654.7
5325,[=C][C][Branch1][=Branch2][C][Branch1][C][F][Branch1][C][F][F][=C][Ring1],569,17147880,5.2723,654.8
5326,[C][C][=N][N][Branch1][C][C][C][=Ring1][=Branch1],569,17147311,5.2724,654.9
5327,[O][C][Ring1][=N][=C][Ring1][P],569,17146742,5.2726,655.1
5328,[/C][=C][\N][C][=Branch1][C][=O][N][C][Ring1][=Branch1][=O][=C][Ring1][=N],569,17146173,5.2728,655.2
5329,[N][C][=C][Ring1][S],568,17145605,5.273,655.3
5330,[N][=N][Ring2][Ring1][#Branch1],568,17145037,5.2731,655.4
5331,[C][=C][C][=C][Branch1][=Branch2][C][=C][C][=N][C][=C][Ring1][=Branch1],568,17144469,5.2733,655.6
5332,[N][C][=N][C][Branch2][Ring1][Ring2],568,17143901,5.2735,655.7
5333,[N][Branch1][O][C][C][C][=C][C][=C][C][=C][Ring1][=Branch1][C],568,17143333,5.2737,655.8
5334,[N][Branch1][O][C][C][=C][C][=C][C][=C][Ring1][=Branch1][Cl],568,17142765,5.2738,656
5335,[N][N][=C][Branch1][=Branch2][C][Branch1][C][F][Branch1][C][F][F][C][=C][Ring1][=Branch2],568,17142197,5.274,656.1
5336,[N][Ring1][N][C][C],567,17141630,5.2742,656.2
5337,[C][Branch1][C][O][C][Branch1][C][C],567,17141063,5.2744,656.4
5338,[N][N][C][C][C][=C][C][=C][C][=C][Ring1][=Branch1],567,17140496,5.2745,656.5
5339,[Branch2][C][=C][C][=C][O][Ring1][Branch1][C],567,17139929,5.2747,656.7
5340,[C@][Branch1][C][C][C][C][C][C@][Branch1][C][C],567,17139362,5.2749,656.8
5341,[Ring1][N][N][=C][C][Branch1][=N][/C][=C][\N][C][=Branch1][C][=O][N][C][Ring1][=Branch1][=O][=C][Ring1][=N],567,17138795,5.2751,656.9
5342,[C][C][C][C][C@H1],566,17138229,5.2752,657
5343,[N][=N][Ring2][Ring1][=Branch2],566,17137663,5.2754,657.1
5344,[N][C][C][Branch1][C][C][Branch1][C][C],566,17137097,5.2756,657.2
5345,[N][C][=C][C][Branch1][P],566,17136531,5.2757,657.4
5346,[N][=C][Branch1][C][N][N][=C][Ring1][Branch2],566,17135965,5.2759,657.5
5347,[C][=C][C][=C][C][=C][Ring1][=Branch1][S][Ring1][#Branch2][=Branch1][C][=O][=O],566,17135399,5.2761,657.6
5348,[C][=C][C][C][Branch1],565,17134834,5.2763,657.7
5349,[C][=C][Ring2][Ring2][P],565,17134269,5.2764,657.8
5350,[C][=C][C][=C][C][=C][Ring1][=Branch1][Ring2][Ring1][=Branch2],565,17133704,5.2766,657.9
5351,[C][O][C][=C][C][=C][C][=C][Ring1][=Branch1][O][C][C],565,17133139,5.2768,658.1
5352,[C][=C][N][Branch1][=C],565,17132574,5.277,658.2
5353,[C][=C][N][Ring1][#Branch1],565,17132009,5.2771,658.3
5354,[C][=Branch1][C][=O][N][C][S],565,17131444,5.2773,658.4
5355,[N][Branch1][=N][C][C][=C][C][=C][C][Branch1][C][Cl][=C][Ring1][#Branch1],565,17130879,5.2775,658.6
5356,[C][=C][C][=C][Branch1][Ring2][O][C][C][C][=C][Ring1][=Branch2],565,17130314,5.2777,658.7
5357,[F][=N],564,17129750,5.2778,658.8
5358,[N][=C][C][=C][C][=C][C][Ring1][=Branch1][=C][Ring1][#Branch2],564,17129186,5.278,659
5359,[C][Branch2][Branch1][#Branch1],564,17128622,5.2782,659.1
5360,[C][=C][C][Branch1][C][Br][=C][Ring1][#Branch1],564,17128058,5.2784,659.2
5361,[C][C][O][C][Branch1][=Branch2][C][=C][C][=C][C][=C][Ring1][=Branch1],564,17127494,5.2785,659.3
5362,[C@@H1][Branch1][#Branch1][N][C][Branch1][C][C][=O],564,17126930,5.2787,659.5
5363,[O][C][Ring1][=C][=O],564,17126366,5.2789,659.6
5364,[/C][=C][/O],563,17125803,5.2791,659.8
5365,[C][C@H1][Ring1][=Branch1],563,17125240,5.2792,659.9
5366,[C@@][Ring1][=C],563,17124677,5.2794,660
5367,[C][=C][C][=C][Branch1][=Branch2][N][C][C][C][C][C][Ring1][=Branch1],563,17124114,5.2796,660.2
5368,[Ring2][Ring2][Branch1][=O],563,17123551,5.2797,660.3
5369,[C][=N][S][N][=C][Ring1][=Branch2][Ring1][Branch1],563,17122988,5.2799,660.4
5370,[C][=C][C][=C][Branch1][N][O][C][C][N][C][C][C][C][C][Ring1][=Branch1][C][=C][Ring1][#C],563,17122425,5.2801,660.6
5371,[=C][Ring2][Ring1][#Branch2][C],562,17121863,5.2803,660.8
5372,[C][O][C][=C][Branch1][C][Br],562,17121301,5.2804,660.9
5373,[=N][N][Ring1][=Branch2],562,17120739,5.2806,661
5374,[C@@H1][Branch1][C][N][C][C],562,17120177,5.2808,661.2
5375,[C][N][C][=N][C][=C][Ring1][Branch1][C],562,17119615,5.281,661.3
5376,[Branch1][C][C][C][=Ring1][=Branch1],562,17119053,5.2811,661.4
5377,[C][=Branch1][C][=O][O][C][C][=C][Ring1][Branch2][C][=C][N][Branch1][Branch1][C][Ring1][=Branch1][=O],562,17118491,5.2813,661.5
5378,[=C][Ring1][N][=C],561,17117930,5.2815,661.7
5379,[Ring1][O][O],561,17117369,5.2817,661.8
5380,[C][=Branch1][C][=C],561,17116808,5.2818,661.9
5381,[C][=C][C][=C][Ring1][N],561,17116247,5.282,662.1
5382,[C][C][C][=C][N][=C],561,17115686,5.2822,662.2
5383,[N][=C][Ring2][Ring1][P],561,17115125,5.2823,662.3
5384,[N][C][C][C][Branch1][=Branch2][C][=C][C][=C][C][=C][Ring1][=Branch1],561,17114564,5.2825,662.5
5385,[Branch1][S][C][C],561,17114003,5.2827,662.6
5386,[O][C@H1][C][C@H1][Branch1],561,17113442,5.2829,662.8
5387,[C][=C][C][Branch1][O][O][C][C][=C][C][=C][C][=C][Ring1][=Branch1],561,17112881,5.283,662.9
5388,[O][=C][O][C],560,17112321,5.2832,663
5389,[C@@H1][C][N][C][C],560,17111761,5.2834,663.1
5390,[O][C][Ring1][N],560,17111201,5.2836,663.2
5391,[C][=Branch1][C][=O][/C][=C][/C][=C],560,17110641,5.2837,663.3
5392,[=C][C][=C][Ring2][Ring1][O],560,17110081,5.2839,663.5
5393,[N][=Ring2][Ring1][#Branch2],560,17109521,5.2841,663.6
5394,[N][N][=C][N][=C][Ring1][Branch1],560,17108961,5.2842,663.7
5395,[C][N][Branch1][C][C][C][C][N][C][=Branch1][C][=O],560,17108401,5.2844,663.8
5396,[/C][=C][/C][=Branch1][C][=O][N][O],560,17107841,5.2846,664
5397,[Ring1][C][=O][=C],560,17107281,5.2848,664.1
5398,[C][C][=Branch1][C][=O][N][C][C][C][C@H1][Ring1][Branch1][C][=Branch1][C][=O],560,17106721,5.2849,664.3
5399,[N][C][=C][C][=Branch1][C][=O][NH1][C][Ring1][#Branch1][=O],560,17106161,5.2851,664.4
5400,[O][=C][Branch2][Ring1][Branch1][C][C],559,17105602,5.2853,664.5
5401,[/N][=C][/N],559,17105043,5.2855,664.7
5402,[O][C][=C][C][=C][Branch2][Ring1][#Branch2],559,17104484,5.2856,664.8
5403,[C][C][=C][C][=C][C][Branch2][Ring1][#Branch1],559,17103925,5.2858,664.9
5404,[N][Ring1][Branch1][C][C][=Branch1][C][=O],559,17103366,5.286,665
5405,[Ring2][Ring2][=Branch2][=O],559,17102807,5.2861,665.2
5406,[=Branch1][O][C][C],558,17102249,5.2863,665.3
5407,[N][C][C][C][Branch2][Ring2],558,17101691,5.2865,665.5
5408,[C][=C][C][Branch1][Ring1][C][#N],558,17101133,5.2867,665.6
5409,[C][=C][Branch1][C][C][C][=C][Branch1][C][C],558,17100575,5.2868,665.7
5410,[Branch1][C][C][Ring1][Ring1],558,17100017,5.287,665.9
5411,[C][=Branch1][Ring2][=C][Ring1][=Branch1][C][Branch1][C][C],558,17099459,5.2872,666
5412,[N][C][=C][Branch1][=Branch2][C][=C][C][=C][C][=C][Ring1][=Branch1],558,17098901,5.2874,666.1
5413,[C][Branch1][C][F][=C][Ring1][=C],558,17098343,5.2875,666.3
5414,[C][=C][C][=C][Branch1][=Branch2][C][Branch1][C][F][Branch1][C][F][F][C][=C][Ring1][#Branch2][C][=C][Ring1][S],558,17097785,5.2877,666.4
5415,[C][N][C][C][C][Branch1][=C],558,17097227,5.2879,666.5
5416,[N][C][C][N][C][C][Ring1][=Branch1][C],558,17096669,5.288,666.7
5417,[C][=C][C][=C][Branch2][Branch1][Ring2],558,17096111,5.2882,666.8
5418,[=C][C][=Branch1][C][=O][N][C][Branch1][C][C][Branch1][C][C],558,17095553,5.2884,666.9
5419,[C][O][C][=C][C][Branch1][C][F][=C],557,17094996,5.2886,667.1
5420,[C][N][Branch1][C][C][C][C][C][N],557,17094439,5.2887,667.2
5421,[C][C][N][Branch1][C][C][C][C],557,17093882,5.2889,667.3
5422,[#Branch1][C][C][=Branch1][C][=O][O][C][=Branch1][C][=O][N][C@@H1][Branch1],557,17093325,5.2891,667.5
5423,[N][C][=Branch1][C][=O][C@H1][Branch1][#Branch2][C][C][C][C][C][C][C][Ring1][=Branch1],557,17092768,5.2893,667.6
5424,[C][=C][C][Branch1][S][S][=Branch1][C][=O][=Branch1][C][=O][N][C][C][O][C][C][Ring1][=Branch1][=C][C][=C][Ring1][#C],557,17092211,5.2894,667.8
5425,[C][=C][C][Ring1],556,17091655,5.2896,667.9
5426,[C][C][C][Ring1][O],556,17091099,5.2898,668
5427,[C][=C][Ring2][Ring1][#Branch1][Cl],556,17090543,5.2899,668.2
5428,[C][=Branch1][C][=O][NH1][C][=Branch1][C][=O],556,17089987,5.2901,668.3
5429,[=N][C][Branch1][=C],556,17089431,5.2903,668.4
5430,[C][C][C][N][Branch1][#Branch2],556,17088875,5.2905,668.6
5431,[C][=C][Branch1][C][O][C][Branch1][C],556,17088319,5.2906,668.7
5432,[C][=C][C][=C][NH1][C][=C][C][Ring1][Branch1][=C][Ring1][=Branch2],556,17087763,5.2908,668.8
5433,[C][=C][C][=C][Branch1][#C][S][=Branch1][C][=O][=Branch1][C][=O][N][C][C][C][C][Ring1][Branch1][C][=C][Ring1][=C],556,17087207,5.291,669
5434,[C@@H1][C@@H1],555,17086659,5.2911,669.1
5435,[N][C][C][C][N][C][=Branch1][C][=O],555,17086104,5.2913,669.3
5436,[C][C][=N][C][=C][Branch1],555,17085549,5.2915,669.4
5437,[C][C][O][C][=Branch1][C][=O][C][=C][Branch2][Ring1],555,17084994,5.2917,669.5
5438,[Ring2][Ring1][#Branch2][O],555,17084439,5.2918,669.6
5439,[C][=C][C][=C][C][=C][C][=C][Ring1][=Branch1][Ring1][#Branch2],555,17083884,5.292,669.8
5440,[Branch1][=N][C][=C][C][=C][Branch1][Ring1][C][#N][C][=C][Ring1][Branch2],555,17083329,5.2922,669.9
5441,[N][Branch1][C][C][C][=Branch1][C][=O][C][=Ring1][Branch2],555,17082774,5.2923,670
5442,[Ring2][Ring1][#Branch2][C],554,17082220,5.2925,670.2
5443,[C][C][Branch1][C][C][C][Ring1][#Branch1],554,17081666,5.2927,670.3
5444,[N][C][C][C][=C][C][=C][Branch1][C][Cl][C][=C][Ring1][#Branch1],554,17081112,5.2929,670.5
5445,[C][=C][C][=C][C][=C][Ring1][=Branch1][C][=C][Ring1][P],554,17080558,5.293,670.6
5446,[N][Branch1][C][C][C][C][=C][C][=C][C][=C][Ring1][=Branch1],554,17080004,5.2932,670.8
5447,[C][=C][N][Branch1][#C],554,17079450,5.2934,670.9
5448,[S][C][C][=C][C][Branch1][C][F][=C][C][Branch1][C][F][=C][Ring1][Branch2],554,17078896,5.2936,671
5449,[C][N][C][C][Ring1][=Branch1],553,17078343,5.2937,671.2
5450,[#Branch1][C][N][Branch1][C][C],553,17077790,5.2939,671.3
5451,[N][C][C][N][Branch2][Ring1][Branch1][C],553,17077237,5.2941,671.5
5452,[N][Ring1][#Branch1][C][C],553,17076684,5.2942,671.6
5453,[=Branch1][C][=Branch1][C][=O][O][=C][C][=C][Ring1][=Branch2],553,17076131,5.2944,671.7
5454,[O][C@@H1][Branch1][C][C][C@H1][Branch1][C][O][C@@H1][Branch1][C][O][C@H1][Ring1][=Branch2],553,17075578,5.2946,671.8
5455,[C@@H1][Branch1][Branch1][C@H1][Ring1][#C][C][C@][Ring1][=Branch2][Ring1][#C][O][O][Ring1][#C],553,17075025,5.2948,671.9
5456,[N][C][=Branch1][C][=O][O][C],552,17074473,5.2949,672.1
5457,[N][C][Ring1][#Branch1],552,17073921,5.2951,672.2
5458,[=N][C][Branch1][=N],552,17073369,5.2953,672.3
5459,[C@H1][C][C@@H1][Branch1],552,17072817,5.2954,672.4
5460,[=N][C][=Branch1][C][=O][N][C][C][C][C][C][Ring1][=Branch1],552,17072265,5.2956,672.6
5461,[N][=C][N][Ring1][Branch1][C][O],552,17071713,5.2958,672.7
5462,[O][C][=Branch1][C][=O][C][=C][C][=C],551,17071162,5.2959,672.8
5463,[C@@H1][Branch1][C][C][C@@H1],551,17070611,5.2961,672.9
5464,[C][C][C@@H1][Ring1][=Branch1][C],551,17070060,5.2963,673.1
5465,[C][C][C][=Branch1][C][=O][O][C][C],551,17069509,5.2965,673.2
5466,[N][C][C][C][=C][NH1][C][=C][C][=C][C][=C][Ring1][=Branch2][Ring1][=Branch1],551,17068958,5.2966,673.3
5467,[C][=C][C][=C][C][=C][Ring2][Ring1][Ring2][Ring1][=Branch1],551,17068407,5.2968,673.5
5468,[C@@H1][Branch1][C][N][C][C][=C][C][=C][Branch1][C][O][C][=C][Ring1][#Branch1],551,17067856,5.297,673.6
5469,[C][=C][C][Branch1][C][I][=C],551,17067305,5.2971,673.7
5470,[N][Ring1][O][C][=C][C][=C][C][=C][Ring1][=Branch1],550,17066755,5.2973,673.9
5471,[N][C][=Branch1][C][=O][C][=C][C][=C][C][=N][Ring1][=Branch1],550,17066205,5.2975,674
5472,[C][C][C][C][C][N][Branch2][Ring1],550,17065655,5.2977,674.1
5473,[C@H1][Branch2][Ring1][=N],550,17065105,5.2978,674.3
5474,[C][=C][C][=C][C][Branch2][Ring1][=C],550,17064555,5.298,674.4
5475,[=Branch1][C][Branch1][C][N][=O][C][C][Ring1][=Branch2],550,17064005,5.2982,674.5
5476,[C][C][=C][C][=C][C][Branch1][=Branch1][N+1][=Branch1][C][=O][O-1][=C][Ring1][=Branch2],550,17063455,5.2983,674.6
5477,[C@@H1][Branch1][#C][N][C][=Branch1][C][=O][O][C][Branch1][C][C][Branch1][C][C],550,17062905,5.2985,674.8
5478,[C][=C][Ring1][O][Ring1][Branch2],549,17062356,5.2987,674.9
5479,[O][C][Branch2][Ring1][#Branch2],549,17061807,5.2989,675
5480,[C][N][N][=C][Branch1][C][C],549,17061258,5.299,675.2
5481,[P][S][=Branch1][C][=O][=Branch1][C][=O][N][C][C][C][C][C][C][Ring1][#Branch1],549,17060709,5.2992,675.3
5482,[#Branch2][C][C][Branch1][C][F][Branch1][C][F][F],549,17060160,5.2994,675.4
5483,[F][C][=C][C][=C][Branch2][Ring1],548,17059612,5.2995,675.5
5484,[C][=C][C][=C][N][=C][Branch1],548,17059064,5.2997,675.6
5485,[C][C][=N][C][Branch2][Ring1],548,17058516,5.2999,675.7
5486,[N][C][=Branch1][C][=O][C][=C][C][=C][Branch1][C][Br][C][=C][Ring1][#Branch1],548,17057968,5.3,675.8
5487,[=N][C][=Branch1][C][=O][C][=C][C][=C][C][=C][Ring1][=Branch1][C],548,17057420,5.3002,676
5488,[C][C][O][C][=Branch1][C][=O][C][C][C][N][Branch2][Ring1],548,17056872,5.3004,676.1
5489,[=N][C][=Ring1][#C],548,17056324,5.3006,676.2
5490,[=N][N][Ring2][Ring1][Ring1],548,17055776,5.3007,676.3
5491,[C][Branch1][C][Cl][=C][C][=C][Ring1][#Branch1][NH1][Ring1][#Branch2],548,17055228,5.3009,676.4
5492,[N][C][=Branch1][C][=O][C@@H1][C][C][C][N][Ring1][Branch1][C][=Branch1][C][=O][C@H1][Branch1],548,17054680,5.3011,676.6
5493,[Branch2][Ring2][N],547,17054133,5.3012,676.7
5494,[Branch1][C][F][=C][Ring1][=N],547,17053586,5.3014,676.8
5495,[C][C][Ring2][Ring1][=Branch1][=O],547,17053039,5.3016,676.9
5496,[C][Branch1][Ring2][C][Ring1][#Branch1],547,17052492,5.3017,677
5497,[C][=N][C][=C][C][=N][Ring1][=Branch1][C],547,17051945,5.3019,677.1
5498,[C][=C][Branch1][P][C][=Branch1][C][=O][N][Branch1][C][C][C][=Branch1][C][=O][N][Ring1][=Branch2],547,17051398,5.3021,677.3
5499,[O][=C][Branch2][Ring2][=C],546,17050852,5.3023,677.4
5500,[S][C][N][=C],546,17050306,5.3024,677.5
5501,[C][C][=Branch1][C][=O][C][Branch1][=Branch1][C][=Branch1][C][=O][O][=C],546,17049760,5.3026,677.6
5502,[C][=C][Branch1][Ring2][C][Ring1][Branch2],546,17049214,5.3028,677.8
5503,[/C][=C][Branch1][C][/C],546,17048668,5.3029,677.9
5504,[N][C][=C][C][=C][Ring1][Branch1][C][=Branch1][C][=O][NH1][Ring1][#Branch2],546,17048122,5.3031,678
5505,[=C][\N],545,17047577,5.3033,678.1
5506,[N][Branch2][Ring1][C][C][=Branch1][C][=O],545,17047032,5.3034,678.3
5507,[C][C@@H1][Ring1][#Branch1],545,17046487,5.3036,678.4
5508,[Ring1][S][C][=C][Ring2][Ring1][#Branch1],545,17045942,5.3038,678.6
5509,[C][C][=C][C][=C][C][Branch2][Ring1][=Branch2],545,17045397,5.304,678.7
5510,[N][/N][=C][/C],545,17044852,5.3041,678.8
5511,[C][Ring1][#C][=Ring1][O],545,17044307,5.3043,679
5512,[Branch1][=Branch2][C][=C][C][=C][C][=C][Ring1][=Branch1][C][=C][C][=C][C][=C][Ring1][=Branch1][C],544,17043763,5.3045,679.1
5513,[C][C][=Branch1][C][=O][N][C][=C][Branch1][C][C],544,17043219,5.3046,679.2
5514,[Branch1][C][C][C][C@H1][Branch1][Ring1][O][C],544,17042675,5.3048,679.3
5515,[N][/C][=Branch1][Ring1][=N][\O],544,17042131,5.305,679.4
5516,[C@][Ring1][Branch2][Branch1],544,17041587,5.3051,679.6
5517,[/C][=Branch1][#Branch2][=C][/C][=C][C][=C][C][=C][Ring1][=Branch1],544,17041043,5.3053,679.7
5518,[O][C][=Branch1][C][=O][C][C][C][C],543,17040500,5.3055,679.8
5519,[C][C][N][N][=N],543,17039957,5.3056,679.9
5520,[C][C][C][C][N][C][Branch1][C],543,17039414,5.3058,680.1
5521,[O][C][=C][C][=C][C][Branch1][=Branch2][C][Branch1][C][F][Branch1][C][F][F][=C][Ring1][#Branch2],543,17038871,5.306,680.2
5522,[C][=C][Branch1][=Branch1][N+1][=Branch1][C][=O][O-1][O][Ring1][Branch2],543,17038328,5.3062,680.3
5523,[C@][Branch1][C][C][C@@H1][Ring1][Branch2][C][C][=C][C@@H1],543,17037785,5.3063,680.4
5524,[C][=Branch1][C][=O][N][C][=C][C][=C][C][=C][Ring1][=Branch1][C][=Branch1][C][=O],542,17037243,5.3065,680.6
5525,[C][Branch1][Ring1][O][C],542,17036701,5.3067,680.7
5526,[C@@H1][C][C][=Branch1][C][=O],541,17036160,5.3068,680.8
5527,[C][C][Branch1][C][C][C][=C][C][=C],541,17035619,5.307,680.9
5528,[O][C][=Branch1][C][=O][O][C],541,17035078,5.3072,681
5529,[C][C][Ring1][=Branch1][C][=Branch1][C][=O],541,17034537,5.3073,681.2
5530,[N][C][=Branch1][C][=O][C][=C][C][=C][Branch1][C][C],541,17033996,5.3075,681.3
5531,[C][C][C@][Ring1][P],541,17033455,5.3077,681.4
5532,[=C][N][C][=Branch1][C][=O][C][=C][C][=C][C][=C][Ring1][=Branch1][C][=Branch1][C][=O],541,17032914,5.3078,681.5
5533,[Branch1][C][=C][Ring1][=Branch1][C],541,17032373,5.308,681.6
5534,[C][=C][C][=C][C][=C][Ring1][=Branch1][N][Ring1][#Branch2],541,17031832,5.3082,681.7
5535,[O][=C][Branch2][Ring1][Branch1][N][C][C],541,17031291,5.3083,681.9
5536,[C@][Branch1][Ring1][C][C][C][=C][C][N][C][C],541,17030750,5.3085,682
5537,[C][C][C][Ring2][Ring1],540,17030210,5.3087,682.1
5538,[C][=C][C][Branch2][Ring2][#Branch2],540,17029670,5.3089,682.3
5539,[O][C@@H1][C][C][C][N][Ring1][Branch1][C][=Branch1][C][=O],540,17029130,5.309,682.4
5540,[C][C@@H1][Branch1][C][O][C][C][C@][Ring1][#Branch1][Branch1][C][C][C@H1][Ring1][N][C][C],540,17028590,5.3092,682.5
5541,[O][=C][N][=C],539,17028051,5.3094,682.6
5542,[C][=C][Ring2][Ring1][N][C],539,17027512,5.3095,682.7
5543,[C][=C][Ring2][Ring1][Branch2][F],539,17026973,5.3097,682.9
5544,[C][=C][C][Branch1][C][Cl][=C][Ring1][Branch2],539,17026434,5.3099,683
5545,[Branch2][C][C][C][=Branch1][C][=O][O][C],539,17025895,5.31,683.1
5546,[C][Branch1][=Branch2][N][C][C][C][C][C][Ring1][=Branch1][C][C][Ring1][N],539,17025356,5.3102,683.2
5547,[O][C][Ring1][S][=O],539,17024817,5.3104,683.3
5548,[O][=N+1][Branch1][C][O-1][C][=C][N][C][=Branch1][Ring2][=N][Ring1][Branch1],539,17024278,5.3105,683.5
5549,[O][C][=C][C][=C][C][Branch2][Ring1],538,17023740,5.3107,683.6
5550,[Branch1][C][C][Ring1][#C],538,17023202,5.3109,683.7
5551,[S][C][C][=Branch1][C][=O][O],538,17022664,5.311,683.9
5552,[S][=Branch1][C][=O][=Branch1][C][=O][C][=C][C][=C][C][=C][Ring1][=Branch1][F],538,17022126,5.3112,684
5553,[N][C][C][N][Branch2][Branch1],538,17021588,5.3114,684.1
5554,[C][C][=C][C][=C][C][=Branch1][Ring2][=C][Ring1][=Branch1][O][C][O][Ring1][=Branch1][C],538,17021050,5.3115,684.2
5555,[C][=N][C][S],537,17020513,5.3117,684.4
5556,[NH1][Ring2][Ring1][#Branch1],537,17019976,5.3119,684.5
5557,[C][S][=Branch1][C][=O][=Branch1][C][=O][N][C][=C][C][=C],537,17019439,5.312,684.6
5558,[N][=N][Ring2][Ring1][#Branch2],537,17018902,5.3122,684.7
5559,[C][C@@][Ring1][#Branch1],537,17018365,5.3124,684.8
5560,[Branch1][C][N][C][C@H1],537,17017828,5.3125,684.9
5561,[C][O][C][=C][C][=C][Branch2][Branch1][#Branch1],537,17017291,5.3127,685
5562,[N][C][C][=C][C][=N][C][=C][Ring1][=Branch1][C],537,17016754,5.3129,685.2
5563,[=Branch1][Ring2],536,17016218,5.313,685.3
5564,[C][C][C][=C][C][=C][C][Branch1],536,17015682,5.3132,685.4
5565,[C][=C][C][=C][Ring2][Ring1][Ring1],536,17015146,5.3134,685.5
5566,[C][N][Branch1][Ring2][C][C],536,17014610,5.3136,685.6
5567,[C][C][Ring1][S][=O],536,17014074,5.3137,685.8
5568,[C][=Branch1][Ring2][=N][Ring1][=Branch1][C],536,17013538,5.3139,685.9
5569,[C][C][=C][C][=C][C][Branch2][Ring1][P],536,17013002,5.3141,686
5570,[O][C][=C][C][=C][Branch1][C][F][C][=C][Ring1][#Branch1][C][=C][Ring1][=C],536,17012466,5.3142,686.1
5571,[C][=C][Branch1][C][Cl][C][=C][Ring1][#Branch1][Cl],536,17011930,5.3144,686.3
5572,[C][C][=C][N][=C][Branch1][C][N][N][=C][Ring1][#Branch1],536,17011394,5.3146,686.4
5573,[/S][=Branch1][C][=O][=Branch1][C][=O],535,17010859,5.3147,686.6
5574,[=N][C][=C][Ring1][#C],535,17010324,5.3149,686.7
5575,[C][=C][Ring1][#C][Ring2][Ring1][Ring2],535,17009789,5.3151,686.8
5576,[Branch1][C][=N][Ring1][=Branch1],535,17009254,5.3152,687
5577,[N][Branch2][Ring1][Ring1][S][=Branch1][C][=O][=Branch1][C][=O][C][=C][C][=C][Branch1][C][C][C][=C][Ring1][#Branch1],535,17008719,5.3154,687.1
5578,[C][=C][C][=C][Branch1][=Branch1][C][Branch1][C][C][=O][C][=C][Ring1][=Branch2],535,17008184,5.3156,687.2
5579,[C][Branch1][C][O][=C][C][=C][C][=C][C][Ring1][=Branch1][=N][Ring1][O],535,17007649,5.3157,687.4
5580,[C][C][Branch1][C][C][C][C][=Branch1][C][=O][C][=C][Branch1][Ring2][C][Ring1][Branch2],535,17007114,5.3159,687.5
5581,[C@@H1][C@H1],534,17006580,5.3161,687.6
5582,[C][Branch1][C][F][=C][Ring2][Ring1],534,17006046,5.3162,687.7
5583,[N][C][=Branch1][C][=O][C][=C][C][=C][Branch1][C][F],534,17005512,5.3164,687.8
5584,[C][=Branch1][C][=O][N][Branch2][Ring1][Ring2],534,17004978,5.3166,688
5585,[C][C][=C][C][=C][C][Branch2][Ring2][Ring1],534,17004444,5.3167,688.1
5586,[=Branch1][C][=Branch1][C][=O][O][C][Ring1][=Branch2],534,17003910,5.3169,688.2
5587,[N][C][=C][C][=C][C][Branch1][C][N][=C][Ring1][#Branch1],534,17003376,5.3171,688.3
5588,[N][C][=Branch1][C][=O][C@@H1][Branch1][C][N][C],534,17002842,5.3172,688.5
5589,[C][=Branch1][C][=O][N][C@@H1][Branch1][#C][C][C][=C][NH1][C][=C][C][=C][C][=C][Ring1][=Branch2][Ring1][=Branch1][C][=Branch1][C][=O],534,17002308,5.3174,688.6
5590,[C][=Branch1][=N],533,17001775,5.3176,688.7
5591,[C][=Branch1][C][=O][N][Branch1][#Branch2],533,17001242,5.3177,688.8
5592,[C][/C][=C][/C][=C][C][=C],533,17000709,5.3179,688.9
5593,[C][=C][C][=C][C][=C][Ring1][=Branch1][S][Branch1][C][N][=Branch1][C][=O][=O],533,17000176,5.3181,689.1
5594,[C][=C][Branch1][N][C][=C][C][=C][Branch1][C][O][C][=C][Ring1][#Branch1],533,16999643,5.3182,689.2
5595,[#Branch2][C][=C][C][=C][C][=C][Ring1][=Branch1][Cl][C][C][Ring1][=N],533,16999110,5.3184,689.3
5596,[C][C][O][C][=Branch1][C][=O][C][=C][Branch1][C][C][NH1],533,16998577,5.3186,689.5
5597,[N][C][=C][C][=Branch1][N][=N][C][=C][C][=C][C][=C][Ring1][#Branch2][Ring1][=Branch1][C][C][C][C][Ring1][=N],533,16998044,5.3187,689.6
5598,[N][C][C][N][Branch1][N][C][=C][C][=C][Branch1][C][Cl][C][=C][Ring1][#Branch1][C][C][Ring1][=N],533,16997511,5.3189,689.7
5599,[P][N][C][=N][C][=C][Branch1][C][N][N][=C][N][=C][Ring1][#Branch1][Ring1][#Branch2][C@H1][Branch1][C][O][C@@H1][Ring1][S][O],533,16996978,5.3191,689.9
5600,[C][Branch1][C][C][=C][C][=Branch1][C][=O][O][C][Ring1][Branch2],533,16996445,5.3192,690
5601,[N][=S],532,16995913,5.3194,690.1
5602,[O][C][Ring1],532,16995381,5.3196,690.3
5603,[C][O][C][=C][C][=C][Branch2][Ring1][=Branch1][C],532,16994849,5.3197,690.4
5604,[N][=C][Ring2][Ring1][=C],532,16994317,5.3199,690.6
5605,[O][C][Branch1][Ring1][C][O],532,16993785,5.3201,690.7
5606,[C][=C][S][Ring1][=Branch1],532,16993253,5.3202,690.8
5607,[C][=Ring2][Ring1][=N],532,16992721,5.3204,691
5608,[C][=Ring2][Ring1][O],532,16992189,5.3206,691.1
5609,[C][C][Branch1][C][C][C][Ring1][Branch2],532,16991657,5.3207,691.2
5610,[C@@H1][Ring2][Ring1][=N],532,16991125,5.3209,691.4
5611,[N][C][C][=C][C][=C][C][Branch1][=Branch2][C][Branch1][C][F][Branch1][C][F][F][=C][Ring1][#Branch2],532,16990593,5.3211,691.5
5612,[N][C][=Branch1][C][=O][C][=C][C][=C][O][Ring1][Branch1][C],532,16990061,5.3212,691.7
5613,[#Branch2][C][C][C][N][C][=Branch1][C][=N][N][C][=Branch1][C][=O][N][C@@H1][Branch1],532,16989529,5.3214,691.8
5614,[C][=C][C][Branch1][Ring2][C][Ring1][Branch1][C][Ring1][#Branch1],532,16988997,5.3216,691.9
5615,[S][=Branch1][C][=O][=Branch1][C][=O][C][=C][C][=C][C][=Branch1][Ring2][=C][Ring1][=Branch1],531,16988466,5.3217,692
5616,[C@@][Branch1][C][C][C][=Branch1][C][=O],531,16987935,5.3219,692.1
5617,[=C][S][Ring1][P],531,16987404,5.3221,692.3
5618,[C][=Branch1][C][=O][N][C@@H1][Branch1][#Branch1][C][C][=Branch1][C][=O],531,16986873,5.3222,692.4
5619,[=C][/C][=C][C][=C][C][=C][Ring1][=Branch1],531,16986342,5.3224,692.5
5620,[C@@H1][Branch1][S][N][C][=Branch1][C][=O],531,16985811,5.3226,692.6
5621,[=C][C][Branch1][Ring1][O][C][=C][Ring2][Ring1][#Branch1][O][C],531,16985280,5.3227,692.7
5622,[#Branch1][C][C][O][C][Ring1][Ring2],531,16984749,5.3229,692.9
5623,[S][=Branch1][C][=O][=Branch1][C][=O][C][Branch1][C][C],530,16984219,5.3231,693
5624,[C][NH1][C][=Branch1][C][=O],530,16983689,5.3232,693.1
5625,[C][C][N][C][C][C][Branch1],530,16983159,5.3234,693.3
5626,[C][O][C][=C][C][=C][C][=C][Ring1][=Branch1][C][N][C][=Branch1][C][=O],530,16982629,5.3236,693.4
5627,[O][=C][C][Branch1],529,16982100,5.3237,693.5
5628,[O][Ring1][O][=C],529,16981571,5.3239,693.7
5629,[C][C][=N][N][=C][Branch1],529,16981042,5.3241,693.8
5630,[C][=C][Branch2][Ring1][N],529,16980513,5.3242,693.9
5631,[C][Branch1][#Branch1][C][=Branch1][C][=O][N],529,16979984,5.3244,694.1
5632,[C][=C][C][=C][Branch1][=Branch1][C][=C][Ring1][=Branch1][F][C][=Branch1][C][=O][C][Branch1][=Branch1][C][=Branch1][C][=O][O][=C][N][Ring1][=N][C][C][C][Ring1][Ring1],529,16979455,5.3246,694.2
5633,[C][C@H1][C][N][Branch1][#Branch1][C@@H1][Branch1][C][C][C][O][C][=Branch1][C][=O],529,16978926,5.3247,694.3
5634,[C][=C][C][Branch1][C][C][=C][Ring1][#Branch1],528,16978398,5.3249,694.5
5635,[C][=C][Ring1][S][Ring1][#Branch1],528,16977870,5.325,694.6
5636,[C][Branch1][C][C][Branch1][C][C][C][N],528,16977342,5.3252,694.8
5637,[NH1][Ring2][Ring1][Branch2],528,16976814,5.3254,694.9
5638,[C][=C][NH1][N][=C][Ring1][Branch1],528,16976286,5.3255,695.1
5639,[N][Ring1][S][C][C],528,16975758,5.3257,695.2
5640,[C][C][Branch1][C][C][C][C][Branch2][Ring1],528,16975230,5.3259,695.4
5641,[N][C][=Branch1][C][=O][N][C][C][=Branch1][C][=O],528,16974702,5.326,695.5
5642,[C][C][C][Ring2][Ring1][Branch2],528,16974174,5.3262,695.6
5643,[O][C][C][C][=C][C][=C][C][=C][Ring1][=Branch1][C][=C][C][=C][C][=C][Ring1][=Branch1][Ring1][=N],528,16973646,5.3264,695.8
5644,[O][=C][Branch1][O][C][O][C][=C][C][=C][C][=C][Ring1][=Branch1],528,16973118,5.3265,695.9
5645,[C][O][C][Branch1][C][C],527,16972591,5.3267,696
5646,[O][C@H1][C][C@H1],527,16972064,5.3269,696.2
5647,[C][=C][Ring2][Ring1][Ring2][Cl],527,16971537,5.327,696.3
5648,[C][N][C][C][N][Branch1][=Branch2],527,16971010,5.3272,696.4
5649,[C][Branch1][#Branch1][C][C][=Branch1][C][=O],527,16970483,5.3274,696.5
5650,[C][C][=C][C][Branch1][=C],527,16969956,5.3275,696.6
5651,[C][N][Branch1][C][C][C][C][C][N][C][=Branch1][C][=O],527,16969429,5.3277,696.8
5652,[=N][Ring1][S][C][=C][Ring2][Ring1][=Branch1],527,16968902,5.3279,696.9
5653,[C][Branch1][=Branch2][C][=C][C][=C][C][=C][Ring1][=Branch1][=N][O][Ring1][O],527,16968375,5.328,697
5654,[N][=C][N][Ring1][Branch1][C][C][C][C][C][Ring1][#Branch1],527,16967848,5.3282,697.1
5655,[F][C][=C][C][=C],526,16967322,5.3284,697.3
5656,[C][=C][C][Branch1][O],526,16966796,5.3285,697.4
5657,[C][=C][Ring2][Ring1][Ring1][=C],526,16966270,5.3287,697.6
5658,[C][C][=C][C][=C][Branch2][Ring1][N],526,16965744,5.3289,697.7
5659,[Branch1][Ring1][C][C],526,16965218,5.329,697.9
5660,[C][C][=C][Branch2][Ring1][#Branch2],526,16964692,5.3292,698
5661,[C][C][=C][C][=C][C][Branch2][Ring1][Branch2],526,16964166,5.3294,698.1
5662,[O][C][=C][C][Branch1][=N],526,16963640,5.3295,698.3
5663,[Ring1][Branch2][O][O][Ring1][Branch2],526,16963114,5.3297,698.4
5664,[C][/C][=C][Branch1][C][/C],526,16962588,5.3298,698.6
5665,[O][N+1][Branch1][C][O-1][=C][Ring1][=Branch1],526,16962062,5.33,698.7
5666,[NH1][C][=C][C][=C],525,16961537,5.3302,698.8
5667,[C][O][C][=C][C][=C][Branch2],525,16961012,5.3303,698.9
5668,[=C][C][Branch1][C][Cl],525,16960487,5.3305,699
5669,[C][O][C][=C][C][Branch1][C][Cl][=C],525,16959962,5.3307,699.1
5670,[N][#C][C][=C][N][=C],525,16959437,5.3308,699.3
5671,[C][C][=C][C][=C][C][Branch2][Ring1][Ring2],525,16958912,5.331,699.4
5672,[C][C][=C][C][=C][Branch2][Ring1][Branch2][N][C][=Branch1][C][=O],525,16958387,5.3312,699.5
5673,[C][C][=N][O][C],524,16957863,5.3313,699.7
5674,[N][C][=C][C][=C][Branch1][#Branch1],524,16957339,5.3315,699.8
5675,[C][=C][Ring2][Ring1][#Branch1][F],524,16956815,5.3317,699.9
5676,[C][C][Ring2][Ring1][#Branch1][=O],524,16956291,5.3318,700.1
5677,[Branch2][#Branch1][Ring2],524,16955767,5.332,700.2
5678,[C][=Branch1][C][=O][C][=Ring1][#Branch1],524,16955243,5.3322,700.3
5679,[Branch2][Ring1][=Branch1][C][=Branch1][C][=O],523,16954720,5.3323,700.4
5680,[C][C][C][C][Ring1][#Branch2],523,16954197,5.3325,700.6
5681,[C][Branch1][C][C][=C][Branch2][Ring1],523,16953674,5.3326,700.7
5682,[C][C][O][C][=Branch1][C][=O][C][=N],523,16953151,5.3328,700.8
5683,[Ring1][C][O][=C][Ring1][Branch2],523,16952628,5.333,700.9
5684,[O][C][=C][Ring1][P],523,16952105,5.3331,701
5685,[N][=C][Branch2][Ring1][P],523,16951582,5.3333,701.2
5686,[C][=C][N][=C][S][Ring1][Branch1],523,16951059,5.3335,701.3
5687,[O][C][Branch1][C][C][C][Ring1][Branch2],523,16950536,5.3336,701.4
5688,[C][C][C@H1][Ring1][=Branch1][C][=Branch1][C][=O],523,16950013,5.3338,701.5
5689,[C][=Branch1][C][=O][N][Ring1][S],523,16949490,5.334,701.7
5690,[Branch2][Ring1][Branch1][O][C@@H1][O][C@H1][Branch1][Ring1][C][O][C@@H1][Branch1][C][O][C@H1][Branch1][C][O][C@H1][Ring1][#Branch2],523,16948967,5.3341,701.8
5691,[N][C][=C][C][Branch1][C][F][=C][C][=C][Ring1][#Branch1],523,16948444,5.3343,701.9
5692,[O][C][=C][C][=Branch1][C][=O][O][C][Ring1][=Branch1],523,16947921,5.3345,702.1
5693,[C][C][C@@][Branch1][C][O][C][=Branch1][C][=O][O][C][C][=C][Ring1][Branch2][C][=C][N][Branch1][Branch1][C][Ring1][=Branch1][=O],523,16947398,5.3346,702.2
5694,[C][N][C@H1],522,16946876,5.3348,702.4
5695,[C][=C][Ring2][Ring1][#Branch2][Cl],522,16946354,5.335,702.5
5696,[N][C][=N][C][Branch1][#C],522,16945832,5.3351,702.6
5697,[O][C][C@@H1][Ring1][=Branch1][C],522,16945310,5.3353,702.8
5698,[C][N][=C][Branch1][=N],522,16944788,5.3354,702.9
5699,[C][C][C@@][Branch1][C][C][C][=Branch2],522,16944266,5.3356,703.1
5700,[C][=C][C][=C][Branch1][#Branch1][O][C][Branch1][C][C][C][C][=C][Ring1][#Branch2],522,16943744,5.3358,703.2
5701,[Branch1][C][C][=C][C][=C][Branch1][#Branch2][O][P][=Branch1][C][=O][Branch1][C][O][O][C][=C][Ring1][O],522,16943222,5.3359,703.3
5702,[C][C@@H1][Ring1][Branch1][C][=Branch1][C][=O],521,16942701,5.3361,703.5
5703,[C][O][C][=C][C][=C][Branch1][=Branch1][N+1][=Branch1][C][=O][O-1][C][=C][Ring1][=Branch2],521,16942180,5.3363,703.6
5704,[O][C][Branch1][C][C][Branch1][C][C][O][C@H1],521,16941659,5.3364,703.7
5705,[C][=C][C][Branch2][Ring2][Branch2],521,16941138,5.3366,703.9
5706,[C][C][N][Branch2][Ring1][Ring2],521,16940617,5.3368,704
5707,[C][=Branch1][C][=O][N][C][C][C][C][Ring1][Branch1],521,16940096,5.3369,704.1
5708,[Branch1][C][N][C][C][Ring1][#Branch1],521,16939575,5.3371,704.3
5709,[C][C][=C][C][=N][C][=C][C][Branch1][C][Cl][=C][C][=C][Ring1][O][Ring1][#Branch1],521,16939054,5.3373,704.4
5710,[C][C][=C][Ring1][#Branch1],520,16938534,5.3374,704.5
5711,[=N][Ring1][O][C],520,16938014,5.3376,704.7
5712,[C][C][N][C][C][O][C][C][Ring1][=Branch1],520,16937494,5.3377,704.8
5713,[C][=C][C][=N][C][NH1],520,16936974,5.3379,704.9
5714,[S][=Branch1][C][=O][=Branch1][C][=O][C][=C][C][=C][Branch1][Ring1][O][C][C][=C][Ring1][Branch2],520,16936454,5.3381,705
5715,[C][C][C][C][C][C][N][Ring1][=Branch1],520,16935934,5.3382,705.2
5716,[C][S][C][N][=C],520,16935414,5.3384,705.3
5717,[C][=C][C][=C][Branch2][Ring1][=Branch2][N][C][=Branch1][C][=O],520,16934894,5.3386,705.4
5718,[N][C][C][C][N][C][C][O][C][C][Ring1][=Branch1][C],520,16934374,5.3387,705.5
5719,[N+1][=C][C][=C][C][=C][Ring1][=Branch1],520,16933854,5.3389,705.6
5720,[O][C][=Branch1][C][=O][NH1][Ring1][=Branch1],520,16933334,5.3391,705.8
5721,[C][=C][C][Branch1][C][F][=C][Branch1][C][F][C][=C][Ring1][Branch2],520,16932814,5.3392,705.9
5722,[C@@H1][Branch1][C][O][C][C@H1][O][C],520,16932294,5.3394,706
5723,[C][=C][Ring1][Branch2][Ring1],519,16931775,5.3395,706.1
5724,[O][C][C@@],519,16931256,5.3397,706.2
5725,[=C][C][=C][Ring2][Ring2],519,16930737,5.3399,706.4
5726,[C][C][=Branch1][C][=O][N][C@@H1][Branch2][Ring1],519,16930218,5.34,706.5
5727,[C][=C][Ring2][Ring1][=Branch2][C],519,16929699,5.3402,706.6
5728,[/C][=Branch2][Ring1][=C],519,16929180,5.3404,706.7
5729,[C@@H1][Branch1][C][O][C@H1][Branch1][C][O],519,16928661,5.3405,706.9
5730,[C][C][C@][Ring2][Ring1][#Branch1],519,16928142,5.3407,707
5731,[N][C][C][=C][N][=C],519,16927623,5.3409,707.2
5732,[C][=C][C][Branch1][=Branch1][C][Branch1][C][C][=O],519,16927104,5.341,707.3
5733,[C][C][=C][C][Branch2][Ring1][=N],519,16926585,5.3412,707.4
5734,[=C][C][=Branch1][C][=O][N][C][C][C][C][C][C][Ring1][=Branch1],519,16926066,5.3413,707.6
5735,[N][C][=N][C][Branch1][C][C][=C][Ring1][=Branch1],519,16925547,5.3415,707.7
5736,[C][N][Ring1][#C],518,16925029,5.3417,707.8
5737,[=C][C][=C][Ring2][Ring1][S],518,16924511,5.3418,708
5738,[Branch2][=Branch1][Branch2],518,16923993,5.342,708.1
5739,[N][C][=C][Branch1][=C],518,16923475,5.3422,708.2
5740,[N][C][=C][Branch1][=N],518,16922957,5.3423,708.4
5741,[C][N][C][C][C][=C][C][=C][C][=C][Ring1][=Branch1][C][Ring1][#Branch2],518,16922439,5.3425,708.5
5742,[C][=C][C][Branch2][Ring2][#Branch1],518,16921921,5.3427,708.7
5743,[C][C][=C][C][=C][C][Branch1][C][C][=C][Ring1][#Branch1][N][C][=Branch1][C][=O],518,16921403,5.3428,708.8
5744,[C][Branch1][C][Cl][=N][C][=C][Ring1][#Branch1],518,16920885,5.343,708.9
5745,[N][C][C][C][C][=C][C][=C][C][=C][Ring1][=Branch1][Ring1][#Branch2],518,16920367,5.3431,709.1
5746,[Ring2][O][C],517,16919850,5.3433,709.2
5747,[N][=C][Ring2][Ring2],517,16919333,5.3435,709.4
5748,[Ring1][=N][O],517,16918816,5.3436,709.5
5749,[Ring1][C][C][=C][Ring1][Branch2],517,16918299,5.3438,709.6
5750,[C][C][Branch1][C][C][C][C][Branch1],517,16917782,5.344,709.8
5751,[C][=C][C][=C][Branch2][Ring2][S],517,16917265,5.3441,709.9
5752,[NH1][C][Ring1][Branch1],517,16916748,5.3443,710
5753,[O][C][O][Ring1][Branch1],517,16916231,5.3445,710.2
5754,[Ring1][C][O][C][C][=C][C][=C][C][=C][Ring1][=Branch1],517,16915714,5.3446,710.3
5755,[Ring2][Branch1][O],517,16915197,5.3448,710.4
5756,[O][=C][Branch2][Ring2][C][N],517,16914680,5.3449,710.6
5757,[=C][C][=Branch1][C][=O][NH1],517,16914163,5.3451,710.7
5758,[O][C][Branch2][Ring1][=Branch1],517,16913646,5.3453,710.9
5759,[C][C][=C][C][=C][C][Branch2][Ring1][#C],517,16913129,5.3454,711
5760,[N][Branch1][=N][C][=C][C][=C][Branch1][Ring1][O][C][C][=C][Ring1][Branch2],517,16912612,5.3456,711.1
5761,[N][NH1][C][=C][C][=C][C][=C][Ring1][=Branch1][Ring1][=Branch2],517,16912095,5.3458,711.2
5762,[C][C][C][C][C][C@@H1],516,16911579,5.3459,711.3
5763,[C][=C][Branch1][=Branch2][C][=C][C][=C][N][=C][Ring1][=Branch1],516,16911063,5.3461,711.5
5764,[C][C@][Branch1][C][O],516,16910547,5.3462,711.6
5765,[=C][N][C][=Branch1][C][=O][C][C][C][C][C][C][Ring1][=Branch1],516,16910031,5.3464,711.7
5766,[Ring1][S][C][C][Ring2][Ring1][=Branch1],516,16909515,5.3466,711.9
5767,[C][C][=C][N][Branch2][Branch1],516,16908999,5.3467,712
5768,[C][N][C][=C][Branch2][Ring1][Ring1],516,16908483,5.3469,712.1
5769,[C][C][=C][C][=C][Branch2][Branch1][Ring2],516,16907967,5.3471,712.3
5770,[N][C@@H1][Branch1][#Branch2][C][C][C][N][=C][Branch1][C][N],516,16907451,5.3472,712.4
5771,[=N][C][=C][C][=C][C][Branch1][C][Cl][=C][Ring1][#Branch1][Cl][C][C][Ring1][=C],516,16906935,5.3474,712.6
5772,[Branch2][Ring1][C][C],515,16906420,5.3476,712.7
5773,[C@@][Ring1][Branch1],515,16905905,5.3477,712.8
5774,[C][=C][Ring2][Ring1][Ring2][O],515,16905390,5.3479,712.9
5775,[Branch1][C][C][C][C][Ring1][#Branch1],515,16904875,5.348,713.1
5776,[C][=C][Branch1][C][O][C][=Branch1][C][=O],515,16904360,5.3482,713.2
5777,[=C][Branch2][Ring1][Ring1],515,16903845,5.3484,713.3
5778,[N][C][Branch1][#Branch2][C][C][=C][C][=C][C][=C][Ring1][=Branch1][C][=Branch1][C][=O],515,16903330,5.3485,713.4
5779,[=C][Ring2][Ring2][O],515,16902815,5.3487,713.5
5780,[C][C@@H1][Branch1][=Branch1][C][=Branch1][C][=O][O],515,16902300,5.3489,713.6
5781,[=N][/C][=Branch1][C][=O],515,16901785,5.349,713.7
5782,[N][C][C][C][O][C][C][Ring1][=Branch1],515,16901270,5.3492,713.8
5783,[Branch2][Ring1][Branch1][C],514,16900756,5.3493,714
5784,[N][C][C][C][=C][Branch1],514,16900242,5.3495,714.1
5785,[C][=C][N][C][=C],514,16899728,5.3497,714.2
5786,[O][C@@H1][C][C@@H1],514,16899214,5.3498,714.3
5787,[C][C][=Branch1][C][=O][N][Branch1][C][C][C],514,16898700,5.35,714.4
5788,[C][=Branch1][Ring2][=C][Ring1][=Branch1][C][=N],514,16898186,5.3502,714.6
5789,[N][C][C][N][Branch2][Ring1][P],514,16897672,5.3503,714.7
5790,[N][Branch2][Ring2][#Branch1],514,16897158,5.3505,714.8
5791,[C][=C][Ring2][Ring1][Branch1][O],514,16896644,5.3506,714.9
5792,[C][Branch1][S][C][=C][C][=C][Branch1][=Branch1][N+1][=Branch1][C][=O][O-1][C][=C][Ring1][=Branch2],514,16896130,5.3508,715.1
5793,[O][C][=Branch1][C][=O][/C][=C][/C][=C][C][=C][C][=C][Ring1][=Branch1],514,16895616,5.351,715.2
5794,[=N][Ring1][O][=C],514,16895102,5.3511,715.3
5795,[Branch1][N][C][C][O],514,16894588,5.3513,715.5
5796,[C][N][C][C][C][C][C][Ring1][=Branch1][C],514,16894074,5.3515,715.6
5797,[/C][=C][Branch1][C][C],513,16893561,5.3516,715.7
5798,[O][C][Ring1][Branch2],513,16893048,5.3518,715.9
5799,[C][C@@H1][Ring1][#C],513,16892535,5.3519,716
5800,[O][C][Branch1][Branch2],513,16892022,5.3521,716.1
5801,[C][=C][C@@][Branch1][C][C],513,16891509,5.3523,716.3
5802,[C][C][C][C][N][Ring1][=Branch1],513,16890996,5.3524,716.4
5803,[C][=Branch1][C][=O][N][C][C][=C][C][=C][C][=N][Ring1][=Branch1],513,16890483,5.3526,716.6
5804,[S][S][=Branch1][C][=O][=Branch1][C][=O][N][C][C][C][C][C][Ring1][=Branch1][=C][C][=C][Ring1][#C],513,16889970,5.3528,716.7
5805,[C][C][=C][N][=C][NH1][Ring1][Branch1][C][=Branch1][C][=O],513,16889457,5.3529,716.8
5806,[C][=C][Branch1][N][NH1][C][=C][C][=C][C][=C][Ring1][=Branch2][Ring1][=Branch1][C][Ring1][=N],513,16888944,5.3531,717
5807,[C][C][Branch1][C][C][C][=C][C][=C][C][Branch1][=Branch1][C][Branch1][C][C][C][=C][Ring1][=Branch2],513,16888431,5.3533,717.1
5808,[O][=C][Branch2][Ring2][O],512,16887919,5.3534,717.2
5809,[=C][N][C][=Branch1][C][=O][C][=C][C][=N][C][=C][Ring1][=Branch1],512,16887407,5.3536,717.4
5810,[=N][C][Branch1][P],512,16886895,5.3537,717.5
5811,[C@@][Branch1][#Branch1][C][=Branch1][C][=O][O][C],512,16886383,5.3539,717.7
5812,[C][Branch2][Ring2][O],511,16885872,5.3541,717.8
5813,[S][=Branch1][C][=O][=Branch1][C][=O][N][C][C][C][C],511,16885361,5.3542,717.9
5814,[C][=C][C][=C][C][=C][Ring1][=Branch1][C][=Branch1][C][=O][N][C][C],511,16884850,5.3544,718
5815,[Branch1][/C][=C][/C],511,16884339,5.3545,718.2
5816,[C][=C][Ring2][Ring1][#Branch1][O],511,16883828,5.3547,718.3
5817,[#C][C][=C][C][=C][Branch1][C][Cl],511,16883317,5.3549,718.5
5818,[C][O][C][=N][C][=C][C][=C],511,16882806,5.355,718.6
5819,[C][O][C][=N][C][=N],511,16882295,5.3552,718.7
5820,[#Branch1][C][C][C][C][Ring1][Branch1],511,16881784,5.3554,718.8
5821,[C][=C][C][=C][Branch1][S][N][C][=Branch1][C][=O],511,16881273,5.3555,719
5822,[C][C][S][=Branch1][C][=O][=Branch1][C][=O][N][C][C],511,16880762,5.3557,719.1
5823,[C][Branch1][N][C][=C][C][=C][Branch1][C][C][C][=C][Ring1][#Branch1],511,16880251,5.3558,719.3
5824,[C][Branch1][=Branch2][N][C][C][C][C][C][Ring1][Branch1],511,16879740,5.356,719.4
5825,[N][Branch1][=Branch1][C][C][C][Ring1][Ring1][C][Ring1][=N],511,16879229,5.3562,719.5
5826,[N][C][C][N][Branch1][=Branch2][C][=N][C][=C][C][=N][Ring1][=Branch1][C][C][Ring1][N],511,16878718,5.3563,719.6
5827,[Branch1][C][2H],510,16878208,5.3565,719.8
5828,[Ring1][#Branch1][O],510,16877698,5.3567,719.9
5829,[C][C][Branch1][N][C][=C][C][=C][Branch1][C][F][C][=C][Ring1][#Branch1],510,16877188,5.3568,720.1
5830,[N][=C][Ring1][=Branch1][C][=N],510,16876678,5.357,720.2
5831,[C][C][O][C][=Branch1][C][=O][C][S][C][=N],510,16876168,5.3571,720.3
5832,[C@H1][C][C][C@],510,16875658,5.3573,720.4
5833,[C][=C][C][=C][C][=C][Ring1][=Branch1][C][C],509,16875149,5.3575,720.6
5834,[C][=C][Ring1][=Branch2][O][C],509,16874640,5.3576,720.7
5835,[N][Branch2][Ring1][Branch1][C][=Branch1][C][=O],509,16874131,5.3578,720.9
5836,[C][Branch2][Ring1][Ring1][N][C][=Branch1][C][=O],509,16873622,5.3579,721
5837,[C][C@][Ring1][Branch2],509,16873113,5.3581,721.1
5838,[C][=C][N][=C][Branch1][=Branch2],509,16872604,5.3583,721.3
5839,[C][O][C][=N][C][=C][C][=C][Ring1][=Branch1],509,16872095,5.3584,721.4
5840,[C][C][=C][C][=C][Branch1][C][F][C][=C][Ring1][#Branch1][F],509,16871586,5.3586,721.5
5841,[C][Branch1][C][C][Branch1][C][C][C][C@H1][Ring1][Branch2],509,16871077,5.3588,721.7
5842,[N][C][=C][C][=C][Branch1][N][N][C][C][N][Branch1][C][C][C][C][Ring1][#Branch1][C][=C][Ring1][=N],509,16870568,5.3589,721.8
5843,[=Branch1][C][C][C][Ring1][Ring1][NH1][N][=Ring1][Branch2],509,16870059,5.3591,722
5844,[C][N][C][C][Branch1],508,16869551,5.3592,722.1
5845,[C][C][=C][C][=C][C][=C][Ring1][=Branch1][N+1][=Branch1][C][=O][O-1],508,16869043,5.3594,722.3
5846,[C][=C][C][=C][Branch1][=Branch2][C][=C][C][=C][C][=N][Ring1][=Branch1],508,16868535,5.3596,722.4
5847,[C@@H1][Branch1][O][O][C][C][=C][C][=C][C][=C][Ring1][=Branch1],508,16868027,5.3597,722.6
5848,[O][S][Ring1][=C],508,16867519,5.3599,722.7
5849,[Branch2][Ring1][Branch1][C][C],507,16867012,5.36,722.8
5850,[=N][C][=C][Branch1],507,16866505,5.3602,722.9
5851,[C][S][S],507,16865998,5.3604,723.1
5852,[C][=C][Branch2][Ring1][Branch1][C],507,16865491,5.3605,723.2
5853,[C][Ring1][=Branch2][Branch1][C][C][C],507,16864984,5.3607,723.3
5854,[Branch1][=Branch2][N][C][C][O][C][C][Ring1][=Branch1],507,16864477,5.3609,723.4
5855,[C][N][=C][Branch1][C][C],507,16863970,5.361,723.6
5856,[C][=C][C][=C][Branch1][=N][C][=Branch1][C][=O][N][C][C],507,16863463,5.3612,723.7
5857,[C][Branch1][=Branch2][C][=C][C][=C][C][=C][Ring1][=Branch1][=C][Ring1][N],507,16862956,5.3613,723.9
5858,[=N][C][C][=C][C][=C][Branch1][C][F][C][=C][Ring1][#Branch1][C][C][Ring1][=C],507,16862449,5.3615,724
5859,[C][=C][Branch1][P][C][=Branch1][C][=O][N][Branch1][C][C][C][=Branch1][C][=O][N][Ring1][=Branch2][C][N][Ring1][=N],507,16861942,5.3617,724.1
5860,[C][N][Branch1][C][C][C][=C][C][=C],506,16861436,5.3618,724.3
5861,[Ring2][Ring1][Ring1][C][=C][Ring2][Ring1][=Branch2],506,16860930,5.362,724.5
5862,[N][=Ring1][#Branch1],506,16860424,5.3621,724.6
5863,[O][/N][=C][/C][=C],506,16859918,5.3623,724.7
5864,[C][Branch2][Ring1][O][N][C][=Branch1][C][=O],506,16859412,5.3625,724.9
5865,[N][C][Ring1][#Branch2][=O],506,16858906,5.3626,725
5866,[O][O][C][C][Branch1][C][F][Branch1][C][F][F],506,16858400,5.3628,725.2
5867,[#Branch2][C][C][C][C][C][C][C][Ring1][=Branch1][C][=Branch1][C][=O],506,16857894,5.3629,725.3
5868,[S][S][=Branch1][C][=O][=Branch1][C][=O][N][C][=N][C][=C][S][Ring1][Branch1][C][=C][Ring1][#C],506,16857388,5.3631,725.4
5869,[C][=C][Branch1][C][O][C][Branch1][=Branch2][C][Branch1][C][C][Branch1][C][C],506,16856882,5.3633,725.6
5870,[C@@][Ring2][Ring1][Ring1],505,16856377,5.3634,725.7
5871,[C@@H1][C][C@H1][Branch1],505,16855872,5.3636,725.8
5872,[=C][Ring2][Ring1][Ring2][C],505,16855367,5.3638,726
5873,[C@@H1][Ring2][Ring1][=C],505,16854862,5.3639,726.1
5874,[N][Branch1][#Branch1][C][C][C][C],505,16854357,5.3641,726.2
5875,[C][N][C][C][C][C][C][Ring1][=Branch1][C][=C][Ring1][=N],505,16853852,5.3642,726.4
5876,[C][C][=C][Branch1][C][O][C][=Branch1][C][=O],505,16853347,5.3644,726.5
5877,[C][Branch2][Ring1][C][C],504,16852843,5.3646,726.6
5878,[=Ring2][Ring1][O],504,16852339,5.3647,726.8
5879,[C][N][C][=Branch1][C][=O][N][C][Branch1],504,16851835,5.3649,726.9
5880,[C][C@][Ring1][Ring1],504,16851331,5.365,727
5881,[C][=C][C][=C][C][=C][Ring1][=Branch1][Ring2][Ring1][=N],504,16850827,5.3652,727.1
5882,[C][C@@][Ring1][Ring1],504,16850323,5.3654,727.3
5883,[Ring2][Ring1][P][C],504,16849819,5.3655,727.4
5884,[C@@H1][Ring1][N][C][C],504,16849315,5.3657,727.5
5885,[C@H1][Branch2][Ring1][P][C][C][C@@H1][C@@][Branch1][C][C][C][C],504,16848811,5.3658,727.6
5886,[S][=Branch1][C][=O][=Branch1][C][=O][C][C],503,16848308,5.366,727.8
5887,[Branch1][C][O][C][=O],503,16847805,5.3662,727.9
5888,[Branch1][C][O][=C][Branch1],503,16847302,5.3663,728
5889,[C][=N][N][Ring2][Ring1],503,16846799,5.3665,728.2
5890,[O][C@@H1][C][C@H1],503,16846296,5.3666,728.3
5891,[C][=C][C][Branch1][C][N][=N],503,16845793,5.3668,728.4
5892,[C][/N][=C],503,16845290,5.367,728.5
5893,[N][Branch2][Ring2][=Branch1],503,16844787,5.3671,728.7
5894,[Branch2][=Branch1][Branch1],503,16844284,5.3673,728.8
5895,[=C][C][=Branch1][C][=O][O][C][Branch1][C][C][Branch1][C][C],503,16843781,5.3674,728.9
5896,[C][C][N][C][Branch1][C][C][=O],503,16843278,5.3676,729
5897,[N][=N][N][Ring1][Branch1][C][=C][C][=C][C][=C][Ring1][=Branch1],503,16842775,5.3678,729.2
5898,[C@@][Ring1][S][Ring2][Ring1][Ring1][C],503,16842272,5.3679,729.3
5899,[O][C][C][C@],502,16841770,5.3681,729.4
5900,[C][=Branch1][C][=O][N][C][C][N][C][C][O][C][C][Ring1][=Branch1],502,16841268,5.3682,729.5
5901,[C][=C][Ring1][N][Cl],502,16840766,5.3684,729.7
5902,[C][=Ring2][Ring1][C],502,16840264,5.3686,729.8
5903,[N][C][C][=C][C][=C][C][Branch1][C][F][=C][Ring1][#Branch1],502,16839762,5.3687,729.9
5904,[C][C@@H1][Branch1][C][C][C@H1][C][C][C@H1],502,16839260,5.3689,730
5905,[C][Branch1][C][2H],501,16838759,5.369,730.2
5906,[C][C][Branch1][C][C][C][C][=C],501,16838258,5.3692,730.3
5907,[C][C][=Branch1][C][=O][/C][=C][/C][=C],501,16837757,5.3694,730.4
5908,[/C][=Branch2][Ring1][=Branch2],501,16837256,5.3695,730.6
5909,[=C][Branch2][Ring1][Ring2],501,16836755,5.3697,730.7
5910,[C][N][Branch1][C][C][C][C][N][C][=Branch1][C][=O][C][=C][C][=C],501,16836254,5.3698,730.8
5911,[C][C][C][=N][N][=C],501,16835753,5.37,731
5912,[#Branch1][C][C][C][C][Ring1][Branch1][C][C],501,16835252,5.3702,731.1
5913,[O][=C][C][=C][Branch1][=Branch2][C][=C][C][=C][C][=C][Ring1][=Branch1],501,16834751,5.3703,731.3
5914,[C][=N][C][Ring1][=Branch1][=C][Ring1][#Branch2],501,16834250,5.3705,731.4
5915,[Branch2][Branch1][O],500,16833750,5.3706,731.5
5916,[N][C][C][Ring1][=Branch1][C],500,16833250,5.3708,731.7
5917,[S][=Branch1][C][=O][=Branch1][C][=O][C][C][=C][C][=C][C][=C][Ring1][=Branch1],500,16832750,5.371,731.8
5918,[N][C][C][C][Branch2][Ring1][Ring2],500,16832250,5.3711,732
5919,[/C][Branch1][C][C][=C][/C@@H1],500,16831750,5.3713,732.1
5920,[C][=C][C][=C][Branch1][Ring1][O][C][N][=C][Ring1][Branch2],500,16831250,5.3714,732.3
5921,[N][=C][Branch1][N],499,16830751,5.3716,732.4
5922,[C][=C][Branch1][C][C][N][=C],499,16830252,5.3718,732.5
5923,[/C][=C][/C][=C][C][=C][N][=C][Ring1][=Branch1],499,16829753,5.3719,732.7
5924,[C][N][Branch2][Ring1][Ring2][C][=Branch1][C][=O],499,16829254,5.3721,732.8
5925,[C][=Branch1][C][=O][C][C][C][Ring1][#Branch1],499,16828755,5.3722,732.9
5926,[C][=Branch1][C][=O][C][=C][C][=C][C][=C][Ring1][=Branch1][C][Ring1][N][=O],499,16828256,5.3724,733.1
5927,[Branch2][Ring2][=Branch1][C][=Branch1][C][=O],498,16827758,5.3726,733.2
5928,[Ring1][=N][Ring1][=Branch2],498,16827260,5.3727,733.4
5929,[=N][C][=C][C][=C][C][=C][C][=C][Ring1][=Branch1][Ring1][#Branch2],498,16826762,5.3729,733.5
5930,[O][C][NH1],497,16826265,5.373,733.7
5931,[C][N][Branch1][Ring2],497,16825768,5.3732,733.8
5932,[N][C][C][C][Ring1][#Branch1],497,16825271,5.3733,733.9
5933,[O][C][C][N][Branch1][C][C][C],497,16824774,5.3735,734
5934,[N][C][Branch2][Ring1][#Branch1],497,16824277,5.3737,734.2
5935,[C][Branch2][Ring1][=Branch1][N][C][=Branch1][C][=O],497,16823780,5.3738,734.3
5936,[C][=C][C][=C][Branch1][=Branch1][C][=C][Ring1][=Branch1][Cl],497,16823283,5.374,734.5
5937,[Branch1][C][Cl][Branch1][C][Cl][Cl],497,16822786,5.3741,734.6
5938,[C][O][C][=C][C][=C][C][Branch1][C][Cl][=C][Ring1][#Branch1],496,16822290,5.3743,734.7
5939,[=C][Branch1][#C],496,16821794,5.3745,734.9
5940,[C@@H1][Branch1][C][O][C@H1][Branch1][C][O][C@@H1],496,16821298,5.3746,735
5941,[N][=C][C][Ring1][Branch1][=C][Ring1][=Branch2],496,16820802,5.3748,735.1
5942,[N][C][=Branch1][C][=O][C][C][C][N][Branch2][Ring1],496,16820306,5.3749,735.2
5943,[C][=C][C][=C][Branch1][#Branch1][C][=Branch1][C][=O][O][C],496,16819810,5.3751,735.4
5944,[=N][O][Ring1][S],496,16819314,5.3752,735.5
5945,[N][Branch1][Branch1][C][C][C][#N],496,16818818,5.3754,735.6
5946,[C][O][C][=C][C][Branch1][C][N][=C][Branch1][C][Cl][C][=C][Ring1][Branch2],496,16818322,5.3756,735.8
5947,[O][C][=C][C][=C][Branch1][C][F],495,16817827,5.3757,735.9
5948,[=C][C][Branch1][S],495,16817332,5.3759,736
5949,[Branch2][=Branch1][=C],495,16816837,5.376,736.2
5950,[C][O][C][=C][C][=Ring1][Branch1],495,16816342,5.3762,736.3
5951,[C][=Branch1][C][=O][N][C@@H1][Branch1][=Branch2],495,16815847,5.3764,736.4
5952,[C@@H1][Branch1][=C][N][C][=Branch1][C][=O],495,16815352,5.3765,736.5
5953,[N][C][C][C][N][Branch1][#Branch2][C][C][=C][C][=C][C][=C][Ring1][=Branch1][C][C][Ring1][=N],495,16814857,5.3767,736.6
5954,[C][C][O][C][=C][C][=C][C][=C][Ring1][=Branch1][O][Ring1][#Branch2],495,16814362,5.3768,736.8
5955,[C][Branch1][C][F][Branch1][C][F][C][Branch1][C][F][Branch1][C][F][C][Branch1][C][F][Branch1][C][F][C][Branch1][C][F][Branch1][C][F],495,16814037,5.3769,736.9
5956,[C][=C][C][=Branch1][Ring2][=C][Ring1][Branch2],495,16813542,5.3771,737
5957,[C][N][C][C][C][N],494,16813048,5.3773,737.1
5958,[/C][=C][/C][=C][Branch1][C][C],494,16812554,5.3774,737.3
5959,[C][C][C][Ring1][N],494,16812060,5.3776,737.4
5960,[C][C][Branch1][C][C][Branch1][C][C][C][=C][C][=C][Branch2][Ring2],494,16811566,5.3777,737.5
5961,[C][C][C@@H1][Branch2][Ring1],494,16811072,5.3779,737.6
5962,[C][O][C][=C][C][=C][C][=C][Ring1][=Branch1][Cl],494,16810578,5.378,737.7
5963,[P][=Branch1][C][=O][Branch1][C][O-1],494,16810084,5.3782,737.8
5964,[C][=Branch1][C][=O][N][C][=C][C][=C][Branch1][C][C][C][=C][Ring1][#Branch1],494,16809590,5.3784,738
5965,[C][=C][C][=C][Branch1][#Branch1][O][C][Branch1][C][C][=O],494,16809096,5.3785,738.1
5966,[C][C][C][=C][C][=Branch1][C][=O],494,16808602,5.3787,738.2
5967,[N][C][=N][C][=N][C][S],494,16808108,5.3788,738.3
5968,[N][Branch1][N][C][=C][C][=C][C][Branch1][C][Cl][=C][Ring1][#Branch1],494,16807614,5.379,738.4
5969,[C@H1][Branch1][N][C][=C][C][=C][C][Branch1][C][Cl][=C][Ring1][#Branch1],494,16807120,5.3791,738.5
5970,[C][=N+1][Branch1][C][O-1],494,16806626,5.3793,738.7
5971,[C][C@@][Branch1][C][O][Branch1],494,16806132,5.3795,738.8
5972,[C][C][=C][C][=C][C][=N][Ring1][=Branch1][C],494,16805638,5.3796,738.9
5973,[C][=C][C][=C][C][Branch1][=Branch1][C][Branch1][C][N][=O][=C][Ring1][=Branch2],494,16805144,5.3798,739.1
5974,[C][=C][Ring2][Ring1][C][C][=Branch1][C][=O],493,16804651,5.3799,739.2
5975,[C][Ring1][=Branch1][=C],493,16804158,5.3801,739.3
5976,[Branch1][C][O][C][Branch1][C][F],493,16803665,5.3803,739.4
5977,[C][=C][O][C][Branch1],493,16803172,5.3804,739.6
5978,[O][C][C@@H1][Branch1][C][C],493,16802679,5.3806,739.7
5979,[C][N][Branch1][C][C][C][=C][C][=C][Branch2][Ring1],493,16802186,5.3807,739.8
5980,[N][N][=C][C][=N],493,16801693,5.3809,740
5981,[=N][Ring2][Ring1][Ring2][C][=C][Ring2][Ring1][#Branch2],493,16801200,5.381,740.1
5982,[C][N][Branch1][C][C][C][C][=C][C][=C][C][=C][Ring1][=Branch1],493,16800707,5.3812,740.2
5983,[O][C][O][P][=Branch1][C][=O][Branch1][C][O],493,16800214,5.3814,740.4
5984,[C][=N][N][C][Branch1][#Branch1][N][C][C][C][Ring1],493,16799721,5.3815,740.5
5985,[C][C][C][C][C][=Branch1][C][=O][N],492,16799229,5.3817,740.6
5986,[=C][C][=C][Ring2][Ring1][C][O],492,16798737,5.3818,740.8
5987,[C][O][C][C][=C][C][=C][C][=C][Ring1][=Branch1],492,16798245,5.382,740.9
5988,[N][C][Ring1][Branch1],492,16797753,5.3821,741
5989,[=Branch1][C][=Branch1][C][=O][O][C][=N],491,16797262,5.3823,741.1
5990,[C][Branch1][C][N][=N][C][=Ring1],491,16796771,5.3825,741.2
5991,[Branch1][=N][C][=C][C][=C][Branch1][Ring1][O][C][C][=C][Ring1][Branch2],491,16796280,5.3826,741.3
5992,[=Branch1][C][C][C][Ring1][Ring1][=N][Ring1][Branch2],491,16795789,5.3828,741.5
5993,[O][=C][Branch1][Ring1][C][Cl],491,16795298,5.3829,741.6
5994,[C@@H1][O],490,16794808,5.3831,741.7
5995,[N][C][C][N][Branch1][C][C],490,16794318,5.3832,741.8
5996,[O][C][Branch1][C][C][Branch1][C][C][O][C@@H1],490,16793828,5.3834,741.9
5997,[N][C][=C][C][Branch1][=Branch2],490,16793338,5.3836,742.1
5998,[C][C][Ring2][Ring1][=Branch1][C][=C][Ring2][Ring1][N],490,16792848,5.3837,742.2
5999,[C][C][=Branch1][C][=O][O][C@@],490,16792358,5.3839,742.3
6000,[=C][C][Branch1][Ring1][O][C][=C][Ring2][Ring1][#Branch2][O][C],490,16791868,5.384,742.4
6001,[C][N][C][C][C][Branch1][Branch1][C][C][Ring1][=Branch1],490,16791378,5.3842,742.6
6002,[C][=Branch1][C][=O][O][C][=C][Ring1][=N],489,16790889,5.3843,742.7
6003,[C][=C][Branch1][C][O][N][=C],489,16790400,5.3845,742.8
6004,[C][=C][N][=C][Branch2][Ring1][Ring2],489,16789911,5.3847,743
6005,[N][C][=C][Branch1][#C],489,16789422,5.3848,743.1
6006,[C][O][C][=C][C][=C][Branch2][Branch1][=Branch2],489,16788933,5.385,743.2
6007,[N][C][=C][N][=C][C][Branch1][C][Cl][=C][Ring1][#Branch1],489,16788444,5.3851,743.4
6008,[C][=C][Ring2][Ring2][Ring2][O][C],489,16787955,5.3853,743.5
6009,[O][C][O][P][=Branch1][C][=O][Branch1][C][O][O][P][=Branch1][C][=O][Branch1][C][O][O],489,16787466,5.3854,743.7
6010,[C][=C][C][C][C][C],488,16786978,5.3856,743.8
6011,[C][=C][C][Branch1][Branch2][C][=C][C][=C][S][Ring1][Branch1],488,16786490,5.3858,743.9
6012,[O][C][C][C][C][C][C][C][Ring1][=Branch1],488,16786002,5.3859,744.1
6013,[=C][S][C][C][=C][C][=C][Branch1][C][F][C][=C][Ring1][#Branch1],488,16785514,5.3861,744.2
6014,[N][Branch1][=Branch2][C][C][C][C][C][O],488,16785026,5.3862,744.3
6015,[C@][Branch1][C][O][C][C][C@H1],488,16784538,5.3864,744.5
6016,[N][C@@H1][C][C][C@H1][Ring1][=Branch1][C],488,16784050,5.3865,744.6
6017,[C][C][Branch1][C][C][C][C][=N],487,16783563,5.3867,744.7
6018,[C][O][C][=Branch1][C][=O][C][=C][C][=C][Branch2][Ring1],487,16783076,5.3869,744.9
6019,[O][=C][N][C][=Branch1][C][=S],487,16782589,5.387,745
6020,[C][=C][C][=N][N][Ring1][Branch1][C],487,16782102,5.3872,745.2
6021,[C][C][C][Branch1][Ring1],487,16781615,5.3873,745.3
6022,[N][=C][Branch1][C][C][C][=C][Branch1][C][C],487,16781128,5.3875,745.4
6023,[N][C][=N][C][Branch1][O],487,16780641,5.3876,745.6
6024,[=N][C][Ring1][=N][=C][Ring1][P],487,16780154,5.3878,745.7
6025,[=N][Ring1][N][=C],487,16779667,5.3879,745.8
6026,[C][=N][C][=C][C][=N][Ring1][=Branch1][C][C][Ring1],487,16779180,5.3881,745.9
6027,[C][=C][Ring1][=Branch2][C][=C][C][=C][C][=C][Ring1][=Branch1],486,16778694,5.3883,746
6028,[C][O][Ring1][#C],486,16778208,5.3884,746.2
6029,[O][=C][Branch1][N][C][=C][C][=C][Branch1][C][Cl][C][=C][Ring1][#Branch1],486,16777722,5.3886,746.3
6030,[C][O][C][=C][C][=C][Branch2][Ring2][N],486,16777236,5.3887,746.4
6031,[C][Ring1][=Branch1][C][=N],486,16776750,5.3889,746.5
6032,[N][=N][Ring2][Ring1][C],486,16776264,5.389,746.7
6033,[C][=Branch1][C][=O][N][Branch1][=N],486,16775778,5.3892,746.8
6034,[C][Branch2][Branch1][=Branch2],486,16775292,5.3894,746.9
6035,[N][C][=N][C][=C][Branch1][=Branch2],486,16774806,5.3895,747.1
6036,[N][C][C][C][Ring1][Ring1][=C],486,16774320,5.3897,747.2
6037,[Branch1][#Branch2][C][=C][C][=C][C][=C][Ring1][=Branch1][Cl],486,16773834,5.3898,747.3
6038,[C@@H1][Branch1][C][O][C@H1][Branch1][C][O][C@H1][Ring1][Branch2],486,16773348,5.39,747.5
6039,[C][=C][O][C][=Ring1][Branch1],486,16772862,5.3901,747.6
6040,[C][=C][C][=C][C][=C][Ring1][=Branch1][Ring1][N],485,16772377,5.3903,747.7
6041,[C][O][C][=C][C][=C][Branch2][Ring1][O][C],485,16771892,5.3904,747.8
6042,[C][Branch2][Ring1][Ring2][N][C][=Branch1][C][=O],485,16771407,5.3906,748
6043,[N][C][=C][C][=C][C][Branch1][P],485,16770922,5.3908,748.1
6044,[C][O][C][=C][C][=C][C][Branch2][Ring2][#Branch1],485,16770437,5.3909,748.3
6045,[S][C][=Ring1][Branch1][C][=Branch1][C][=O],485,16769952,5.3911,748.4
6046,[C][C][C][=C][C][=C][C][=C][Ring1][=Branch1][Ring1][#C],485,16769467,5.3912,748.6
6047,[Branch1][S][C][=C][C][=C][C][=Branch1][Ring2][=C][Ring1][=Branch1][O][C][O][Ring1][=Branch1],485,16768982,5.3914,748.7
6048,[C][=C][C][=C][C][=C][C][Ring1][=Branch1][=N][Ring1][#Branch2],485,16768497,5.3915,748.9
6049,[C@@H1][Branch1][C][O][C@H1][Branch1][C][C][O][Ring1][O],485,16768012,5.3917,749
6050,[C@@H1][Branch1][Ring1][C][#N],484,16767528,5.3919,749.2
6051,[S][Ring2][Ring1][=C],484,16767044,5.392,749.3
6052,[C@H1][Branch1][#C][C][C][=C][NH1][C][=C][C][=C][C][=C][Ring1][=Branch2][Ring1][=Branch1],484,16766560,5.3922,749.4
6053,[=C][C][C@@H1][C@@][Branch1][C][C][C][C],484,16766076,5.3923,749.5
6054,[C][C][Branch1][Ring1][C][#N],483,16765593,5.3925,749.7
6055,[N][Branch2][Ring1][Ring1][C][C],483,16765110,5.3926,749.8
6056,[Ring1][=N][=C][Ring1][P],483,16764627,5.3928,749.9
6057,[N][C][=Branch1][C][=O][C@H1][Branch1][#Branch1][C][C][Branch1][C][C],483,16764144,5.3929,750
6058,[/C][=N][\N],483,16763661,5.3931,750.1
6059,[C][=C][C][=C][C][=C][Ring1][=Branch1][NH1],482,16763179,5.3932,750.3
6060,[C][=C][Branch1][N][C][=Branch1][C][=O],482,16762697,5.3934,750.4
6061,[O][=C][C][=C][C][=C][C][=C][Ring1][=Branch1][C],482,16762215,5.3936,750.6
6062,[C][C][C][N][N][=N],482,16761733,5.3937,750.7
6063,[C@@][Branch1][C][C][Branch1][C][O],482,16761251,5.3939,750.8
6064,[C][=C][C][Ring1][Branch2],482,16760769,5.394,751
6065,[Branch1][C][=N][Ring1][=C],482,16760287,5.3942,751.1
6066,[C][=C][Branch1][Ring1][C][=O],482,16759805,5.3943,751.2
6067,[C][=C][C][Branch2][Ring1][=Branch2][N][C][=Branch1][C][=O],482,16759323,5.3945,751.3
6068,[N][C@H1][C][C][C@H1][Branch1],482,16758841,5.3946,751.5
6069,[#Branch1][C@H1][Branch1][C][C][C],482,16758359,5.3948,751.6
6070,[N][Branch2][Ring1][=Branch1][C][=Branch1][C][=O],481,16757878,5.395,751.8
6071,[N][C][=C][S],481,16757397,5.3951,751.9
6072,[C][Ring1][Branch2][Branch1][C][C][C],481,16756916,5.3953,752
6073,[C][=C][C][=C][Branch1][=Branch2][C][C][C][C][C][C][Ring1][=Branch1],481,16756435,5.3954,752.1
6074,[Branch2][Ring2][Ring2][N][C][=Branch1][C][=O],481,16755954,5.3956,752.3
6075,[C][=Branch1][C][=O][N][C][=C][C][=C][Branch1][Branch2],481,16755473,5.3957,752.4
6076,[O][C][Branch2][Ring1][Branch2],481,16754992,5.3959,752.5
6077,[C][=Branch1][C][=O][N][C][=C][C][=C][Branch1][P],481,16754511,5.396,752.6
6078,[C][N][C][=Branch1][C][=O][C][=C][Branch1][N][C][=C][C][=C][Branch1][C][F][C][=C][Ring1][#Branch1],481,16754030,5.3962,752.8
6079,[C@H1][Branch1][Ring1][C][O][C@@H1][Branch1][C][O][C@H1][Ring1][Branch2][O],481,16753549,5.3963,752.9
6080,[C][=Branch1][C][=O][C@H1],480,16753069,5.3965,753
6081,[O][C][Ring1][Branch1][C],480,16752589,5.3967,753.1
6082,[O][C][Branch1][C][C][Branch1][C][C][C@H1],480,16752109,5.3968,753.3
6083,[=C][Ring1][O][O],480,16751629,5.397,753.4
6084,[N][Branch1][#Branch2][C][=C][C][=C][C][=C][Ring1][=Branch1][Cl],480,16751149,5.3971,753.6
6085,[C][=C][Branch1][Branch2][C][=Ring1][Branch1][C],480,16750669,5.3973,753.7
6086,[C][C][=C][C][=C][C][=Branch1][Ring2][=C][Ring1][=Branch1][C][=Branch1][C][=O],480,16750189,5.3974,753.9
6087,[C][=C][C][=C][Branch1][C][Cl][C][=C][Ring1][#Branch1][S][Ring1][#Branch2],480,16749709,5.3976,754
6088,[O][Ring1][=C][C][=C][Ring2][Ring1][Ring2],480,16749229,5.3977,754.1
6089,[C][N][=N][NH1][N][=Ring1],480,16748749,5.3979,754.2
6090,[O][C][C][C][C][Ring1][Ring1][=N],480,16748269,5.3981,754.4
6091,[C][Branch1][C][O][Branch1][=Branch2][C][Branch1][C][F][Branch1][C][F][F][C][Branch1][C][F][Branch1][C][F][F][C][=C][Ring1][S],480,16747789,5.3982,754.5
6092,[C][C][=Branch1][C][=O][N][C][=C][Branch1][C][F][C][=C][C][=C][Ring1][#Branch1][F],480,16747309,5.3984,754.6
6093,[N][C][=Branch1][C][=O][C@H1][N][C@@H1][C][C][C@H1][Ring1][=Branch1][C],480,16746829,5.3985,754.7
6094,[C][Branch1][C][Cl][=C][Ring1][#Branch2],479,16746350,5.3987,754.8
6095,[=C][C][Branch1][=C],479,16745871,5.3988,755
6096,[N][Branch1][S][C][C],479,16745392,5.399,755.1
6097,[C][=C][C][Branch1][=Branch2][C][Branch1][C][F][Branch1][C][F][F][=N][Ring1][#Branch2],479,16744913,5.3991,755.2
6098,[C][N][Branch2][Ring2][Ring2],479,16744434,5.3993,755.3
6099,[C][O][C][=C][C][Branch2][Ring2][#Branch1],479,16743955,5.3994,755.5
6100,[Branch2][Ring2][Branch1][N][C][=Branch1][C][=O],479,16743476,5.3996,755.6
6101,[N][C][=C][C][=C][C][Branch1][O],479,16742997,5.3998,755.7
6102,[O][C][C][C][Ring1][Ring1],479,16742518,5.3999,755.8
6103,[C][=C][C][=C][Branch1][=Branch2][N][C][C][O][C][C][Ring1][=Branch1][C],479,16742039,5.4001,756
6104,[N][=C][N][=C][Ring1][=C][Ring1][P],479,16741560,5.4002,756.1
6105,[C][N+1][Branch1][C][C][Branch1][C][C][C][C],479,16741081,5.4004,756.2
6106,[N][=C][Branch1][C][N][N][=C][Branch1][C][N][C][Ring1][Branch2],479,16740602,5.4005,756.4
6107,[C][=C][C][Branch1][C][N][=C][C][=C][Ring1][#Branch1],479,16740123,5.4007,756.5
6108,[O][C@@H1][O][C@@][Branch1][C][C][C][C][C@H1][C@H1][Branch1][C][C][C][C],479,16739644,5.4008,756.6
6109,[=Branch1][C][=Branch1][C][=O][O][C][Branch1][C][O][=C][Ring1][#Branch2],479,16739165,5.401,756.8
6110,[O][N][=C],478,16738687,5.4011,756.9
6111,[C][=C][Ring2][Ring1][C][Ring1][#Branch1],478,16738209,5.4013,757
6112,[C][C][N][Branch1][=Branch2][C][=C][C][=C][C][=C][Ring1][=Branch1],478,16737731,5.4014,757.1
6113,[C][=C][Ring2][Ring1][Ring2][C],478,16737253,5.4016,757.2
6114,[N][S][=Branch1][C][=O][=Branch1][C][=O][C][=C][C][=C][Branch1][C][Br][C][=C][Ring1][#Branch1],478,16736775,5.4018,757.4
6115,[C][Branch1][Branch2][C][=C][C][=C][O][Ring1][Branch1],478,16736297,5.4019,757.5
6116,[C][=Branch1][C][=O][N][C@@H1][Branch1][=Branch1][C][C][C][C][N][C][=Branch1][C][=O],478,16735819,5.4021,757.6
6117,[C][=C][C][=C][Branch1][C][O][C][=C][Ring1][#Branch2][Ring1][#Branch1],478,16735341,5.4022,757.7
6118,[Branch2][Ring1][O][C][C],477,16734864,5.4024,757.9
6119,[C][C][Branch1][C][C][N],477,16734387,5.4025,758
6120,[N][C][C@@H1][Branch1],477,16733910,5.4027,758.1
6121,[N][=N][Ring1][=Branch2],477,16733433,5.4028,758.3
6122,[C][C][C][N][Branch1][C][C][C],477,16732956,5.403,758.4
6123,[N][C][=Branch1][C][=O][N][C][=C][C][=C][C][=C][Ring1][=Branch1],477,16732479,5.4031,758.5
6124,[C][C][C@@H1][Ring2][Ring1],477,16732002,5.4033,758.7
6125,[C][C@@H1][Branch1][#Branch1][O][C][Branch1][C][C][=O],477,16731525,5.4035,758.8
6126,[C][=N][Ring2][Ring1][#C],477,16731048,5.4036,758.9
6127,[/C][=C][/C][=C][C][=C][C][=C][Ring1][=Branch1][Cl],477,16730571,5.4038,759.1
6128,[Branch1][=N][C][=C][C][=C][Branch1][C][Cl][C][=C][Ring1][#Branch1][Cl],477,16730094,5.4039,759.2
6129,[C][Branch1][=N][C][=C][C][=C][Branch1][C][Cl][C][=C][Ring1][#Branch1][Cl],477,16729617,5.4041,759.3
6130,[C][=C][C][Branch1][C][Br][=C][Branch1][C][Br],477,16729140,5.4042,759.5
6131,[C][N][Branch1][=N][C][C][=C][C][=C][Branch1][C][F][C][=C][Ring1][#Branch1],477,16728663,5.4044,759.6
6132,[N][C][C][Branch1][C][C][=N],477,16728186,5.4045,759.8
6133,[=N][/N][C][=Branch1][C][=O],477,16727709,5.4047,759.9
6134,[C][=C][C][=C][C][=C][Ring1][=Branch1][C][Ring1][S][=O],477,16727232,5.4048,760.1
6135,[C][C][C@H1][O][C][=Branch1][C][=O][C@H1][Branch1][C][C][C][=Branch1][C][=O][C@H1][Branch1][C][C],477,16726755,5.405,760.2
6136,[#C][C][=C][C][=C][Branch1][C][C][C][Branch1][C][C][=C][Ring1][Branch2],477,16726278,5.4051,760.3
6137,[C][=C][C][Branch1][C][Cl][=C][Branch1][C][O][C][=C][Ring1][Branch2],477,16725801,5.4053,760.5
6138,[C][C@H1][Ring1][=Branch1][C],476,16725325,5.4055,760.6
6139,[C@H1][Branch2][Ring1][#C],476,16724849,5.4056,760.7
6140,[/C][=N][/N][C][=Branch1][C][=S],476,16724373,5.4058,760.8
6141,[O][C][=C][C][Branch1][=C],476,16723897,5.4059,760.9
6142,[C][=C][S][N][=N][Ring1][Branch1],476,16723421,5.4061,761.1
6143,[C][=C][C][Branch1][C][O][=C][C][=Branch1][Ring2][=C][Ring1][#Branch1],476,16722945,5.4062,761.2
6144,[C][C][Branch1][C][C][Branch1][C][C][C][C][Ring1][Branch2][=O],476,16722469,5.4064,761.3
6145,[C][C@H1][Ring1][=N],475,16721994,5.4065,761.5
6146,[O][C][C][Branch1][C][N][=O],475,16721519,5.4067,761.6
6147,[=Branch1][C][Branch1][C][C][C][C][=Branch1][C][=O],475,16721044,5.4068,761.8
6148,[S][C][Ring1][=C],475,16720569,5.407,761.9
6149,[C][=C][N][Branch1][S],475,16720094,5.4071,762.1
6150,[O][C][Branch2][Ring1][=Branch2],475,16719619,5.4073,762.2
6151,[Branch2][C][C][C][C][C][Ring1][=Branch1][C],475,16719144,5.4075,762.3
6152,[Branch2][Ring1][Ring1][S][=Branch1][C][=O][=Branch1][C][=O][C][=C][C][=C][Branch1][C][F][C][=C][Ring1][#Branch1],475,16718669,5.4076,762.5
6153,[C][C][=N][NH1][C][=Branch1][C][=O][C][=C][Ring1][#Branch1][C][C][C][C][Ring1][=Branch1],475,16718194,5.4078,762.6
6154,[Branch1][C][C][Branch1],474,16717720,5.4079,762.7
6155,[N][S][=Branch1][C][=O][=Branch1][C][=O][C][Branch1][C][F][Branch1][C][F][F],474,16717246,5.4081,762.9
6156,[C][=C][C][=C][C][Branch1][=Branch2][C][Branch1][C][F][Branch1][C][F][F][=C][Ring1][#Branch2][Cl],474,16716772,5.4082,763
6157,[=C][S][C][C][=C][C][=C][Branch1][C][Cl][C][=C][Ring1][#Branch1],474,16716298,5.4084,763.1
6158,[C][C][=C][N][=C][NH1][Ring1][Branch1],474,16715824,5.4085,763.3
6159,[/N][=C][\C][=Branch1][C][=O],474,16715350,5.4087,763.4
6160,[O][Ring2][Ring1][C][C][=C][Ring2][Ring1][Branch2],474,16714876,5.4088,763.5
6161,[C][C][C][C][C][N][Ring1][=Branch1],474,16714402,5.409,763.7
6162,[N][C][=Branch1][C][=O][C@H1][Branch1][=Branch1][C@@H1][Branch1][C][C],474,16713928,5.4091,763.8
6163,[C][=C][C][Branch1][=Branch2][C][Branch1][C][F][Branch1][C][F][F][=C][C][=N][Ring1][#Branch2],474,16713454,5.4093,764
6164,[C][=C][Ring1][O][C][=C][C][=C],473,16712981,5.4094,764.1
6165,[N][C][C][N][Branch2][Ring1][Branch1][C][=Branch1][C][=O],473,16712508,5.4096,764.3
6166,[S][C][C][Branch1][C][N][=O],473,16712035,5.4098,764.4
6167,[C][C][O][C][=Branch1][C][=O][C][=C][Branch1][C][N],473,16711562,5.4099,764.5
6168,[C][=C][C][Branch1][#Branch2][O][C][Branch1][C][F][Branch1][C][F][F],473,16711089,5.4101,764.7
6169,[=C][N][=C][C][=C][C][Ring1][=Branch1],473,16710616,5.4102,764.8
6170,[C][=Branch1][C][=O][N][C@@H1][Branch1][#Branch1][C][C][=Branch1][C][=O][O][C][=Branch1][C][=O],473,16710143,5.4104,765
6171,[C][=C][Branch1][N][C][Branch1][C][O][=C][Ring1][Branch2],473,16709670,5.4105,765.1
6172,[C][=C][C][=C][Branch1][#Branch2][N][S][Branch1][C][C][=Branch1][C][=O][=O][C][Branch1][C][F][=C][Ring1][N],473,16709197,5.4107,765.3
6173,[C][=Branch1][C][=O][O][C][Branch1][C][C],472,16708725,5.4108,765.4
6174,[C@H1][Branch1][Ring1][O][C][C],472,16708253,5.411,765.5
6175,[C][C][Branch1][C][C][Branch1][C][C][C][=N],472,16707781,5.4111,765.7
6176,[C][C][=C][C][Branch1][C][C][Branch1][C][C],472,16707309,5.4113,765.8
6177,[C][=Ring2][Ring1][C][C],472,16706837,5.4114,765.9
6178,[N][Branch1][=Branch2][S][Branch1][C][C][=Branch1][C][=O][=O],472,16706365,5.4116,766
6179,[S][S][=Branch1][C][=O][=Branch1][C][=O][C][Branch1][C][F][Branch1][C][F][F],472,16705893,5.4117,766.1
6180,[O][C][=Ring1][=C],472,16705421,5.4119,766.2
6181,[/C][=Branch1][O][=N],472,16704949,5.412,766.4
6182,[C][=C][C][=C][Branch1][#Branch2][O][C][Branch1][C][F][Branch1][C][F][F][C][=C][Ring1][O][=C],472,16704477,5.4122,766.5
6183,[C][C][N][Branch1][=C],471,16704006,5.4124,766.6
6184,[C][=Branch1][C][=O][N][C@@H1][Branch2][Ring1],471,16703535,5.4125,766.7
6185,[C][=C][Ring2][Ring1][=Branch1][O],471,16703064,5.4127,766.8
6186,[Branch2][=Branch1][P],471,16702593,5.4128,767
6187,[N][C][=Branch1][C][=S][N][C][=C][C][=C][C][=C][Ring1][=Branch1],471,16702122,5.413,767.1
6188,[C][Branch2][Ring1][N][N][C][=Branch1][C][=O],471,16701651,5.4131,767.2
6189,[S][C][=C][C][=C][C][=C][Ring1][=Branch1][Ring1][#Branch2],471,16701180,5.4133,767.3
6190,[N][Branch1][S][C][=C][C][=C][Branch1][=Branch1][N+1][=Branch1][C][=O][O-1][C][=C][Ring1][=Branch2],471,16700709,5.4134,767.5
6191,[N][S][Ring1][#C],471,16700238,5.4136,767.6
6192,[C][Ring2][Ring2][C][=O],471,16699767,5.4137,767.7
6193,[N][C][=Branch1][C][=O][C@H1][Branch1][#Branch1][C][C][=Branch1][C][=O][O][N][C][=Branch1][C][=O],471,16699296,5.4139,767.9
6194,[O][C][=Branch1][C][=O][C][=C][C][Branch1][C][O][=C][Branch1][C][O][C][Branch1][C][O][=C][Ring1][=Branch2],471,16698825,5.414,768
6195,[C][O][C][=C][C][=C][Branch1][C][F],470,16698355,5.4142,768.2
6196,[=N][C][Ring2][Ring1],470,16697885,5.4143,768.3
6197,[O][C][C][Ring1][=N],470,16697415,5.4145,768.4
6198,[C][C][Branch1][C][C][C][=C][C][=C][Branch2][Ring2],470,16696945,5.4146,768.6
6199,[C][C][Branch1][C][C][C][N][Branch2][Ring1],470,16696475,5.4148,768.7
6200,[C][C][Branch2][Ring1][Branch1],470,16696005,5.4149,768.9
6201,[N][C][C@@H1][Branch1][C][O],470,16695535,5.4151,769
6202,[S][C][=Ring1][=N],470,16695065,5.4153,769.1
6203,[C][=Ring1][Branch1][C][Branch1][C][N][=O],470,16694595,5.4154,769.3
6204,[C][=C][C][=Branch1][#Branch1],470,16694125,5.4156,769.4
6205,[C][NH1][C][=C][C][=Ring1][Branch1][C],470,16693655,5.4157,769.5
6206,[C][C@][C][C][C@H1][C@@H1][Branch1][P],470,16693185,5.4159,769.6
6207,[C][=C][Branch1][C][O][C][Branch1][=Branch2][C][Branch1][C][C][Branch1][C][C][C][=C][Ring1][#C],470,16692715,5.416,769.8
6208,[O][C][=Branch1],469,16692246,5.4162,769.9
6209,[N][Branch1][Branch1][C],469,16691777,5.4163,770.1
6210,[C][=C][C][=C][C][=C][Ring1][=Branch1][N][Branch1][C][C],469,16691308,5.4165,770.2
6211,[C][=Branch1][C][=O][O][C][=C][C][=C],469,16690839,5.4166,770.3
6212,[N][Ring2][Ring1][O][C],469,16690370,5.4168,770.5
6213,[N][C][C][=C][C][=C][Branch1][=Branch2][C][Branch1][C][F][Branch1][C][F][F][C][=C][Ring1][#Branch2],469,16689901,5.4169,770.6
6214,[C][Branch1][N][C][=C][C][=C][C][Branch1][C][Cl][=C][Ring1][#Branch1],469,16689432,5.4171,770.7
6215,[C][Branch1][N][C][=C][C][=C][C][Branch1][C][F][=C][Ring1][#Branch1],469,16688963,5.4172,770.8
6216,[C][C][=C][C][=C][Branch1][C][O][C][=C][Ring1][#Branch1][C@@][Ring1],469,16688494,5.4174,771
6217,[N][C@@H1][Branch1][Branch2][C][C][C][=Branch1][C][=O][O][C][=Branch1][C][=O][O],469,16688025,5.4175,771.1
6218,[O][C][=C][C][=C][Branch1][C][C][O][Ring1][=Branch1],469,16687556,5.4177,771.2
6219,[C][O][C][C][=Branch1][C][=O],468,16687088,5.4178,771.3
6220,[C][=Ring1][O][C],468,16686620,5.418,771.5
6221,[C][N][Branch1][S],468,16686152,5.4181,771.6
6222,[Branch1][C][Cl][=C][Ring1][=Branch2],468,16685684,5.4183,771.7
6223,[O][C][=C][S],468,16685216,5.4184,771.9
6224,[N][C][C][C][=C][NH1],468,16684748,5.4186,772
6225,[C][=C][Branch2][Ring2][=N],468,16684280,5.4188,772.1
6226,[C][Branch2][Ring1][=Branch1][C][=C][C][=C][Branch1],468,16683812,5.4189,772.3
6227,[=N][Ring1][P][C][=C][Ring2][Ring1][#Branch1],468,16683344,5.4191,772.4
6228,[C][Branch1][S][S][=Branch1][C][=O][=Branch1][C][=O][N][C][C][O][C][C][Ring1][=Branch1],468,16682876,5.4192,772.6
6229,[O][=C][Branch1][N][N][C][C][C][=C][C][=C][C][=C][Ring1][=Branch1],468,16682408,5.4194,772.7
6230,[/C][Branch1][C][O][=C][/C][=Branch1][C][=O],468,16681940,5.4195,772.8
6231,[C][Branch1][O][C][C][=N][N][Branch1][C][C][C][=Ring1][=Branch1][=N][C][Ring1][N][=C][Ring1][S],468,16681472,5.4197,773
6232,[O][=C][O][C][C],467,16681005,5.4198,773.1
6233,[C][N][C][C][N],467,16680538,5.42,773.2
6234,[C][=C][Ring1][P][O],467,16680071,5.4201,773.3
6235,[N][C][C][C][=C][C][=C][Branch1][C][F][C][=C][Ring1][#Branch1],467,16679604,5.4203,773.4
6236,[N][C][=C][C][=C][C][Branch1][=N],467,16679137,5.4204,773.6
6237,[N][C][=C][C][=N][C][=N][Ring1][=Branch1],467,16678670,5.4206,773.7
6238,[C][Branch1][=Branch1][C][Branch1][C][C][=O],467,16678203,5.4207,773.8
6239,[C][=C][C][=C][Branch1][=Branch1][C][C][C][Ring1][Ring1],467,16677736,5.4209,773.9
6240,[C][=Branch1][C][=O][N][C][C][C][C@H1][Ring1][Branch1][C],467,16677269,5.421,774
6241,[N][O][C],466,16676803,5.4212,774.2
6242,[C][C][=Branch1][C][=N],466,16676337,5.4213,774.3
6243,[N][=Ring1][O],466,16675871,5.4215,774.4
6244,[C][Branch2][Branch1][Branch2],466,16675405,5.4216,774.6
6245,[C][=C][NH1][C][Ring1][Branch1][=C][Ring1][=Branch2],466,16674939,5.4218,774.7
6246,[N][=C][Branch1][C][C][S][Ring1][=Branch1],466,16674473,5.4219,774.8
6247,[N][C][=N][C][=C][C][=C][C][=C][Ring1][=Branch1][N][Ring1][=Branch2],466,16674007,5.4221,775
6248,[Branch2][Ring2][Branch1][C],465,16673542,5.4222,775.1
6249,[C][C][N][=C][Branch1],465,16673077,5.4224,775.3
6250,[=Branch1][C][=Branch1][C][=O][O][C][=C][C][=C][C][=C][Ring1][=Branch1],465,16672612,5.4225,775.4
6251,[C][O][C][=C][C][=C][Branch1][Ring1][O][C][C][=C][Ring1][Branch2],465,16672147,5.4227,775.5
6252,[=C][N][C][=Branch1][C][=O][C][Branch1][C][F][Branch1][C][F][F],465,16671682,5.4228,775.6
6253,[N][C][C@H1][C][C][C@H1],465,16671217,5.423,775.8
6254,[N][C][C@@H1][Branch1][C][N],465,16670752,5.4232,775.9
6255,[C][O][C][=C][C][Branch2][Ring2][=Branch2],465,16670287,5.4233,776
6256,[C@H1][Branch1][#Branch1][O][C][Branch1][C][C][=O][C@@H1],465,16669822,5.4235,776.2
6257,[N][/N][=C][\C][=C],465,16669357,5.4236,776.3
6258,[C][N][C][C][C][C][Ring1][Branch1][=C],465,16668892,5.4238,776.4
6259,[Branch1][=C][C][=Branch1][C][=O][N][C][C][C][C][C][C][Ring1][=Branch1],465,16668427,5.4239,776.5
6260,[C][C@@H1][C][N][Branch1][#Branch1][C@H1][Branch1][C][C][C][O][C][=Branch1][C][=O],465,16667962,5.4241,776.7
6261,[C][Ring2][Ring2][Ring1][=O],465,16667497,5.4242,776.8
6262,[Branch1][C][O][C][Branch1][C],464,16667033,5.4244,776.9
6263,[C][C][C][Ring1][=Branch2],464,16666569,5.4245,777
6264,[N][S][=Branch1][C][=O][=Branch1][C][=O][N][C][C],464,16666105,5.4247,777.1
6265,[C][O][C][=C][C][=C][C][Branch2][Ring1][Ring2],464,16665641,5.4248,777.3
6266,[N][C][=C][C][=C][Branch2][Ring1][=N],464,16665177,5.425,777.4
6267,[C][C@@][Ring1],464,16664713,5.4251,777.5
6268,[C][Branch1][#Branch2][C][=C][C][=C][C][=C][Ring1][=Branch1][F],464,16664249,5.4253,777.6
6269,[O][Ring1][Branch1][C][C][Ring1][#C],464,16663785,5.4254,777.8
6270,[NH1][C][=C][C][=C][C][=C][Ring1][=Branch1][Ring1][#Branch2],464,16663321,5.4256,777.9
6271,[=C][C][Branch1][Ring1][O][C][=C][Ring2][Ring1][=Branch1][O][C],464,16662857,5.4257,778
6272,[C][C][=C][C][=C][Branch2][Ring2][P],463,16662394,5.4259,778.2
6273,[C][C][C][C@],463,16661931,5.426,778.3
6274,[S][N][=C][Ring1][Branch1],463,16661468,5.4262,778.4
6275,[N][C][=Branch1][C][=O][C][C][S],463,16661005,5.4263,778.6
6276,[N][C][=N][C][Branch1][#Branch2],463,16660542,5.4265,778.7
6277,[C][=C][C][=C][Branch1][C][Cl][C][=C][Ring1][#Branch1][C][C][Ring2][Ring1][Ring2],463,16660079,5.4266,778.8
6278,[O][=C][Branch1][=N][N][C][C],463,16659616,5.4268,778.9
6279,[#Branch1][C][=Branch1][C][=O][C][Cl],463,16659153,5.4269,779.1
6280,[C][Branch1][=Branch2][C][Branch1][C][F][Branch1][C][F][F][=C][Ring1][O][=C],463,16658690,5.4271,779.2
6281,[C][O][C][=C][C][Branch1][C][F][=C][C][=C][Ring1][#Branch1],463,16658227,5.4272,779.3
6282,[N][Branch1][S][C][C][=C][C][=C][Branch1][C][F][C][Branch1][C][F][=C][Ring1][Branch2],463,16657764,5.4274,779.5
6283,[C][O][C][=C][C][=C][Branch1][C][Cl],462,16657302,5.4275,779.6
6284,[C][=C][N][=C][C][=Branch1][Ring2][=C][Ring1][=Branch1],462,16656840,5.4277,779.7
6285,[Branch1][C][O][C@@H1][Branch1][C][C],462,16656378,5.4278,779.9
6286,[S][=Branch1][C][=O][=Branch1][C][=O][C][=C][C][=C][Branch1][C][Cl],462,16655916,5.428,780
6287,[C][O][C][=C][C][Branch2][Ring2][#Branch2],462,16655454,5.4281,780.2
6288,[N][C][=C][C][=C][C][=C][Ring1][=Branch1][C][=C][C][=C][C][=C][Ring1][=Branch1][Ring1][=N],462,16654992,5.4283,780.3
6289,[C][C][Branch1][C][C][C][=Branch1][C][=O][N],461,16654531,5.4284,780.4
6290,[C][C][=N][C][=N],461,16654070,5.4286,780.6
6291,[N][S][=Branch1][C][=O][=Branch1][C][=O][C][=C][C][=C][Branch2][Ring2],461,16653609,5.4287,780.7
6292,[#Branch2][C][C][=C][C][=C][C][=C][Ring1][=Branch1][C][=C][Ring1][=N],461,16653148,5.4289,780.9
6293,[O][C][C][C][N][Branch2][Ring1],461,16652687,5.429,781
6294,[#C][C][=C][C][=C][N][=C],461,16652226,5.4292,781.1
6295,[O][=C][Branch1][C][O][C][=C],461,16651765,5.4293,781.3
6296,[Branch1][C][O][N][=C][Ring1][#Branch1],461,16651304,5.4295,781.4
6297,[=N][C][Branch2][Ring1][Ring2],461,16650843,5.4296,781.5
6298,[#Branch1][C][C][Branch1][C][F][F],461,16650382,5.4298,781.7
6299,[C][O][C][=C][C][Branch1][=N],461,16649921,5.4299,781.8
6300,[C][=N][N][Branch1][=Branch2][C][=C][C][=C][C][=C][Ring1][=Branch1],461,16649460,5.4301,782
6301,[C@H1][Branch1][C][O][C@H1][Branch1][#Branch2][C][C][=C][C][=C][C][=C][Ring1][=Branch1][N][C][=Branch1][C][=O],461,16648999,5.4302,782.1
6302,[C@][Branch1][C][O][Branch1][=Branch2][C][N][C][=N][C][=N][Ring1][Branch1][C][=C][C][=C][Branch1][C][F][C][=C][Ring1][#Branch1][F],461,16648538,5.4304,782.3
6303,[C][=N][C][Branch1][=Branch1][C][C][C][Ring1][Ring1][=C],461,16648077,5.4305,782.4
6304,[N][=C][Branch1][=Branch2][C][Branch1][C][C][Branch1][C][C][C][C][=C][Ring1][=Branch2],461,16647616,5.4307,782.6
6305,[N][C][C][C][Branch1][Branch1][C][C][Ring1][=Branch1][C][=Branch1][C][=O],461,16647155,5.4308,782.7
6306,[C][=C][C][=C][Branch1][#Branch1][C][=C][Ring1][=Branch1][O][C][N][Branch1][C][C][C@H1],461,16646694,5.431,782.8
6307,[C][=C][C][Branch1][=Branch2][C][Branch1][C][F][Branch1][C][F][F][=C][Ring1][#Branch2],460,16646234,5.4311,782.9
6308,[=Ring2][Ring2],459,16645775,5.4313,783
6309,[N][C][=N][C][=C][C][=C][C][=C][Ring1][=Branch1],459,16645316,5.4314,783.2
6310,[C][C][Branch1][C][N],459,16644857,5.4316,783.3
6311,[N][C][Branch1][C][O],459,16644398,5.4317,783.4
6312,[N][Ring1][Branch1][C][Branch1][C][C][C][C],459,16643939,5.4319,783.5
6313,[C][C][C][N][Branch1][P],459,16643480,5.432,783.7
6314,[C][=C][N][=C][Branch1][=C],459,16643021,5.4322,783.8
6315,[O][Ring1][O][C][=C][Ring1][P],459,16642562,5.4323,783.9
6316,[C][=C][NH1][C][=C][C][=C][C][=C][Ring1][=Branch2][Ring1][=Branch1][C][C][Ring1][#C],459,16642103,5.4325,784.1
6317,[C][C][C][C][C][=N][C][Branch1][C][Cl][=C],459,16641644,5.4326,784.2
6318,[N][N][=C][Branch1][C][C][C][=C][Ring1][=Branch1],459,16641185,5.4328,784.4
6319,[C][=N][C][=C][C][=C][C][=C][Ring1][=Branch1][O][Ring1][=Branch2],459,16640726,5.4329,784.5
6320,[Branch2][C][C][C][C][C][Ring1][Branch1][C][C],459,16640267,5.4331,784.6
6321,[N][C][C][=C][C][=N][C][=C][Ring1][=Branch1][C][Ring1][=Branch2],459,16639808,5.4332,784.8
6322,[=Branch1][C][N][C][=Branch1][C][=O],458,16639350,5.4334,784.9
6323,[C][=N][N][Ring1],458,16638892,5.4335,785.1
6324,[C][C@H1][C][C][C][C],458,16638434,5.4337,785.2
6325,[N][C][C][N][Branch1][S],458,16637976,5.4338,785.3
6326,[S][=Branch1][C][=O][=Branch1][C][=O][N][C][=C][C][=C][C][=C][Ring1][=Branch1],458,16637518,5.434,785.4
6327,[C][=C][Ring2][Ring1][Branch2][O],458,16637060,5.4341,785.6
6328,[N][C][=Branch1][C][=O][C][=C][C][=C][Branch1][C][C][C][=C][Ring1][#Branch1],458,16636602,5.4343,785.7
6329,[C][C][C][C][C][C][Ring1][#Branch1],458,16636144,5.4344,785.8
6330,[O][Ring1][P][C][=C][Ring2][Ring1][#Branch1],458,16635686,5.4346,785.9
6331,[C][C][Branch1][C][F][Branch1][C][F],458,16635228,5.4347,786
6332,[N][=C][Branch1][=Branch2][C][=C][C][=C][C][=C][Ring1][=Branch1][C][Branch1][=Branch2][C][=C][C][=C][C][=C][Ring1][=Branch1],458,16634770,5.4349,786.2
6333,[O][C][=C][C][=C][Branch1][C][Cl][S][Ring1][=Branch1],458,16634312,5.435,786.3
6334,[C][=C][C][=C][Branch1][O][O][C][C][N][C][C][C][C][Ring1][Branch1][C][=C][Ring1][=C],458,16633854,5.4352,786.4
6335,[C][=C][Branch1][N][C][Branch1][C][O][=C][Ring1][Branch2][C][Ring1][=N][=O],458,16633396,5.4353,786.6
6336,[Branch1][C][C][C][C][=C],457,16632939,5.4355,786.7
6337,[Branch1][C][O][C][Ring1][Branch2],457,16632482,5.4356,786.8
6338,[C][O][C][=Branch1][C][=O][/C][=C][/C][=C],457,16632025,5.4358,787
6339,[O][C][C][=C][Branch1][C][C],457,16631568,5.4359,787.1
6340,[=C][C][Branch1][Branch2],457,16631111,5.4361,787.2
6341,[Ring1][S][Ring2][Ring1][=Branch1],457,16630654,5.4362,787.4
6342,[Ring2][Ring1][#Branch1][C],457,16630197,5.4364,787.5
6343,[Ring2][Branch1][Branch1][C],457,16629740,5.4365,787.6
6344,[C][=Branch2][Ring1][Branch1],457,16629283,5.4367,787.7
6345,[O][C][Branch1][C][N][=N],457,16628826,5.4368,787.9
6346,[C][C][C@][Branch1][=Branch1][C][=Branch1][C][=O][O][C][C][C@][Branch1][C][C],457,16628369,5.437,788
6347,[C][=C][C][=C][C][Branch1][O][/C][=C][/C][=C][C][=C][C][=N][Ring1][=Branch1][=N][NH1][C][Ring1][=N][=C][Ring1][P],457,16627912,5.4371,788.1
6348,[C@@H1][Branch1][O][C][=C][C][=Branch1][C][=O][O][C][Ring1][=Branch1],457,16627455,5.4373,788.2
6349,[C][=C][C][=C][NH1][N][=C][C][Ring1][Branch1][=C][Ring1][=Branch2],457,16626998,5.4374,788.3
6350,[O][C][C][#C],456,16626542,5.4376,788.5
6351,[C][S][C][=C][Branch1],456,16626086,5.4377,788.6
6352,[N][=C][Branch2][Ring1][S],456,16625630,5.4379,788.7
6353,[C][=C][Ring1][=C][F],456,16625174,5.438,788.9
6354,[N][C][C][=C][C][=C][C][=Branch1][Ring2][=C][Ring1][=Branch1],456,16624718,5.4382,789
6355,[N][Branch2][Ring1][#Branch1][C][=Branch1][C][=O],456,16624262,5.4383,789.1
6356,[/C][=N][/N][C][=Branch1][C][=O][C][=C][C][=C],456,16623806,5.4385,789.2
6357,[N][Branch1][=Branch2][C][=C][C][=C][C][=C][Ring1][=Branch1][C][=C][C][=C][C][=C][Ring1][=Branch1],456,16623350,5.4386,789.4
6358,[=N][O][Ring2][Ring1][Ring1],456,16622894,5.4388,789.5
6359,[C][N][N][=C][C][=C][Ring1][Branch1],456,16622438,5.4389,789.6
6360,[C][C][=C][C][=C][C][=C][C][=C][Ring1][=Branch1][N][=C][Ring1][#Branch2],456,16621982,5.4391,789.8
6361,[O][C][C][C@@H1],455,16621527,5.4392,789.9
6362,[N][C][C][O][C][C][Ring1][=Branch1][C][=C][Ring1][#C],455,16621072,5.4394,790
6363,[C][=Branch1][C][=O][O][C][C][=C][C][=C][C][=C][Ring1][=Branch1][C],455,16620617,5.4395,790.1
6364,[C][=C][S][C][=C][C][=C][C][=C][Ring1][=Branch2][Ring1][=Branch1],455,16620162,5.4397,790.3
6365,[C][C][N][Ring1][=N],455,16619707,5.4398,790.4
6366,[C][=C][C][=C][Branch1][#C][C][=Branch1][C][=O][N][C][=C][C][=C][C][=C][Ring1][=Branch1],455,16619252,5.44,790.5
6367,[C@H1][Branch1][Ring2][C][Ring1][#Branch1],455,16618797,5.4401,790.7
6368,[N+1][Branch1][C][C][Branch1][C][C][C][C],455,16618342,5.4403,790.8
6369,[C][=C][C][=C][S],454,16617888,5.4404,790.9
6370,[C][C][Branch1][C][C][C][=C][C][=C][Branch2][Ring1],454,16617434,5.4406,791.1
6371,[C][C][Ring2][Ring1][Branch1][C],454,16616980,5.4407,791.2
6372,[O][C][=C][Ring1][#Branch2],454,16616526,5.4408,791.3
6373,[C][C][C][Ring1][Ring1][=N],454,16616072,5.441,791.5
6374,[Branch2][Ring2][Ring1][Ring1],454,16615618,5.4411,791.6
6375,[=C][C][Branch1][C][Br],454,16615164,5.4413,791.7
6376,[O][=C][Branch2][Ring2][#C],454,16614710,5.4414,791.8
6377,[C][=C][N][Branch1][=N],454,16614256,5.4416,791.9
6378,[S][=Branch1][C][=O][=Branch1][C][=O][N][C][C][N][Branch1][C][C][C][C][Ring1][#Branch1],454,16613802,5.4417,792.1
6379,[O][C][=C][C][=C][Branch1][=Branch1][C][=Branch1][C][=O][O][C][=C][Ring1][=Branch2],454,16613348,5.4419,792.2
6380,[C][=Branch1][C][=O][N][O][C][=C][Ring1][#Branch2],454,16612894,5.442,792.3
6381,[=N][C][Ring1][O][=C][Ring1][#C],454,16612440,5.4422,792.5
6382,[N][Branch2][Ring1][Ring2][C][C][=C][C][=C][Branch1][=Branch2][C][Branch1][C][F][Branch1][C][F][F][C][=C][Ring1][#Branch2],454,16611986,5.4423,792.6
6383,[C][=C][C][Branch1][=Branch1][N+1][=Branch1][C][=O][O-1][=C][C][Branch1][=Branch1][N+1][=Branch1][C][=O][O-1],454,16611532,5.4425,792.7
6384,[/C][=Branch1][O][=C][/C][=C][C][=C][C][=C][Ring1][=Branch1],454,16611078,5.4426,792.8
6385,[C][=C][C][=C][C][Branch1][O][O][C][C][=C][C][=C][C][=C][Ring1][=Branch1][=C][Ring1][=C],454,16610624,5.4428,793
6386,[N][C][C][C][C][C][Branch1][Ring2][C][Ring1][#Branch1],454,16610170,5.4429,793.1
6387,[C][=C][C][=C][Branch2][Ring1][C][C][=N],453,16609717,5.4431,793.3
6388,[O][C][=C][Ring1][=Branch2],453,16609264,5.4432,793.4
6389,[Ring1][O][C][S],453,16608811,5.4434,793.5
6390,[C][=C][Ring1][=N][Ring1][#Branch1],453,16608358,5.4435,793.7
6391,[O][C][=N][NH1],453,16607905,5.4437,793.8
6392,[O][C][S][C][=N],453,16607452,5.4438,794
6393,[C][Branch1][C][F][=C][Ring2][Ring1][Ring2],453,16606999,5.444,794.1
6394,[N][C][Branch1][=Branch2][C][=C][C][=C][C][=C][Ring1][=Branch1][C][=C][C][=C][C][=C][Ring1][=Branch1],453,16606546,5.4441,794.2
6395,[C][=C][C][=C][C][=C][Ring1][=Branch1][O][C][Ring1][O][=O],453,16606093,5.4443,794.4
6396,[C][Ring1][=Branch2][=Ring1][Branch1][C],453,16605640,5.4444,794.5
6397,[C][=C][C][=C][C][=C][Ring1][=Branch1][C][=C][C][=C][C][=C][Ring1][=Branch1][Ring1][=N],453,16605187,5.4446,794.6
6398,[C][N][C][C][C@],452,16604735,5.4447,794.8
6399,[N][C][C][=C][C][=C][C][=C][Ring1][=Branch1][C][=Branch1][C][=O],452,16604283,5.4449,794.9
6400,[O][O][C][Branch1],452,16603831,5.445,795
6401,[O][C][=Branch1][C][=O][N][C][C][N][Branch1],452,16603379,5.4452,795.2
6402,[=C][C][=C][Ring2][Ring1][Ring1][O],452,16602927,5.4453,795.3
6403,[C][=C][Branch1][C][Br][C][=C][Ring1][#Branch1],452,16602475,5.4455,795.4
6404,[=C][S][Ring1][S],452,16602023,5.4456,795.6
6405,[N][C][=C][Branch1][S],452,16601571,5.4457,795.7
6406,[N][C][C][=Branch1][C][=O][N][C][C],452,16601119,5.4459,795.8
6407,[=N][N][Ring2][Ring1][=Branch1],452,16600667,5.446,796
6408,[C][=C][C][=C][C][=Branch1][Ring2][=C][Ring1][=Branch1][C][=Branch1][C][=O],452,16600215,5.4462,796.1
6409,[=N][/C][=C][\S],452,16599763,5.4463,796.2
6410,[C][Ring2][Ring2][#Branch2],452,16599311,5.4465,796.4
6411,[=C][C][=C][C][=C][C][=C][Ring1][=C][Ring1][=Branch1],452,16598859,5.4466,796.5
6412,[C][C][C][C][N][Branch1][Branch1][C][C][C][C][C][C],452,16598407,5.4468,796.7
6413,[C][Branch1][C][F][=C][Ring1][=Branch2][F],452,16597955,5.4469,796.8
6414,[C][C][O][N][=C][Branch1][=Branch2][C][=C][C][=C][C][=C][Ring1][=Branch1][C][=Ring1],452,16597503,5.4471,796.9
6415,[C][C][C][=C][C][=C][C][=C][Ring1][=Branch1][C],451,16597052,5.4472,797.1
6416,[C][Branch1][C][O][=C][Ring1][=Branch2],451,16596601,5.4474,797.2
6417,[C][C][C][C][O][Ring1][Branch1],451,16596150,5.4475,797.4
6418,[N][Branch2][Ring2][#Branch2],451,16595699,5.4477,797.5
6419,[C][=C][Ring2][Ring1][N][Cl],451,16595248,5.4478,797.6
6420,[C][C][=C][C][=Branch1][C][=O][N][Branch1],451,16594797,5.448,797.8
6421,[Ring2][C][Ring1][=Branch1][C],451,16594346,5.4481,797.9
6422,[C][=C][Branch1][Ring1][O][C][C][Branch1][Ring1][O][C][=C][Ring1][#Branch2],451,16593895,5.4483,798
6423,[C][C][=C][C][=C][C][Branch2][Ring1][S],451,16593444,5.4484,798.2
6424,[C][C][O][C][=Branch1][C][=O][N][C][C][N][Branch2][Ring2],451,16592993,5.4486,798.3
6425,[C][=C][C][=C][Branch1][C][F][C][=C][Ring1][#Branch1][S][Ring1][#Branch2],451,16592542,5.4487,798.5
6426,[Ring1][N][C][=N],450,16592092,5.4489,798.6
6427,[C][C][=C][Branch1][C][N],450,16591642,5.449,798.8
6428,[N][C][=Branch1][C][=O][N][Branch1][C][C],450,16591192,5.4492,798.9
6429,[=Branch1][C][=Branch1][C][=O][O][C][=C][C][=C],450,16590742,5.4493,799.1
6430,[C@H1][Ring1][O][C][C],450,16590292,5.4495,799.2
6431,[=N][C][=C][Ring1][S],450,16589842,5.4496,799.4
6432,[=C][C][Branch1][#Branch2],450,16589392,5.4497,799.5
6433,[C][=C][C][=C][Ring2][Ring1][Branch1],450,16588942,5.4499,799.7
6434,[C][C][C][C][=C][Branch1],450,16588492,5.45,799.8
6435,[N][Branch2][Ring2][Branch2],450,16588042,5.4502,799.9
6436,[/N+1][Branch1][C][O-1],450,16587592,5.4503,800.1
6437,[C][=Branch1][C][=O][N][C@@H1][Branch1][Ring1][C][O],450,16587142,5.4505,800.2
6438,[N][C][C@@H1][Branch1][C][O][C],450,16586692,5.4506,800.4
6439,[C][=C][C][=C][C][=C][C][=C][C][Ring1][=Branch1][=N][Ring1][#Branch2],450,16586242,5.4508,800.5
6440,[C][=Branch1][C][=O][N][Ring1][Branch2][C],450,16585792,5.4509,800.7
6441,[C][=C][C][=C][Branch1][C][Br][O][Ring1][=Branch1],450,16585342,5.4511,800.8
6442,[=C][Ring1][N][C],449,16584893,5.4512,800.9
6443,[O][C@@H1][Ring2][Ring1],449,16584444,5.4514,801
6444,[C][C][=C][C][=N][C][Branch1],449,16583995,5.4515,801.2
6445,[C][C][Ring1][=N][=O],449,16583546,5.4517,801.3
6446,[N][=C][Ring1][O][Ring1][#Branch1],449,16583097,5.4518,801.5
6447,[N][=Ring2][Ring1][O],449,16582648,5.452,801.6
6448,[N][C][C][C][Branch2][Ring1][#Branch1],449,16582199,5.4521,801.8
6449,[=N][C][Branch1][#C],449,16581750,5.4523,801.9
6450,[=N][Ring2][Ring2][Ring2],449,16581301,5.4524,802
6451,[N][C][=N][C][=C][Branch1][C][N],449,16580852,5.4526,802.2
6452,[C@H1][Branch1][C][O][C][Ring1][=Branch1],449,16580403,5.4527,802.3
6453,[C][C][C][N][C][=Branch1][C][=O][C][NH1],449,16579954,5.4528,802.4
6454,[N][C][C][C][C][C][=C][C][=C][C][=C][Ring1][=Branch1][Ring1][#Branch2],449,16579505,5.453,802.5
6455,[C][C][=C][C][Branch1][C][Br][=C][C][=C][Ring1][#Branch1],449,16579056,5.4531,802.7
6456,[=N][C][=C][C][=C][C][=C][Ring1][#C][Ring1][=Branch1],449,16578607,5.4533,802.8
6457,[Branch1][C][O][C][Branch1][C][Cl][=C][Ring1][Branch2],449,16578158,5.4534,802.9
6458,[C@@H1][Ring1][Branch1][Ring1][O][C],449,16577709,5.4536,803.1
6459,[#Branch1][N][C][C][C][Ring1][Ring1][N][N][=C][C][Branch1][=N][/C][=C][\N][C][=Branch1][C][=O][N][C][Ring1][=Branch1][=O][=C][Ring1][=N],449,16577260,5.4537,803.2
6460,[Ring2][Ring2][=Branch1][C],448,16576812,5.4539,803.3
6461,[C@@H1][Branch1][Ring1][O][C][C],448,16576364,5.454,803.4
6462,[N][#C][C][=C][C][=C][C][Branch2][Ring1],448,16575916,5.4542,803.6
6463,[O][S][Branch1][C][C][=Branch1][C][=O][=O],448,16575468,5.4543,803.7
6464,[C][C][=C][C][=C][C][Branch2][Ring1][=C],448,16575020,5.4545,803.8
6465,[C][Ring1][=C][=Ring1][#Branch2],448,16574572,5.4546,804
6466,[C][=C][Branch1][=Branch1][N+1][=Branch1][C][=O][O-1][S][Ring1][Branch2],448,16574124,5.4548,804.1
6467,[N][Branch1][=Branch2][C][C][=C][C][=C][O][Ring1][Branch1][C][=Branch1][C][=O],448,16573676,5.4549,804.3
6468,[C][#C][C][=C][C][=C][Branch1][C][N][N][=C][Ring1][#Branch1],448,16573228,5.4551,804.4
6469,[Branch1][C][N][C][=N][Ring1][#Branch1],448,16572780,5.4552,804.6
6470,[C][/C][=Branch1][Branch2][=N][\N],448,16572332,5.4554,804.7
6471,[C][Ring1][N][=C],447,16571885,5.4555,804.9
6472,[C][C@H1][C][C@@H1],447,16571438,5.4557,805
6473,[C][O][C][=Branch1][C][=O][C@@],447,16570991,5.4558,805.2
6474,[C][=C][C][=C][Branch1][=Branch2][S][Branch1][C][C][=Branch1][C][=O][=O],447,16570544,5.4559,805.3
6475,[C][Branch2][Branch1][Branch1],447,16570097,5.4561,805.5
6476,[C][C][=C][C][Branch2][Ring1][Branch1],447,16569650,5.4562,805.6
6477,[O][=C][Branch1][Branch1][N][C][C],447,16569203,5.4564,805.7
6478,[C@@][Branch1][C][O][Branch1][#Branch1][C][=Branch1][C][=O][O][C],447,16568756,5.4565,805.9
6479,[C][=C][C][=C][Branch1][#Branch2][N][S][Branch1][C][C][=Branch1][C][=O][=O][C][=C][Ring1][O],447,16568309,5.4567,806
6480,[C][C][=C][C][=C][C][Branch1][=Branch1][C][=Branch1][C][=N][N][=C][Ring1][=Branch2],447,16567862,5.4568,806.1
6481,[O-1][S+1],446,16567416,5.457,806.2
6482,[C@@H1][C][S],446,16566970,5.4571,806.3
6483,[C][=C][C][=C][Ring1][=C],446,16566524,5.4573,806.5
6484,[C][=C][C][=C][C][NH1],446,16566078,5.4574,806.6
6485,[=N][C][C][=C][C][=C][Branch1][C][C][C][=C][Ring1][#Branch1],446,16565632,5.4576,806.7
6486,[N][C][C][C][Branch1][#C],446,16565186,5.4577,806.8
6487,[O][N][C][=Branch1][C][=O][C][Branch1][C][C],446,16564740,5.4579,807
6488,[C][C@H1][Branch2][Ring1][#Branch1],446,16564294,5.458,807.1
6489,[C][O][C][=C][C][=C][C][Branch2][Ring2][Branch2],446,16563848,5.4582,807.2
6490,[C][O][C][=C][C][=C][Branch2][#Branch1],446,16563402,5.4583,807.4
6491,[C][=C][C@][Branch1][C][C][C],446,16562956,5.4584,807.5
6492,[C][Ring1][O][=Ring1][#Branch1],446,16562510,5.4586,807.7
6493,[C][=C][C][=C][N][Ring1][=Branch1][C][=Ring1][=Branch2],446,16562064,5.4587,807.8
6494,[N][N][C],445,16561619,5.4589,808
6495,[Branch1][C][C][C][N][C][=Branch1][C][=O],445,16561174,5.459,808.1
6496,[C][S][Ring2][Ring1][Branch1],445,16560729,5.4592,808.3
6497,[O][C][C][=Branch1][C][=O][N][Branch1][C][C],445,16560284,5.4593,808.4
6498,[N][C][C][N][Branch2][Ring1][C][C][=Branch1][C][=O],445,16559839,5.4595,808.5
6499,[C][C][=C][C][=C][Branch2][Ring2][S],445,16559394,5.4596,808.7
6500,[C][Ring1][Branch2][=C],445,16558949,5.4598,808.8
6501,[C][Branch2][Ring1][Ring1][C][=Branch1][C][=O][N][C][C],445,16558504,5.4599,808.9
6502,[C][C][=C][Branch2][Ring1][#C],445,16558059,5.4601,809
6503,[C][C][=C][Branch2][Ring1][Branch1],445,16557614,5.4602,809.1
6504,[O][C][C][=C][C][=C][Branch1][C][Cl][C][Branch1][C][Cl][=C][Ring1][Branch2],445,16557169,5.4604,809.3
6505,[C][O][C][C][O][C][C][O][C][C],445,16556724,5.4605,809.4
6506,[/C][=Branch2][Ring1][O][=C],445,16556279,5.4606,809.5
6507,[Ring2][Ring1][C][C][C][Ring2][Ring1][Branch2],445,16555834,5.4608,809.7
6508,[C][C][=C][Branch1][C][O][C][=C][C][=C][Ring1][#Branch1],445,16555389,5.4609,809.8
6509,[O][=C][Branch1][=C][N][C][C][=C][C][=C][Branch1][C][F][C][=C][Ring1][#Branch1],445,16554944,5.4611,810
6510,[/C][=C][/C@H1][Branch1],445,16554499,5.4612,810.1
6511,[O][C][Branch1][C][N][=C][Branch1][Ring1][C][#N],445,16554054,5.4614,810.3
6512,[C][=C][C][=C][Branch1][S][S][=Branch1][C][=O][=Branch1][C][=O][N][C][C][C][C][C][Ring1][=Branch1][C][=C][Ring1][#C],445,16553609,5.4615,810.4
6513,[N][C][=C][C][=C][Branch1][=C][O][C][C][=C][C][=C][C][Branch1][C][F][=C][Ring1][#Branch1],445,16553164,5.4617,810.5
6514,[C][C][=C][C][Branch1][C][F][=C][Branch1][C][F][C][=C][Ring1][Branch2][F],445,16552719,5.4618,810.7
6515,[N][C][=C][Branch1][Ring1][C][#N][C][=N],445,16552274,5.462,810.8
6516,[C][C][N][Branch1][#Branch2][C][C][=C][C][=C][C][=C][Ring1][=Branch1],444,16551830,5.4621,811
6517,[O][C][Ring2][Ring1][#Branch1],444,16551386,5.4623,811.2
6518,[O][=C][Branch1][C][O][C][=C][C][=C][Branch2][Ring2],444,16550942,5.4624,811.3
6519,[C][Branch1][Ring1][O][C][=C][Ring1][=Branch2],444,16550498,5.4626,811.5
6520,[C][C][N][Branch1][C][C][C][=Branch1][C][=O],444,16550054,5.4627,811.6
6521,[=C][N][Ring1][#C],444,16549610,5.4628,811.7
6522,[C][=C][C][Branch1][C][C][=C][Branch1][C][C][C][=C][Ring1][Branch2],444,16549166,5.463,811.9
6523,[C][=N][C][=C][C][=C][Ring1][#Branch2][Ring1][=Branch1],444,16548722,5.4631,812
6524,[O][C@@H1][O][C@H1][Branch1][Ring1][C][O][C@H1][Branch1][C][O][C@H1][Branch1][C][O][C@H1][Ring1][#Branch2],444,16548278,5.4633,812.1
6525,[N][C][=C][C][=C][NH1][N][=C][C][Ring1][Branch1][=C][Ring1][=Branch2],444,16547834,5.4634,812.3
6526,[S][S][=Branch1][C][=O][=Branch1][C][=O][N][C][=N][C][=N][S][Ring1][Branch1],444,16547390,5.4636,812.4
6527,[N+1][Branch1][C],443,16546947,5.4637,812.5
6528,[O][C][N][C][C],443,16546504,5.4639,812.6
6529,[O][N+1][=Branch1][C][=O][O-1],443,16546061,5.464,812.7
6530,[C][=C][C][Branch2][Ring1][Branch1][C][=Branch1][C][=O],443,16545618,5.4642,812.9
6531,[C][N][Ring1][P],443,16545175,5.4643,813
6532,[C][O][Ring1][Ring2],443,16544732,5.4645,813.1
6533,[C][C][Ring1][#C][=O],443,16544289,5.4646,813.2
6534,[C@@H1][C][C][C@][Branch1][C][C],443,16543846,5.4648,813.4
6535,[C][=Branch1][C][=O][C][=C][C][=C][Branch1][C][C][C][=C][Ring1][#Branch1],443,16543403,5.4649,813.5
6536,[C][C][N][Branch1][#Branch2][C][C][=C][C][=C][C][=C][Ring1][=Branch1][C][C][Ring1][=N],443,16542960,5.465,813.7
6537,[=N][N][Ring2][Ring1][Branch1],443,16542517,5.4652,813.8
6538,[C][=Branch1][=Branch1][=C][Ring1],443,16542074,5.4653,813.9
6539,[C][=Branch1][C][=O][N][Branch1][C][C][C][Ring1][#Branch2][=O],443,16541631,5.4655,814
6540,[C][=C][C][=C][Branch1][Ring1][S][C][C][=C][Ring1][Branch2],443,16541188,5.4656,814.2
6541,[C][Branch1][S][S][=Branch1][C][=O][=Branch1][C][=O][N][C][C][O][C][C][Ring1][=Branch1][=C][Ring1][S],443,16540745,5.4658,814.3
6542,[N][=C][Ring1][Branch2][Ring1],442,16540303,5.4659,814.4
6543,[=N][C][=C][N][=C],442,16539861,5.4661,814.5
6544,[C][=C][C][=C][C][Branch1][C][Cl][=C],442,16539419,5.4662,814.7
6545,[C][=C][Ring1][#C][F],442,16538977,5.4664,814.8
6546,[N][C][=Branch1][C][=O][/C][=C][/C],442,16538535,5.4665,815
6547,[C][=C][Ring2][Ring1][=Branch2][O],442,16538093,5.4667,815.1
6548,[O][C][C][=C][S],442,16537651,5.4668,815.2
6549,[NH1][Ring2][Ring1][=Branch2],442,16537209,5.4669,815.4
6550,[C][N][C][Branch1][#C],442,16536767,5.4671,815.5
6551,[C][C][C][=N][NH1],442,16536325,5.4672,815.7
6552,[C@@H1][Branch1][#Branch1][O][C][Branch1][C][C][=O][C@H1][Branch1][#Branch1][O][C][Branch1][C][C][=O],442,16535883,5.4674,815.8
6553,[S][C][Ring1][=Branch1][=C][Ring1][#Branch2],442,16535441,5.4675,816
6554,[C][Branch1][C][O][=N][Ring1][Branch2],442,16534999,5.4677,816.1
6555,[Branch1][C][O][C][Branch1][C][O][C][Ring1][#Branch2],442,16534557,5.4678,816.3
6556,[C][=C][N][N][=C][Branch1][Ring1][O][C][S],442,16534115,5.468,816.4
6557,[C][=C][N][N][=C][Branch1][Ring1][O][C][S][C][Ring1][#Branch1][=N][Ring1][#Branch2],442,16533673,5.4681,816.6
6558,[C][=C][N],441,16533232,5.4683,816.7
6559,[C][=C][N][=N],441,16532791,5.4684,816.8
6560,[C@][Ring1][=C],441,16532350,5.4686,816.9
6561,[C][N][=C][Ring1][=Branch2],441,16531909,5.4687,817
6562,[C][C][O][C][=C][C][=N],441,16531468,5.4688,817.2
6563,[C][C][=N][C][Branch2][Ring1][#Branch1],441,16531027,5.469,817.3
6564,[C][C][Ring1][=C][=O],441,16530586,5.4691,817.4
6565,[=N][C][=C][C][=C][C][Branch1][C][C][=C][Ring1][#Branch1],441,16530145,5.4693,817.5
6566,[=N][N][Ring1][S],441,16529704,5.4694,817.6
6567,[N][C][=C][C][=C][Branch1][#Branch2][O][C][Branch1][C][F][Branch1][C][F][F],441,16529263,5.4696,817.8
6568,[=C][C][Branch1][=Branch2][C][Branch1][C][C][Branch1][C][C],441,16528822,5.4697,817.9
6569,[=N][C][=C][C][=C][C][=C][Ring1][P][Ring1][=Branch1],441,16528381,5.4699,818
6570,[=C][Ring2][Ring1][Ring1][O],440,16527941,5.47,818.2
6571,[C][=Branch1][C][=O][C][O][C][=Branch1][C][=O],440,16527501,5.4702,818.3
6572,[N][C][=N][C][Branch1][C][Cl][=C],440,16527061,5.4703,818.4
6573,[C][C][N][C][=Branch1][C][=S],440,16526621,5.4704,818.5
6574,[N][C][=C][C][Branch1][#Branch2],440,16526181,5.4706,818.7
6575,[C][=C][Ring1][Branch1][N][C][=Branch1][C][=O],440,16525741,5.4707,818.8
6576,[C][=C][C][=C][NH1][Ring1][Branch1],440,16525301,5.4709,818.9
6577,[=N][Ring2][Ring1][Ring1][C][=C][Ring2][Ring1][=Branch2],440,16524861,5.471,819.1
6578,[N][C][=C][N][=C][C][=N][Ring1][=Branch1],440,16524421,5.4712,819.2
6579,[C][Branch1][Branch1][C][C][Ring1][=Branch1],440,16523981,5.4713,819.4
6580,[/C][=C][/C][=C][C][=C][Branch1][=Branch2][C][Branch1][C][F][Branch1][C][F][F][C][=C][Ring1][#Branch2],440,16523541,5.4715,819.5
6581,[Ring1][O][C][C@@H1][Ring1][S],440,16523101,5.4716,819.6
6582,[C][C@H1][O][C][=Branch1][C][=O],439,16522662,5.4718,819.8
6583,[Branch2][Ring2][Branch1][C][=Branch1][C][=O],439,16522223,5.4719,819.9
6584,[O][=C][C][Branch1][C][Cl][=C],439,16521784,5.472,820
6585,[C][N][Branch2][Ring1][P],439,16521345,5.4722,820.1
6586,[N][C][=Branch1][C][=O][C][=C][C][=C][C][Branch1][C][F][=C][Ring1][#Branch1],439,16520906,5.4723,820.3
6587,[C][C][N][C][Ring1][Branch1],439,16520467,5.4725,820.4
6588,[C][=C][C][=C][Branch2][Ring1][Branch2][C][=N],439,16520028,5.4726,820.5
6589,[C@@H1][Branch1][C][O][C@@H1][Branch1][C][O][C@@H1],439,16519589,5.4728,820.6
6590,[O][C][=C][C][Branch1][C][O][=C][C][=C][Ring1][#Branch1],439,16519150,5.4729,820.8
6591,[C][N][C][=C][C][=C][Ring1][Branch1][C][=Branch1][C][=O],439,16518711,5.4731,820.9
6592,[C@@H1][Branch1][C][C][C][=Branch1][C][=O][C@H1][Branch1][C][C][C@H1],439,16518272,5.4732,821
6593,[C][C][=C][C][Branch1][C][O][=C][C][Branch1][C][C][=C][Ring1][Branch2][C][C@H1][Branch1][C][N][C][=Branch1][C][=O],439,16517833,5.4734,821.2
6594,[N][C][=C][C][=C][C][=C][Ring1][=Branch1][Br],438,16517395,5.4735,821.3
6595,[O][C@H1][O][C@H1][Branch1],438,16516957,5.4736,821.5
6596,[C][Branch1][#C][O][C],438,16516519,5.4738,821.6
6597,[Branch2][Branch1][C][N][C][=Branch1][C][=O],438,16516081,5.4739,821.7
6598,[C][=Branch2][Ring1][Ring2],438,16515643,5.4741,821.9
6599,[C][Branch1][C][Cl][=N][Ring1][#Branch1],438,16515205,5.4742,822.1
6600,[C][=C][N][Branch1][C][C][C][=N][Ring1][=Branch1],438,16514767,5.4744,822.2
6601,[C][=Branch1][C][=O][N][Branch1][C][C][C][=Branch1][C][=O][N][Ring1][=Branch2][C],438,16514329,5.4745,822.3
6602,[C][C][C@][Ring1][#Branch1][Branch1][C][C][C@H1],438,16513891,5.4747,822.5
6603,[N][C][=Branch1][C][=O][C][C][=N][N][C][=C][C][=N][C][=Ring1][=Branch2][Ring1][=Branch1],438,16513453,5.4748,822.6
6604,[C][O][Ring1][=Branch1],437,16513016,5.475,822.7
6605,[C][=C][Ring1][#Branch2][O],437,16512579,5.4751,822.9
6606,[C][O][C][=C][Branch2][Ring1],437,16512142,5.4752,823
6607,[N][=Ring1][#Branch2],437,16511705,5.4754,823.1
6608,[=Branch1][C][Branch1][C][C][C][=N],437,16511268,5.4755,823.2
6609,[/C][=C][\C][C][C],437,16510831,5.4757,823.3
6610,[S][S][=Branch1][C][=O][=Branch1][C][=O][N][C][C][=C],437,16510394,5.4758,823.5
6611,[C][Branch2][Ring1][=C][N][C][=Branch1][C][=O],437,16509957,5.476,823.6
6612,[O][Ring1][#C][C][=C][Ring2][Ring1][Branch1],437,16509520,5.4761,823.7
6613,[=Branch1][C][=Branch1][C][=O][O][C][Branch1][C][C][C],437,16509083,5.4763,823.8
6614,[=N][O][Ring2][Ring1][=Branch1],437,16508646,5.4764,823.9
6615,[=C][Branch1][=Branch2][C][=C][C][=C][C][=C][Ring1][=Branch1][C],437,16508209,5.4765,824.1
6616,[N][=C][Branch1][#C][S][C][C][=Branch1][C][=O],437,16507772,5.4767,824.2
6617,[C][C][O][C][Branch1][=Branch2][C][=C][C][=C][C][=C][Ring1][=Branch1][=N][C][=Ring1],437,16507335,5.4768,824.3
6618,[O][C@H1][C][C@@][Branch1][C][C][Branch1][Ring1][O][C][C@@H1][Branch1][C][O][C@H1][Branch1][C][C][O][Ring1][O],437,16506898,5.477,824.5
6619,[N][=C][N][=C],436,16506463,5.4771,824.6
6620,[C@H1][Branch1][N][C][=C][C][=C][Branch1][C][Cl][C][=C][Ring1][#Branch1],436,16506027,5.4773,824.8
6621,[C][=C][C][=C][Ring2][Ring1][#Branch1],436,16505591,5.4774,824.9
6622,[C][Branch1][P][C][=Branch1][C][=O],436,16505155,5.4776,825
6623,[N][Ring1][#Branch2][C][=Branch1][C][=O],436,16504719,5.4777,825.2
6624,[C][C][N][Ring1][P],436,16504283,5.4779,825.3
6625,[Branch1][C][Cl][C][=C][C][=C][Ring1][#Branch1][Cl],436,16503847,5.478,825.4
6626,[#C][C][=Branch1][C][=O][N][C][C][=C][C][=C][C][=C][Ring1][=Branch1][C],436,16503411,5.4781,825.6
6627,[=Branch1][C][C][=C][C][=C][Branch1][O][O][C][C][=C][C][=C][C][=C][Ring1][=Branch1][C][=C][Ring1][=C],436,16502975,5.4783,825.7
6628,[C@@][Ring1][Branch2][Branch1][C][C],436,16502539,5.4784,825.8
6629,[=C][C][=N][S][C][=C][C][=C][C][=C][Ring1][=Branch2][Ring1][=Branch1],436,16502103,5.4786,825.9
6630,[C][Branch1][C][S],435,16501668,5.4787,826.1
6631,[C@@H1][Branch1][Ring1][C][C],435,16501233,5.4789,826.2
6632,[C@@][Ring2][Ring1][#Branch2],435,16500798,5.479,826.3
6633,[C][N][Branch1][P][C][=Branch1][C][=O],435,16500363,5.4792,826.5
6634,[O][N][=Ring1][Branch1][=C],435,16499928,5.4793,826.6
6635,[N][C][=N][C][=C][C][=C][C][=C][Ring1][=Branch1][NH1][Ring1][=Branch2],435,16499493,5.4794,826.7
6636,[C][N][C][=N][C][=N][C][=C][Ring1][=Branch1],435,16499058,5.4796,826.8
6637,[=Branch1][N][C][C][Ring1][Ring1],435,16498623,5.4797,827
6638,[C][C][C@H1][O][C][=Branch1][C][=O][C@H1][Branch1][C][C][C@@H1][Branch2][Ring1][#Branch1],435,16498188,5.4799,827.1
6639,[C][=Branch1][C][=O][N][C][C][C][C][C][Branch1][O][C][C][Branch1][Ring2][C][Ring1][=Branch1][C][Ring1][=Branch2][C][Ring1][#Branch2],435,16497753,5.48,827.2
6640,[N][C][C][C][Branch1][=Branch1][C][Branch1][C][N][=O][C][C][Ring1][=Branch2],435,16497318,5.4802,827.4
6641,[C@H1][Branch1][#Branch1][O][C][Branch1][C][C][=O][C@][Branch1][Ring1][C][C][C][=C][C][N][C][C],435,16496883,5.4803,827.5
6642,[C@H1][C][=Branch1][C][=O],434,16496449,5.4805,827.6
6643,[C][Ring2][Ring1][=Branch1][C],434,16496015,5.4806,827.7
6644,[C@H1][Branch1][=Branch1][C][=Branch1][C][=O][O],434,16495581,5.4807,827.9
6645,[C][=C][Ring1][O][C][=N],434,16495147,5.4809,828
6646,[S][=Branch1][C][=O][=Branch1][C][=O][C][=C][C][=C][C][Branch1][C][Cl][=C][Ring1][#Branch1],434,16494713,5.481,828.1
6647,[C][C][N][=C][Branch1][C][C],434,16494279,5.4812,828.2
6648,[C][=C][C][=C][Branch1][Branch2][C][=C][C][=C][S][Ring1][Branch1],434,16493845,5.4813,828.4
6649,[N][C][=C][C][Branch1][=N],434,16493411,5.4815,828.5
6650,[N][Branch1][Ring2][C][C][Cl],434,16492977,5.4816,828.6
6651,[N][C][=N][C][Branch1][=Branch2][C][=C][C][=N][C][=C][Ring1][=Branch1],434,16492543,5.4818,828.8
6652,[C][=C][C][=C][N][Ring1][=Branch2][Ring1][=Branch1],434,16492109,5.4819,828.9
6653,[S][N][C][=C][Branch1][C][C][C][=Branch1][C][=O][NH1][C][Ring1][Branch2][=O],434,16491675,5.482,829
6654,[Branch1][C][O][C@H1][C][C][=C][C][=C][Branch1][C][O][C][=C][Ring1][#Branch1][C@@][Ring1],434,16491241,5.4822,829.2
6655,[C][N][C][=Branch1][C][=O][C][Ring1][=Branch1],433,16490808,5.4823,829.3
6656,[C][=C][C][=C][N][=C][Ring1][=Branch1][Cl],433,16490375,5.4825,829.5
6657,[C][Branch1][C][F][=C][Ring1][#Branch1][F],433,16489942,5.4826,829.6
6658,[C][N][C][=N][C][=C][Branch1],433,16489509,5.4828,829.7
6659,[N][C][C][C][Branch1][Branch2],433,16489076,5.4829,829.8
6660,[C][=Branch1][C][=O][C][=C][C][=C][Branch1][C][C],433,16488643,5.483,829.9
6661,[C][C][=Branch1][C][=O][N][C][=C][C][=C][C][=Branch1][Ring2][=C][Ring1][=Branch1],433,16488210,5.4832,830
6662,[C][=N][C][Branch1][Branch2][C][=C][C][=C][S][Ring1][Branch1],433,16487777,5.4833,830.2
6663,[C][=C][C][=C][NH1][C][=N],433,16487344,5.4835,830.3
6664,[C][=C][C][=C][C][Branch2][Ring2][#Branch1],433,16486911,5.4836,830.4
6665,[O][=S][=Branch1][C][=O][Branch1][#Branch2],433,16486478,5.4838,830.5
6666,[O][C][C][C][O][C][C][Ring1][=Branch1],433,16486045,5.4839,830.7
6667,[C][/C][Branch1],433,16485612,5.4841,830.8
6668,[Branch2][C][C][C][=Branch1][C][=O][O][=C],433,16485179,5.4842,830.9
6669,[O][=C][Branch1][#Branch2][N][C][=C][C][=C][N][=C][Ring1][=Branch1],433,16484746,5.4843,831
6670,[C][Branch1][Branch2][C][C][C][C][C][Ring1][=Branch1],433,16484313,5.4845,831.2
6671,[C][=C][C][Branch1][=Branch2][C][Branch1][C][F][Branch1][C][F][F][=C][C][=C][Ring1][#Branch2][NH1][Ring1][=N],433,16483880,5.4846,831.3
6672,[C][C][C][N][C][=C][C][=N][C][=C][C][Branch1][C][Cl][=C][C][=C][Ring1][O][Ring1][#Branch1],433,16483447,5.4848,831.4
6673,[C][=N+1][Ring1][=Branch1][O-1],433,16483014,5.4849,831.6
6674,[C][C][Branch1][C][C][S][=Branch1][C][=O][=Branch1][C][=O],432,16482582,5.4851,831.7
6675,[Ring2][Ring2][Branch1][C],432,16482150,5.4852,831.9
6676,[=N][C][=C][C][Branch1],432,16481718,5.4854,832
6677,[C][C][=C][Ring1][#Branch2],432,16481286,5.4855,832.2
6678,[N][=C][Branch2][Ring1][N],432,16480854,5.4856,832.3
6679,[C][N][C][=C][Branch1][=Branch2],432,16480422,5.4858,832.5
6680,[N][C][=C][C][=C][Branch2][Ring1][P],432,16479990,5.4859,832.6
6681,[=N][C][Branch1][#Branch2],432,16479558,5.4861,832.7
6682,[S][Ring2][Ring1][S],432,16479126,5.4862,832.8
6683,[S][Ring1][=Branch1][=Branch1][C][=O][=O],432,16478694,5.4864,833
6684,[C][C][C][=C][C][=C][C][=C][Ring1][=Branch1][Ring1][=Branch2],432,16478262,5.4865,833.1
6685,[Branch2][C][=Branch1][C][=O][O][Ring1][Branch2],432,16477830,5.4866,833.2
6686,[N][C][=N][C][=C][Branch1][=C],432,16477398,5.4868,833.3
6687,[Branch1][=Branch2][C][=C][C][=C][C][=C][Ring1][=Branch1][Branch1][=Branch2][C][=C][C][=C][C][=C][Ring1][=Branch1][C][=C][C][=C][C][=C][Ring1][=Branch1],432,16476966,5.4869,833.5
6688,[C][=C][C][=C][Branch1][Branch1][O][C][C],432,16476534,5.4871,833.6
6689,[C][Branch2][Ring1][Branch1][C][=C][C][Branch1][Ring1][O][C][=C][Branch1][Ring1][O][C][C][Branch1][Ring1][O][C][=C][Ring1],432,16476102,5.4872,833.7
6690,[C][Ring2][Ring1][Ring1][=Ring1][#C],432,16475670,5.4874,833.8
6691,[=Branch1][C][=C],431,16475239,5.4875,834
6692,[Ring1][#Branch2][C][=C][Ring1][S],431,16474808,5.4877,834.1
6693,[C][=C][Ring2][Ring1][#Branch1][C],431,16474377,5.4878,834.2
6694,[C][O][C][=C][C][=Branch1][C][=O],431,16473946,5.4879,834.4
6695,[C][=C][N][Branch1][P],431,16473515,5.4881,834.5
6696,[C][Branch2][Ring1][#Branch2][N][C][=Branch1][C][=O],431,16473084,5.4882,834.6
6697,[C][O][C][=C][C][Branch2][Ring2][Branch2],431,16472653,5.4884,834.7
6698,[C][C][C][=C][S][C][=Ring1][Branch1][C][=Branch1][C][=O],431,16472222,5.4885,834.9
6699,[C][NH1][N][=C][C][Ring1][=Branch2][=Ring1][Branch1],431,16471791,5.4887,835
6700,[C@H1][Branch2][Ring1][Ring1][O][C][=Branch1][C][=O],431,16471360,5.4888,835.1
6701,[C][C][Branch1][C][C][=N][O][C][=Ring1][=Branch1][C],431,16470929,5.4889,835.2
6702,[=C][Ring2][Ring1][N][C],430,16470499,5.4891,835.3
6703,[C][C][C][C][C][N][C][C],430,16470069,5.4892,835.5
6704,[C][N][Branch1][C][C][C][=C][C][=C][Branch2][Ring2],430,16469639,5.4894,835.6
6705,[C][=Branch1][C][=O][N][C][C][C][N][C][C][O][C][C][Ring1][=Branch1],430,16469209,5.4895,835.8
6706,[C][=C][C][=C][Branch2][Ring1][Branch1][N][C][=Branch1][C][=O],430,16468779,5.4897,835.9
6707,[C][O][C][=C][C][=C][C][Branch2][Ring2][=Branch2],430,16468349,5.4898,836
6708,[C@H1][Branch1][C][O][C@H1][Branch1][C][C],430,16467919,5.4899,836.2
6709,[=Branch1][N+1][=Branch1][C][=O][O-1][=C][N][=C][Ring1][Branch2],430,16467489,5.4901,836.3
6710,[Ring1][O][=C][Ring2][Ring1][Ring1],430,16467059,5.4902,836.4
6711,[C][C@@H1][Branch1][C][O][C][C][=Branch1][C][=O],430,16466629,5.4904,836.5
6712,[N][C][=Branch1][C][=O][C@@H1][C][C][C][N][Ring1][Branch1][C],430,16466199,5.4905,836.6
6713,[C][Ring2][Ring2][Ring2][=O],430,16465769,5.4907,836.8
6714,[C][=C][C][=C][Branch1][#Branch1][C][=Branch1][C][=O][N][O][C][=C][Ring1][#Branch2],430,16465339,5.4908,836.9
6715,[C][N][C][=Branch1][C][=O][S],429,16464910,5.491,837
6716,[C][C][=C][Branch1][C][Br],429,16464481,5.4911,837.2
6717,[O][C][=Branch1][C][=S],429,16464052,5.4912,837.3
6718,[O][C][=N][C][=C][Branch1],429,16463623,5.4914,837.4
6719,[C][C][N][C][=Branch1][C][=O][C][=C][C][=C][C][=C][Ring1][=Branch1],429,16463194,5.4915,837.5
6720,[C][Branch1][=N][N][C][=C][C][=C][Branch1][C][Cl][C][=C][Ring1][#Branch1],429,16462765,5.4917,837.7
6721,[N][C][C][N][Branch1][=C][C][=Branch1][C][=O],429,16462336,5.4918,837.8
6722,[Branch1][C][C][C@H1][Ring1][#C],429,16461907,5.492,837.9
6723,[C][C@@H1][Branch1][=C],429,16461478,5.4921,838.1
6724,[O][=S][=Branch1][C][=O][Branch2][Ring1],429,16461049,5.4922,838.2
6725,[C][C][=Branch1][C][=O][N][C][=C][C][=C][Branch1][C][C][C][=C][Ring1][#Branch1],429,16460620,5.4924,838.3
6726,[C][C][Ring2][Ring1][Ring1][=O],429,16460191,5.4925,838.5
6727,[O][=C][Branch1][=N][N][C][=C][C][=C][C][Branch1][C][Cl][=C][Ring1][#Branch1],429,16459762,5.4927,838.6
6728,[C@H1][Branch1][#Branch1][N][C][Branch1][C][C][=O],429,16459333,5.4928,838.7
6729,[C][Branch2][Ring1][O][C],428,16458905,5.493,838.9
6730,[C][O][Ring1][=Branch2],428,16458477,5.4931,839
6731,[C][C][=C][C][=C][Branch2][Ring1][C][N][C][=Branch1][C][=O],428,16458049,5.4932,839.2
6732,[N][=Ring1][=C],428,16457621,5.4934,839.3
6733,[O][C][Ring2][Ring1][Branch2],428,16457193,5.4935,839.4
6734,[=N][C][Branch1][O],428,16456765,5.4937,839.6
6735,[C][=C][C][=C][Branch1][C][F][C][Branch1][C][Cl][=C][Ring1][Branch2],428,16456337,5.4938,839.8
6736,[C][=Branch1][C][=O][N][C][C][C][Ring1][Ring1],428,16455909,5.494,839.9
6737,[C][=C][Branch1][Ring2][S][Ring1][Branch1][C],428,16455481,5.4941,840
6738,[O][C][O][S][Branch1][C][N][=Branch1][C][=O][=O],428,16455053,5.4942,840.1
6739,[C][C][=C][C][Branch1][C][O][=N],428,16454625,5.4944,840.3
6740,[C][=Branch1][C][=O][C][=C][C@@H1],428,16454197,5.4945,840.4
6741,[=C][C][Branch1][Ring1][O][C][=C][Ring2][Ring1][O][O][C],428,16453769,5.4947,840.5
6742,[N][C@@H1][C][=Branch1][C][=O][N][C][Branch1][=Branch1][C][=Branch1][C][=O],428,16453341,5.4948,840.6
6743,[=N+1][Branch1][C][C],427,16452914,5.495,840.8
6744,[C][=C][C][=C][C][=C][Ring1][=Branch1][C][#N],427,16452487,5.4951,840.9
6745,[Ring1][C][C][=N],427,16452060,5.4952,841
6746,[C][=Ring2][Ring2],427,16451633,5.4954,841.2
6747,[C][=C][Branch1][C][O][C][=C],427,16451206,5.4955,841.3
6748,[NH1][Ring2][Ring1][#Branch2],427,16450779,5.4957,841.5
6749,[C][=C][C][=C][C][=C][Ring1][=Branch1][Ring2][Ring1][#Branch2],427,16450352,5.4958,841.6
6750,[O][=C][Branch2][Ring2][P],427,16449925,5.496,841.7
6751,[C][C][C@][Ring1][=Branch1],427,16449498,5.4961,841.8
6752,[C][Branch2][Branch1][=Branch1],427,16449071,5.4962,842
6753,[C][C][C][N][C][C][Ring1][=Branch1][C],427,16448644,5.4964,842.1
6754,[N][Branch1][Ring1][C][=O],427,16448217,5.4965,842.2
6755,[N][C][C][C][N][C][C][Ring1][=Branch1],427,16447790,5.4967,842.4
6756,[C][Branch1][C][C][Branch1][C][C][C][C][C][Ring1][#Branch2],427,16447363,5.4968,842.5
6757,[C][=C][Branch1][O][N][C][C][=C][C][=C][C][=C][Ring1][=Branch1],427,16446936,5.497,842.6
6758,[S][C][=C][C][=Ring1][Branch1],427,16446509,5.4971,842.8
6759,[N][C][=N][C][Branch1][=Branch2][C][=C][C][=C][C][=C][Ring1][=Branch1][=C][S][Ring1][O],427,16446082,5.4972,842.9
6760,[C][=C][Branch2][Ring1][Ring2][O][C][=C][C][=C][Branch1][=Branch2][C][Branch1][C][F][Branch1][C][F][F][C][=N][Ring1][#Branch2],427,16445655,5.4974,843
6761,[O][C@@H1][C][C][C][N][Ring1][Branch1][C][=Branch1][C][=O][C@@H1][Branch1][Branch2][N][C][=Branch1][C][=O][O][C][C][Branch1][C][C][C],427,16445228,5.4975,843.1
6762,[C@][Ring2][Ring2],426,16444802,5.4977,843.3
6763,[C][=Branch1][P],426,16444376,5.4978,843.4
6764,[C][=C][C][Branch1][C][O][=C][Branch1],426,16443950,5.4979,843.5
6765,[C][=C][C][=C][N][Ring1][Branch1],426,16443524,5.4981,843.6
6766,[C][C@H1][Branch1][#C],426,16443098,5.4982,843.7
6767,[C][=Branch1][C][=O][N][C][=C][C][=C][C][=C][Ring1][=Branch1][Cl],426,16442672,5.4984,843.9
6768,[N][C][=Branch1][C][=O][C@H1][Branch1][Branch2][C][C][C][Branch1][C][N][=O],426,16442246,5.4985,844
6769,[C][C][Branch1][C][C][=N][N][Branch1][C][C][C][=Ring1][#Branch1],426,16441820,5.4987,844.1
6770,[C][=C][Branch1][C][F][C][=C][Branch1][C][F][C][=C][Ring1][Branch2],426,16441394,5.4988,844.2
6771,[C][=C][NH1][C][=C][C][=C][Branch1][C][Br][C][=C][Ring1][#Branch2][Ring1][#Branch1],426,16440968,5.4989,844.4
6772,[C][=C][Branch2][Ring1][Ring2][O][C][=C][C][=C][Branch1][=Branch2][C][Branch1][C][F][Branch1][C][F][F][C][=N][Ring1][#Branch2][C][=C][C][Ring1][P],426,16440542,5.4991,844.5
6773,[NH1][Ring1],425,16440117,5.4992,844.7
6774,[N][Branch1][Ring1],425,16439692,5.4994,844.8
6775,[C][=Branch1][C][=O][N][C][C][C][C][C][Ring1],425,16439267,5.4995,844.9
6776,[C][C][=Branch1][C][=O][N][Branch1][C][C][C][C],425,16438842,5.4997,845
6777,[O][=C][Ring2][Ring1][Ring1],425,16438417,5.4998,845.1
6778,[/C][=C][/C][=Branch1][C][=O][N][C][C],425,16437992,5.4999,845.3
6779,[N][C][=Branch1][C][=O][C][C][C][=C][C][=C][C][=C][Ring1][=Branch1],425,16437567,5.5001,845.4
6780,[C][=C][C][Branch2][Ring2][=C],425,16437142,5.5002,845.5
6781,[C][C][Ring1][P][=O],425,16436717,5.5004,845.7
6782,[C][C][=Branch1][C][=O][N][C][=C][C][=C][C][Ring1][=Branch1],425,16436292,5.5005,845.8
6783,[C][=C][C][Branch1][C][Br][=C][N][=C][Ring1][#Branch1],425,16435867,5.5007,845.9
6784,[Branch2][C][=C][C][=C][NH1][Ring1][Branch1],425,16435442,5.5008,846.1
6785,[C][O][C][=C][C][Branch1][Ring1][O][C][=C][Branch2][Ring1],425,16435017,5.5009,846.2
6786,[N][=C][N][=C][Ring1][#C][C][=C][Ring2][Ring1][Ring1][O][C][C],425,16434592,5.5011,846.4
6787,[N][C][/C][=C][/C][=C][C][=C][C][=C][Ring1][=Branch1][C][C][Ring1][#C],425,16434167,5.5012,846.5
6788,[C][=C][C][=C][Branch1][C][O][C][=C][Ring1][#Branch1][C][C][C@H1][Ring1][O],425,16433742,5.5014,846.6
6789,[Branch1][C][N][C][=C][C][=C],424,16433318,5.5015,846.8
6790,[C][=C][C][=C][C][=C][Ring1][=Branch1][C][Ring1][P],424,16432894,5.5016,846.9
6791,[C][C][=Branch1][C][=O][C][=C][C][=C][C][Branch2][Ring1],424,16432470,5.5018,847
6792,[S][C][Ring1][=N],424,16432046,5.5019,847.2
6793,[C][=C][Branch1][C][O][C][=C][Ring1][=Branch2],424,16431622,5.5021,847.3
6794,[C][=N][Ring2][Ring1][C],424,16431198,5.5022,847.4
6795,[C][=C][C][=N][C][Branch2][Ring1][Ring2],424,16430774,5.5024,847.6
6796,[O][=C][Branch2][Ring2][S],424,16430350,5.5025,847.7
6797,[C][=C][C][Branch2][Ring1][=Branch1][N][C][=Branch1][C][=O],424,16429926,5.5026,847.8
6798,[C][Branch1][C][Br][=C][Branch1][C][Br],424,16429502,5.5028,847.9
6799,[C][=C][C][Branch1][S][C][=Branch1][C][=O][N][C][C],424,16429078,5.5029,848.1
6800,[N][=N][N][Ring1][Branch1][C][C][C][C],424,16428654,5.5031,848.2
6801,[C][C][C][=C][C][=C][N][=C][Ring1][=Branch1],423,16428231,5.5032,848.4
6802,[C][C][C@@H1][Ring1],423,16427808,5.5034,848.5
6803,[C][=Branch1][C][=O][N][C][=C][C][=C][Branch1][C][F],423,16427385,5.5035,848.6
6804,[Branch1][C][N][C][C][=C][C][=C][C][=C][Ring1][=Branch1],423,16426962,5.5036,848.8
6805,[N][C][C][=C][C][=C][C][=C][C][=C][C][=C][Ring1][#Branch2][Ring1][=Branch1],423,16426539,5.5038,848.9
6806,[C@H1][C][C][C][N][C][C],423,16426116,5.5039,849.1
6807,[=C][C][=Branch1][Ring2][=N],423,16425693,5.5041,849.2
6808,[C][C@@H1][Branch2][Ring1][#Branch2],423,16425270,5.5042,849.4
6809,[C][C][Ring2][Ring2][=Branch2],423,16424847,5.5043,849.5
6810,[Branch1][C][F][Branch1][C][F][C][C][Ring1][Branch2],423,16424424,5.5045,849.6
6811,[Branch2][C][=C][C][=C][S][Ring1][Branch1][C][C],423,16424001,5.5046,849.7
6812,[O][=P][Branch1][C][O][Branch1][C][O][C],423,16423578,5.5048,849.9
6813,[C@H1][Branch1][=C][O][C][=Branch1][C][=O][C][=C][C][=C][C][=C][Ring1][=Branch1][C@][Branch1][C][O][C],423,16423155,5.5049,850
6814,[C][C][Branch1][C][C][Branch2][Ring1],422,16422733,5.5051,850.1
6815,[C][=C][Ring1][N][C][=C],422,16422311,5.5052,850.2
6816,[/C][=Branch1][N][=N],422,16421889,5.5053,850.4
6817,[C][O][C][C][N][C][C],422,16421467,5.5055,850.5
6818,[C][C@H1][Branch1][=Branch2][C][=C][C][=C][C][=C][Ring1][=Branch1],422,16421045,5.5056,850.6
6819,[C][=Branch1][C][=O][C][=C][C][=C][Branch1][C][Br][C][=C][Ring1][#Branch1],422,16420623,5.5058,850.7
6820,[C][O][C][=C][C][Branch1][Branch2],422,16420201,5.5059,850.9
6821,[C][=C][C][Branch1][Branch2][C][=C][C][=C][O][Ring1][Branch1],422,16419779,5.506,851
6822,[O][C][C][=C][C][=C][C][=C][C][=C][C][Ring1][=Branch1][=C][Ring1][#Branch2],422,16419357,5.5062,851.1
6823,[=C][Branch1][C][C][N][Ring2][Ring1],422,16418935,5.5063,851.2
6824,[=N][O][Ring2][Ring1][Ring2],422,16418513,5.5065,851.4
6825,[S][=Branch1][C][=O][=Branch1][C][=O][C][=C][C][=C][S][Ring1][Branch1][C][C],422,16418091,5.5066,851.5
6826,[C][=C][C][=C][Branch1][C][I][C][=C][Ring1][#Branch1],422,16417669,5.5068,851.6
6827,[N][C][=Branch1][C][=O][C@@H1][C][C][C][N][Ring1][Branch1],422,16417247,5.5069,851.8
6828,[O][=C][N][C][=C][C][=C][C][=C][Ring1][=Branch1][/C][Ring1][=Branch2],422,16416825,5.507,851.9
6829,[O][C][Branch1][C][F],421,16416404,5.5072,852.1
6830,[C][N][C][=Branch1][C][=O][C@H1],421,16415983,5.5073,852.2
6831,[C][=C][Ring2][Ring1][Ring1][=N],421,16415562,5.5075,852.3
6832,[O][C][=C][Ring1][#C],421,16415141,5.5076,852.4
6833,[C][S][C][=N][C][=N],421,16414720,5.5077,852.5
6834,[Ring2][Ring1][#C][C],421,16414299,5.5079,852.6
6835,[C][C][C@@][Branch1],421,16413878,5.508,852.7
6836,[O][=C][Ring2][Ring1][P],421,16413457,5.5082,852.9
6837,[C][O][C][=C][C][Branch1][#C],421,16413036,5.5083,853
6838,[O][=C][Branch1][O][N][C][C],421,16412615,5.5084,853.1
6839,[C][C][=Branch1][C][=O][N][C][S],421,16412194,5.5086,853.2
6840,[C][Branch1][Branch2][C][C][=C][S][C][=Ring1][Branch1],421,16411773,5.5087,853.3
6841,[/N][=C][Branch1][C][/N],421,16411352,5.5089,853.4
6842,[C][Branch1][=Branch1][C][=Branch1][C][=O][O][=C][Ring1][#Branch2],421,16410931,5.509,853.6
6843,[C][=Branch1][C][=O][N][C][=C][C][=C][Branch1][C][Cl][C][=N][Ring1][#Branch1],421,16410510,5.5092,853.7
6844,[C][O][C][C][N][Ring1][=Branch1][C][=N],421,16410089,5.5093,853.8
6845,[C][=C][Branch1][C][O][C][=C][Branch1][N][C][Branch1][C][O][=C][Ring1][Branch2][C][Ring1][=N][=O],421,16409668,5.5094,854
6846,[N][C][=Branch1][C][=O][N][Branch2][Ring1],420,16409248,5.5096,854.1
6847,[C][Branch1][C][C][=C][Ring2][Ring1][Branch2],420,16408828,5.5097,854.2
6848,[O][C][=C][C][=C][Branch2][Ring1][=C],420,16408408,5.5099,854.3
6849,[C][Branch1][#Branch2][C][=Branch1][C][=O][N][Branch1][C][C],420,16407988,5.51,854.4
6850,[Branch2][Ring2][Branch2][N][C][=Branch1][C][=O],420,16407568,5.5101,854.6
6851,[N][Ring1][#Branch1][C],420,16407148,5.5103,854.7
6852,[=N][C][=Ring1][#Branch2],420,16406728,5.5104,854.9
6853,[N][C][=C][N][=C][Ring1][Branch1][C][=C][Ring1][O],420,16406308,5.5106,855
6854,[=C][N][C][=Branch1][C][=O][C][=C][C][=C][C][=C][Ring1][=Branch1][C][=C][Ring1][#C],420,16405888,5.5107,855.1
6855,[C][=C][C][=C][C][=C][Ring1][=Branch1][C][Ring1][P][=O],420,16405468,5.5108,855.3
6856,[C@][Ring1][=Branch2][Branch1][C][C],420,16405048,5.511,855.4
6857,[C][C][=C][Ring1][=Branch1],419,16404629,5.5111,855.5
6858,[O][C@@H1][Branch2][Ring1],419,16404210,5.5113,855.7
6859,[C][C][O][C][=C][C][Branch1],419,16403791,5.5114,855.8
6860,[C][=C][Ring1][=C][C][=Branch1][C][=O],419,16403372,5.5115,856
6861,[N][C][C][C][C][C][Ring1][=Branch1][=O],419,16402953,5.5117,856.1
6862,[Ring2][Ring2][=Branch1][=O],419,16402534,5.5118,856.2
6863,[C@@H1][Branch1][=N][C][C][=C][C][=C][Branch1][C][O][C][=C][Ring1][#Branch1],419,16402115,5.512,856.4
6864,[=Branch1][C][=Branch1][C][=O][O][C][Ring1][#Branch1],419,16401696,5.5121,856.5
6865,[=N][N][=C][Ring1][P],419,16401277,5.5123,856.6
6866,[#Branch2][C][C][C][N][C][=Branch1][C][=N][N][N][C][=Branch1][C][=O],419,16400858,5.5124,856.7
6867,[C@@][Ring1][=Branch1][Branch1][C][C][C][C],419,16400439,5.5125,856.9
6868,[C@H1][Branch1][C][O][C][Branch1][C][C][Branch1][C][C][C@@H1][Ring1][#Branch2][C][C][C@@][Ring1][=C][Branch1][C][C][C@][Ring2][Ring1][Ring1],419,16400020,5.5127,857
6869,[N][C][O],418,16399602,5.5128,857.1
6870,[N][C][Ring1],418,16399184,5.513,857.3
6871,[C][N][C][=Branch1][C][=O][C][S],418,16398766,5.5131,857.4
6872,[C][C][=C][N][Branch1][C][C],418,16398348,5.5132,857.5
6873,[C][O][C][=Branch1][C][=O][C][=C][C][=C][Branch2][Ring2],418,16397930,5.5134,857.7
6874,[N][=C][Ring2][Ring2][Ring1],418,16397512,5.5135,857.8
6875,[C][C@@H1][Branch1][=Branch2][C][=C][C][=C][C][=C][Ring1][=Branch1],418,16397094,5.5137,857.9
6876,[/C][=C][/C][=C][C][=C][S][Ring1][Branch1],418,16396676,5.5138,858
6877,[N][Branch1][=N][C][C][=C][C][=C][C][Branch1][C][F][=C][Ring1][#Branch1],418,16396258,5.5139,858.2
6878,[N][C][=C][C][=C][Branch1][=C][O][C][C][=C][C][=C][C][Branch1][C][F][=C][Ring1][#Branch1][C][Branch1][C][Cl][=C][Ring1][S],418,16395840,5.5141,858.3
6879,[O][C][=Branch1][C][=O][C][Branch1][C][C],417,16395423,5.5142,858.4
6880,[C@@H1][C][C][N][Branch1],417,16395006,5.5144,858.5
6881,[C][=C][Ring2][Ring1][=N][C],417,16394589,5.5145,858.7
6882,[/C][Branch1][C][C][=C][\C][=C],417,16394172,5.5146,858.8
6883,[=N][N][=C][Ring1][#C],417,16393755,5.5148,858.9
6884,[C][C][=C][C][=C][C][Branch2][Ring2][#Branch1],417,16393338,5.5149,859.1
6885,[O][C][C][C][C][C][O][Ring1][Branch1],417,16392921,5.5151,859.2
6886,[C][C][Branch1][C][C][Branch1][Ring1][C][O],417,16392504,5.5152,859.3
6887,[O][=C][Branch2][Ring1][Ring2][N][C][=C][C][=C][C][Branch1][=Branch2][C][Branch1][C][F][Branch1][C][F][F][=C][Ring1][#Branch2],417,16392087,5.5153,859.5
6888,[C@][Branch1][C][C][C][C][C@][Branch1][C][C][C][=Branch2],417,16391670,5.5155,859.6
6889,[O][C][C@@H1][Ring1][=Branch1][C][=N],417,16391253,5.5156,859.7
6890,[C][Ring1][N][=C][Ring1][#Branch2][Ring1][=Branch1],417,16390836,5.5158,859.9
6891,[C][=C][C][=C][Branch1][#Branch1][C][=Branch1][C][=O][O][C][C][=C][Ring1][#Branch2],417,16390419,5.5159,860
6892,[N][C][=N][C][NH1][C][=C][C][=Ring1][Branch1][C],417,16390002,5.516,860.2
6893,[C][=Branch1][C][=O][N][C][C][N][Branch1][=Branch2],416,16389586,5.5162,860.3
6894,[C][C][C][C][Ring1][=Branch1][=O],416,16389170,5.5163,860.4
6895,[C][N][C][C][N][Branch2][Ring1][Ring2],416,16388754,5.5165,860.5
6896,[O][C][O][Ring1][#Branch2],416,16388338,5.5166,860.7
6897,[N][C][Branch1][C][S],416,16387922,5.5167,860.8
6898,[C][/C][=C][/C@@H1],416,16387506,5.5169,860.9
6899,[C][C][C][N][Branch1][Ring2][C][C][C][C],416,16387090,5.517,861.1
6900,[=C][C][=N][C][=C][C][=C][C][=C][Ring1][=Branch1][NH1][Ring1][=Branch2][C][=C][Ring1][#C],416,16386674,5.5172,861.2
6901,[C][O][C][=C][C][=C][C][=Branch1][Branch1][=C][Ring1][=Branch1],416,16386258,5.5173,861.3
6902,[C][Branch1][C][S][=N][N][=C][Ring1][=Branch1],416,16385842,5.5174,861.4
6903,[N][C][=Branch1][C][=O][C@H1][Branch1][#Branch2][C][C][C][N][C][=Branch1][C][=N][N][N][C][=Branch1][C][=O],416,16385426,5.5176,861.6
6904,[C][=C][C][Branch1][#Branch2][C][=N][C][=C][C][=C][Ring1][=Branch1][F],416,16385010,5.5177,861.7
6905,[C][=C][Branch1][N][NH1][C][=C][C][=C][C][=C][Ring1][=Branch2][Ring1][=Branch1][C@@][Branch1][#Branch1][C][=Branch1][C][=O][O][C],416,16384594,5.5179,861.8
6906,[C][C][Ring1][N][C][C],415,16384179,5.518,862
6907,[C@@H1][Branch1][Branch1][C],415,16383764,5.5181,862.1
6908,[S][C][C@H1],415,16383349,5.5183,862.3
6909,[NH1][Ring2][Ring1][C],415,16382934,5.5184,862.4
6910,[N][Ring1][=Branch1][C][C][=C][C][=C][C][=C][Ring1][=Branch1],415,16382519,5.5186,862.6
6911,[N][C@@][Branch1],415,16382104,5.5187,862.7
6912,[N][C][C][Branch1][C][F][Branch1][C][F],415,16381689,5.5188,862.8
6913,[N][=C][Ring2][Ring1][Ring1][Ring2][Ring1][=Branch1],415,16381274,5.519,863
6914,[N][C][=N][C][NH1][C][=C][C][=Ring1][Branch1][C][=Ring1],415,16380859,5.5191,863.1
6915,[/C][=C][/C][=C][/C][=C],414,16380445,5.5193,863.3
6916,[C][C][C@H1][Branch2][Ring1],414,16380031,5.5194,863.4
6917,[=C][C][=C][Ring2][Ring1][C][O][C],414,16379617,5.5195,863.6
6918,[C][C][=N][C][Branch1][=Branch2][C][=C][C][=C][C][=C][Ring1][=Branch1],414,16379203,5.5197,863.7
6919,[Branch2][=Branch1][#C],414,16378789,5.5198,863.9
6920,[N][C][Branch2][Ring1][#Branch2],414,16378375,5.52,864
6921,[S][=Branch1][C][=O][=Branch1][C][=O][C][=C][C][=C][C][=C][Ring1][=Branch1][Cl],414,16377961,5.5201,864.2
6922,[N][Branch2][Ring1][Branch2][C][=Branch1][C][=O],414,16377547,5.5202,864.3
6923,[C][C][Ring2][Ring1][Branch1][=O],414,16377133,5.5204,864.5
6924,[C][C][=C][C][Branch2][Ring1][#C],414,16376719,5.5205,864.6
6925,[S][=Branch1][C][=O][=Branch1][C][=O][C][=C][C][=C][Branch1][C][N][C][=C][Ring1][#Branch1],414,16376305,5.5207,864.8
6926,[N][Branch1][#Branch1][C][C][Branch1][C][N][=O],414,16375891,5.5208,864.9
6927,[O][C][Ring2][Ring1][C][=O],414,16375477,5.5209,865
6928,[N][C][C][Branch1][C][O][Branch1][=Branch2][C][N][C][=N][C][=N][Ring1][Branch1][C][=C][C][=C][Branch1][C][F][C][=C][Ring1][#Branch1][F],414,16375063,5.5211,865.2
6929,[C][C][=C][C][=C][C][=C][Ring1][=Branch1][C][N][Ring1][#Branch2][C][=Branch1][C][=O],414,16374649,5.5212,865.3
6930,[C][=C][C][=Branch1][C][=O][O][C@H1][C@H1][Ring1][=Branch1],414,16374235,5.5214,865.4
6931,[C][Branch1][C][Cl][Cl],413,16373822,5.5215,865.5
6932,[C][=C][C][=C][Branch1][=Branch1][C][=Branch1][C][=O][O],413,16373409,5.5216,865.7
6933,[Ring1][P][C][=C][Ring2][Ring1][#Branch1],413,16372996,5.5218,865.8
6934,[C][=C][C][=C][N][=C][Ring1][=Branch1][N][Ring1][=Branch2],413,16372583,5.5219,865.9
6935,[Branch2][Ring1][Ring1][C][=C][C][=C][C][Branch1][=Branch2][C][Branch1][C][F][Branch1][C][F][F][=C][Ring1][#Branch2],413,16372170,5.5221,866
6936,[=N][Ring1][N][C][C],413,16371757,5.5222,866.1
6937,[N][C][=C][C][=N][C][Branch1][C][N][=N][Ring1][#Branch1],413,16371344,5.5223,866.3
6938,[C][=C][C][Branch1][C][F][=C][C][=C][Ring1][#Branch2][Ring1][#Branch1][C][C][Ring1][S],413,16370931,5.5225,866.4
6939,[C][C][Branch1][C][C][C][C][C][C@@H1][Branch1][C][C][C@H1][C][C][C@H1],413,16370518,5.5226,866.5
6940,[N][C][=N][C][NH1][C][=C][C][=Ring1][Branch1][C][=Ring1][N][Ring1][=Branch2],413,16370105,5.5228,866.7
6941,[=Branch1][S][=Branch1][C][=O][=Branch1][C][=O],412,16369693,5.5229,866.8
6942,[O][C][=Branch1][C][=O][N][C],412,16369281,5.523,866.9
6943,[C@@][Ring2][Ring1][#Branch1],412,16368869,5.5232,867.1
6944,[C][Branch1][#Branch1][C][C][Branch1][C][C],412,16368457,5.5233,867.2
6945,[C][=C][C][Branch1][=Branch2][S][Branch1][C][N][=Branch1][C][=O][=O],412,16368045,5.5234,867.3
6946,[C][O][C][=C][C][=C][Branch2][Branch1][Branch2],412,16367633,5.5236,867.4
6947,[C][O][C][=C][C][=C][C][Branch2][Ring2][#Branch2],412,16367221,5.5237,867.6
6948,[N][C][=C][C][=C][C][=Branch1][Ring2][=C][Ring1][=Branch1][C][C][C][Ring1][=Branch1],412,16366809,5.5239,867.7
6949,[C][C][=C][C][Branch2][Ring2][Ring2],412,16366397,5.524,867.8
6950,[=C][C][Branch1][Ring1][O][C][=C][Ring2][Ring1][N][O][C],412,16365985,5.5241,867.9
6951,[/C][=Branch1][S][=C][/C][=C],412,16365573,5.5243,868.1
6952,[C][=C][C][=C][Branch2][Ring1][Ring1][N][C][=Branch1][C][=O][N][C][C][=C][C][=C][C][=C][Ring1][=Branch1][C][Ring1][=Branch2],412,16365161,5.5244,868.2
6953,[C][=C][C][Branch1][=Branch2][C][Branch1][C][F][Branch1][C][F][F][=N][N][Ring1][=Branch2],412,16364749,5.5246,868.3
6954,[=Branch1][C][=Branch1][C][=O][O][C@@H1][Branch1][C][O][C@H1][Branch1][C][O][C@H1],412,16364337,5.5247,868.4
6955,[S][C][Branch1][C][F][Branch1][C][F][F],411,16363926,5.5248,868.6
6956,[/C][Ring1][=N],411,16363515,5.525,868.7
6957,[C][C][=Branch1][C][=O][N][C][=C][C][=C][C][=C][Ring1][=Branch1][C][=Branch1][C][=O],411,16363104,5.5251,868.8
6958,[O][C][C][C][C][C][C][C][C][C][C],411,16362693,5.5253,868.9
6959,[C][=Branch1][C][=O][N][C][=C][C][=C][Branch1][C][C],411,16362282,5.5254,869.1
6960,[C][=N][C][Branch2][Ring1][Ring1],411,16361871,5.5255,869.2
6961,[=C][Ring2][Ring1][#Branch1][C],411,16361460,5.5257,869.3
6962,[C][C][=C][Branch2][Ring1][P],411,16361049,5.5258,869.4
6963,[C][Branch1][O][O][C][C][=C][C][=C][C][=C][Ring1][=Branch1],411,16360638,5.5259,869.6
6964,[C][=C][C][=C][C][=Branch1][Ring2][=N][Ring1][=Branch1],411,16360227,5.5261,869.7
6965,[C][=C][Ring1][Branch2][Ring1][N],411,16359816,5.5262,869.8
6966,[S][C][=Branch1][C][=O][C][C][Branch1][C][C][Branch1][C][C][C][Ring1][=Branch2],411,16359405,5.5264,870
6967,[N][Branch1][Branch1][C][C][C][C],410,16358995,5.5265,870.1
6968,[#Branch2][C][#C],410,16358585,5.5266,870.3
6969,[Ring1][N][S][=Branch1][C][=O][=Branch1][C][=O],410,16358175,5.5268,870.4
6970,[S][=Branch1][C][=O][=Branch1][C][=O][N][C][C][N][Branch1],410,16357765,5.5269,870.5
6971,[=C][C][=C][Ring2][Ring1][N],410,16357355,5.5271,870.7
6972,[N][=C][C][=C][C][Branch1][C][Cl][=C],410,16356945,5.5272,870.8
6973,[C][=C][Ring2][Ring1][O][Cl],410,16356535,5.5273,870.9
6974,[C][=C][N][=C][N][Ring1][Branch1][C],410,16356125,5.5275,871.1
6975,[C][C][=C][C][Branch2][Ring2][Ring1],410,16355715,5.5276,871.2
6976,[S][C][=C][C][=C][C][=C][Ring1][=Branch1][Ring1][=C],410,16355305,5.5277,871.3
6977,[N][Ring2][Ring1][Ring2][C],410,16354895,5.5279,871.4
6978,[Branch2][C][=N][N][=N][NH1][Ring1][Branch1],410,16354485,5.528,871.6
6979,[C][C][=C][NH1][C][=Branch1][C][=O][C][=Ring1][#Branch1],410,16354075,5.5282,871.7
6980,[C][C][C][C][=C][C][=C],409,16353666,5.5283,871.8
6981,[C@@H1][Branch1][C][C][C][=Branch1][C][=O],409,16353257,5.5284,872
6982,[=C][Branch1][Ring1][O][C][C],409,16352848,5.5286,872.1
6983,[Ring1][Branch1][C][C][Ring1][=N],409,16352439,5.5287,872.3
6984,[C][=C][C][Branch2][Ring2][Branch1],409,16352030,5.5289,872.4
6985,[S][=Branch1][C][=O][=Branch1][C][=O][C][=C][C][=C][C][=C][Ring1][=Branch1][Ring1][O],409,16351621,5.529,872.6
6986,[C@H1][Branch1][C][O][C@H1][Branch1][C][O][C@H1],409,16351212,5.5291,872.7
6987,[C][=Ring2][Ring1][Ring1][C],409,16350803,5.5293,872.8
6988,[C][=C][C][Branch1][C][Cl][=C][C][=Branch1][Ring2][=C][Ring1][#Branch1],409,16350394,5.5294,872.9
6989,[C][=C][C][=C][Branch1][=Branch1][C][=C][Ring1][=Branch1][F],409,16349985,5.5295,873.1
6990,[O][=C][Branch1][P][/C][=C][/C][=C][C][=C][Branch1][C][O][C][Branch1][C][O][=C][Ring1][Branch2],409,16349576,5.5297,873.2
6991,[C@@][Ring1][Ring2][Branch1][#Branch1][O][C][Branch1][C][C][=O][C@H1][Ring1][=C],409,16349167,5.5298,873.3
6992,[Ring1][Branch1][C][N],408,16348759,5.53,873.4
6993,[C@@H1][Ring1][O][C],408,16348351,5.5301,873.5
6994,[O][C][=C][Ring1][S],408,16347943,5.5302,873.7
6995,[C][S][C][=N][C][Branch1][C],408,16347535,5.5304,873.8
6996,[C][=C][C][=C][C][Branch1][=Branch2][C][Branch1][C][F][Branch1][C][F][F][=N][Ring1][#Branch2],408,16347127,5.5305,873.9
6997,[C][=C][C][=C][C][=C][C][=C][Ring1][=Branch1][Ring1][=Branch2],408,16346719,5.5307,874
6998,[C][=C][C][=C][Branch1][#Branch2][O][C][Branch1][C][F][Branch1][C][F][F][C][=C][Ring1][O][C],408,16346311,5.5308,874.1
6999,[N][C@@H1][Branch1][#Branch2][C][C][=C][C][=C][C][=C][Ring1][=Branch1][C][=Branch1][C][=O][O],408,16345903,5.5309,874.3
7000,[C][Ring1][S][=Ring1][N],408,16345495,5.5311,874.4
7001,[=Ring1][O][C][C],407,16345088,5.5312,874.6
7002,[C][C@@H1][C][C],407,16344681,5.5313,874.7
7003,[N][/C][=C][/C][=Branch1][C][=O],407,16344274,5.5315,874.9
7004,[=Branch1][C][Branch1][C][C][=O][=C][Ring1][=Branch2],407,16343867,5.5316,875
7005,[C][C@H1][Branch2][Ring1][#Branch2],407,16343460,5.5318,875.2
7006,[C][N][C][=N][C][=C][C][=C][C][=C][Ring1][=Branch1][Ring1][=Branch2],407,16343053,5.5319,875.3
7007,[O][N][=Ring1][N],407,16342646,5.532,875.4
7008,[C][C][N][C][=Branch1][C][=O][C][=C][C][=C][C][=C][Ring1][=Branch1][C][Ring1][#Branch2][=O],407,16342239,5.5322,875.6
7009,[=N][Ring2][Ring1][Branch1][C][=C][Ring2][Ring1][O],407,16341832,5.5323,875.7
7010,[N][C][C][N][Branch1][=Branch2][C][C][C][C][C][C][Ring1][=Branch1],407,16341425,5.5324,875.9
7011,[/C][=Branch1][S][=C][\C][=C],407,16341018,5.5326,876
7012,[C][O][C][=C][C][=C][C][=Branch1][=Branch1][=C][Ring1][=Branch1],407,16340611,5.5327,876.2
7013,[C@H1][Branch1][C][O][C@@H1][Ring1][=C][O],407,16340204,5.5329,876.3
7014,[Ring1][N][C][=C][C][=C][C][=C][Ring1][=Branch1],406,16339798,5.533,876.5
7015,[C][C][O][C][=Branch1][C][=O][C][=C][Branch1],406,16339392,5.5331,876.6
7016,[N][Branch1][C][C][C][Ring1][#Branch1],406,16338986,5.5333,876.7
7017,[=N][C][=C][Ring1][P],406,16338580,5.5334,876.8
7018,[C@H1][Branch1][C][C][O],406,16338174,5.5335,876.9
7019,[C][=C][C][=C][Branch1][=Branch2][C][=C][C][=C][C][=C][Ring1][=Branch1][C],406,16337768,5.5337,877
7020,[C][N][Branch2][Ring1][=Branch1][C][=Branch1][C][=O],406,16337362,5.5338,877.2
7021,[Branch1][=Branch1][C][Branch1][C][C],406,16336956,5.534,877.3
7022,[C@@H1][C][C][C][=C][C][Branch1][C][O][=C][C][=C][Ring1][#Branch1],406,16336550,5.5341,877.4
7023,[C][=Branch1][C][=O][N][C@H1][Branch1][#Branch2][C][C][=C][C][=C][C][=C][Ring1][=Branch1][C][=Branch1][C][=O],406,16336144,5.5342,877.5
7024,[Branch1][=N][C][=Branch1][C][=O][N][C][C][C][C][C][Ring1][Branch1],406,16335738,5.5344,877.7
7025,[C][=C][C][=C][C][Branch1][=Branch2][C][=C][C][=C][C][=C][Ring1][=Branch1][=C][Ring1][N],406,16335332,5.5345,877.8
7026,[S][=Branch1][C][=O][=Branch1][C][=O][N][C][O][N][=C],406,16334926,5.5346,877.9
7027,[O][=C][Branch1][C][O][C][=C][N][Branch1][=Branch1][C][C][C][Ring1][Ring1],406,16334520,5.5348,878
7028,[#C][C][C][=C][NH1][C][=C][C][=C][C][=C][Ring1][=Branch2][Ring1][=Branch1][C][Branch1][C][N][=O],406,16334114,5.5349,878.1
7029,[C][C][C][N][Branch1][C][C][C][C],405,16333709,5.5351,878.3
7030,[C][C@H1][Ring1][#C],405,16333304,5.5352,878.4
7031,[C][C][=C][Branch2][Ring1][=Branch1],405,16332899,5.5353,878.5
7032,[=Branch2][C][Branch1][C][F][Branch1][C][F][F][N][=C][Ring1][#Branch2],405,16332494,5.5355,878.7
7033,[N][C][=C][C][Branch1][=C],405,16332089,5.5356,878.8
7034,[#Branch2][C][C][=C][C][=C][Branch1][#C],405,16331684,5.5357,878.9
7035,[=C][C][C][C][=C][C][=C][Branch1][C][O][C][=C][Ring1][#Branch1],405,16331279,5.5359,879
7036,[C][=C][C][=C][Branch2][Ring1][=Branch1][N][C][=Branch1][C][=O],405,16330874,5.536,879.2
7037,[C][C][=C][C][Branch1][C][F][=C][C][=C][Ring1][#Branch1][F],405,16330469,5.5362,879.3
7038,[N][C][=Branch1][C][=N][N][C][=C][Ring1][#Branch2],405,16330064,5.5363,879.4
7039,[C][N][Branch2][Ring1][=C],404,16329660,5.5364,879.5
7040,[N][=C][Branch1][C][N][N][C][C][C][C],404,16329256,5.5366,879.7
7041,[Branch2][=Branch1][=N],404,16328852,5.5367,879.8
7042,[C][C@H1][Branch1][P],404,16328448,5.5368,879.9
7043,[O][C][=C][C][=C][Branch2][Ring1][=N],404,16328044,5.537,880
7044,[O][C][Branch1][C][C][Branch1][C][C][C][C][=Branch1][C][=O],404,16327640,5.5371,880.2
7045,[C][C][O][C][=C][C][=C][C][=Branch1][Ring2][=C][Ring1][=Branch1],404,16327236,5.5373,880.3
7046,[N][C][=C][C][=C][C][=C][Ring1][=Branch1][C][=N],404,16326832,5.5374,880.5
7047,[C][=C][Branch1][S][C][=C][C][=C][Branch1][=Branch1][N+1][=Branch1][C][=O][O-1][C][=C][Ring1][=Branch2],404,16326428,5.5375,880.6
7048,[C][=C][C][=C][Ring1][O][Ring1][#Branch1],404,16326024,5.5377,880.7
7049,[=C][Branch1][N][C][=C][C][=C][Branch1][C][Cl][C][=C][Ring1][#Branch1][C][Ring2][Branch1],404,16325620,5.5378,880.8
7050,[Branch1][C][C][S],403,16325217,5.5379,880.9
7051,[=Branch1][C][N][C][C],403,16324814,5.5381,881.1
7052,[C][C@H1][C][C],403,16324411,5.5382,881.2
7053,[C][Branch2][Ring2][N],403,16324008,5.5383,881.3
7054,[O][C][=C][Branch2][Ring1],403,16323605,5.5385,881.4
7055,[=C][Branch1][#Branch1],403,16323202,5.5386,881.6
7056,[N][C][=Branch1][C][=O][C@H1][Branch2][Ring1],403,16322799,5.5388,881.7
7057,[C][=Branch1][C][=O][N][C][=C][C][=C][C][Branch1][C][F][=C][Ring1][#Branch1],403,16322396,5.5389,881.8
7058,[=N][C][=Branch1][C][=O][C][Branch1][C][F][Branch1][C][F][F],403,16321993,5.539,881.9
7059,[N][C][=N][C][=N][Ring1][Branch1][C],403,16321590,5.5392,882.1
7060,[C][C@@H1][Branch1][#C],403,16321187,5.5393,882.2
7061,[C][C][C][N][Branch1][=C],403,16320784,5.5394,882.3
7062,[C][Branch1][Branch2][C][=Branch1][C][=O][O][C],403,16320381,5.5396,882.4
7063,[/C][Branch1][C][C][=C][/C@H1],403,16319978,5.5397,882.6
7064,[C][Branch1][#Branch1][N][C][Branch1][C][C],403,16319575,5.5399,882.7
7065,[O][Ring1][Branch1][C][Ring1][#Branch1],403,16319172,5.54,882.8
7066,[C][Branch1][C][N][=C][N][=C],403,16318769,5.5401,882.9
7067,[C@@H1][O][C@H1][Branch1][Ring1][C][O][C@@H1][Branch1][C][O][C@H1][Ring1][Branch2][O],403,16318366,5.5403,883
7068,[Branch1][C][O][C][=N],402,16317964,5.5404,883.2
7069,[O][C@@H1][Ring1][=C],402,16317562,5.5405,883.3
7070,[C][N][C][=Branch1][C][=O][C][Branch1][C][C][Branch1][C][C],402,16317160,5.5407,883.4
7071,[O][C@@H1][Branch1][C][O][C@@H1],402,16316758,5.5408,883.6
7072,[C][C][=C][C][=C][C][Branch1][=N],402,16316356,5.5409,883.7
7073,[N][C][=Branch1][C][=O][C][C][C][=Branch1][C][=O][N][Branch1],402,16315954,5.5411,883.8
7074,[N][=Ring2][Ring2],402,16315552,5.5412,884
7075,[C][=C][S][C][Branch1][S],402,16315150,5.5414,884.1
7076,[C][C][C][=N][N][=C][Branch2][Ring1],402,16314748,5.5415,884.3
7077,[C][=C][Branch1][=Branch1][N][Branch1][C][C],402,16314346,5.5416,884.4
7078,[C][=C][C][=C][C][=Branch1][Ring2][=C][Ring1][=Branch1][C][C][C][C][Ring1][#Branch1],402,16313944,5.5418,884.6
7079,[C][=Branch1][Branch1][=C][Ring1][#Branch1],402,16313542,5.5419,884.7
7080,[C][C][Branch1][C][C][C][C][C][Branch2][#Branch1],402,16313140,5.542,884.9
7081,[C][C][=Branch1][C][=O][O][C@H1][C][=Branch1][C][=O][C@][Branch1][C][C],402,16312738,5.5422,885
7082,[O][C][=Branch1][C][=O][C][=C],401,16312337,5.5423,885.1
7083,[N][C][=C][Branch2][Ring2],401,16311936,5.5424,885.2
7084,[C][C][N][S][=Branch1][C][=O][=Branch1][C][=O],401,16311535,5.5426,885.4
7085,[C][O][Ring1][Branch1][C],401,16311134,5.5427,885.5
7086,[C][=N][C][Branch1][C][C][=N],401,16310733,5.5429,885.6
7087,[C][Branch1][C][F][=C][Ring1][S],401,16310332,5.543,885.7
7088,[C][=Branch1][C][=O][N][Ring1][#Branch2],401,16309931,5.5431,885.9
7089,[N][C][C][Ring2][Ring2][C],401,16309530,5.5433,886
7090,[N][=N][C][=C][C][=C][C][=C][Ring1][=Branch1][Ring1][=Branch2],401,16309129,5.5434,886.1
7091,[C][=C][C][=C][Branch2][Ring1][Branch2][C][=Branch1][C][=O][N],401,16308728,5.5435,886.3
7092,[O][C][=C][C][Branch1][=Branch2][C][=C][C][=C][C][=C][Ring1][=Branch1],401,16308327,5.5437,886.4
7093,[C][O][C][=C][C][=C][C][=C][Ring1][=Branch1][N][C][C][N][Branch2][Ring2],401,16307926,5.5438,886.5
7094,[N][C][=N][C][=C][Branch1][=Branch2][C][Branch1][C][F][Branch1][C][F][F],401,16307525,5.5439,886.6
7095,[C][Branch1][N][C][=C][C][=C][Branch1][C][F][C][=C][Ring1][#Branch1][C][=C][C][=C][Branch1][C][F][C][=C][Ring1][#Branch1],401,16307124,5.5441,886.7
7096,[C][C][=C][C][=C][Branch1][=C][C][=C][C][=C][C][=C][Ring1][=Branch1][C][=Branch1][C][=O][O][C][=C][Ring1][#C],401,16306723,5.5442,886.9
7097,[Branch1][C][N][=S],400,16306323,5.5444,887
7098,[C][C][Ring2][Ring1][=Branch1][C],400,16305923,5.5445,887.1
7099,[Ring1][P][C],400,16305523,5.5446,887.2
7100,[O][=C][Ring2][Ring1][Ring2],400,16305123,5.5448,887.4
7101,[C][C][=C][C][Branch1][=Branch2],400,16304723,5.5449,887.5
7102,[C][=C][Ring1][N][F],400,16304323,5.545,887.6
7103,[C][C][=C][C][Branch1][C][N][=N],400,16303923,5.5452,887.7
7104,[C][O][C][=C][C][=C][C][=C][C][=C][C][=C][Ring1][#Branch2][Ring1][=Branch1],400,16303523,5.5453,887.8
7105,[=C][N][Ring1][=N],400,16303123,5.5454,888
7106,[=C][Ring2][Ring1][C][F],400,16302723,5.5456,888.1
7107,[C][Branch1][=Branch2][C][Branch1][C][F][Branch1][C][F][F][=C][C][=C][Ring1][#Branch2],400,16302323,5.5457,888.2
7108,[C][C][Ring2][Ring1][Branch2][=O],400,16301923,5.5458,888.3
7109,[S][C][C][C][=C][NH1][C][=C][C][=C][C][=C][Ring1][=Branch2][Ring1][=Branch1],400,16301523,5.546,888.5
7110,[Ring1][C][N][C@@H1][Branch1][C][O][C@H1],400,16301123,5.5461,888.6
7111,[N][Branch1][O][C][C][C][=C][C][=C][C][=C][Ring1][=Branch1][C][=Branch1][C][=O],400,16300723,5.5463,888.7
7112,[C][=C][C][=C][C][Branch1][C][Br][=C][C][=C][Ring1][#Branch1],400,16300323,5.5464,888.9
7113,[C][C][C][C][N][C][Ring1][=Branch1],400,16299923,5.5465,889
7114,[C][=C][Branch1][Branch2][S][C][Ring1][Branch1],400,16299523,5.5467,889.1
7115,[N][Branch1][#Branch2][C][C][=C][C][=C][N][=C][Ring1][=Branch1][C],400,16299123,5.5468,889.3
7116,[N][C@@H1][Branch1][=Branch2][C][C][=C][NH1][C][=N][Ring1][Branch1][C][=Branch1][C][=O],400,16298723,5.5469,889.4
7117,[C][=C][Branch1][C][C][N][Branch1][C][C][N][Branch1][=Branch2][C][=C][C][=C][C][=C][Ring1][=Branch1][C][Ring1][=N][=O],400,16298323,5.5471,889.6
7118,[O][C@@H1][O][C@@H1][Branch1][C][C][C@H1][Branch1][C][O][C@@H1][Branch1][C][O][C@H1][Ring1][=Branch2],400,16297923,5.5472,889.7
7119,[Branch1][C][#C],399,16297524,5.5473,889.8
7120,[C][C][C][C][Ring1][S],399,16297125,5.5475,890
7121,[C][S][C][C][=Branch1][C][=O][N],399,16296726,5.5476,890.1
7122,[N][C][C][N][Branch2][Ring1][#C],399,16296327,5.5478,890.3
7123,[C][C][Branch1][C][C][Branch1][C][O][C][C],399,16295928,5.5479,890.4
7124,[#Branch2][C][S][Branch1][C][C][=Branch1][C][=O][=O],399,16295529,5.548,890.5
7125,[C][C][C@][Ring1][=Branch2],399,16295130,5.5482,890.7
7126,[N][Ring1][Branch1][C][=N],399,16294731,5.5483,890.8
7127,[Ring1][C][C][C][C][Ring1][Branch2],399,16294332,5.5484,890.9
7128,[C][=Branch2][Ring1],399,16293933,5.5486,891.1
7129,[Branch2][Ring2][Ring1][C][=C][C][=C][Branch2][Ring1][#Branch1],399,16293534,5.5487,891.2
7130,[C][=N][C][=C][C][=C][Ring1][=Branch1][C],399,16293135,5.5488,891.3
7131,[C][C][N][Ring1][=C],399,16292736,5.549,891.4
7132,[N][C][=Branch1][C][=O][C@H1][Branch1][#Branch2][C][C][C][N][=C][Branch1][C][N],399,16292337,5.5491,891.6
7133,[C][=C][C][=C][Branch1][=N][C][N][C][C][N][Branch1][C][C][C][C][Ring1][#Branch1],399,16291938,5.5492,891.7
7134,[N][C][C][N][Branch1][=Branch2][S][Branch1][C][C][=Branch1][C][=O][=O][C][C][Ring1][#Branch2],399,16291539,5.5494,891.8
7135,[C@H1][C][N][C][C][O][Ring1][=Branch1],399,16291140,5.5495,891.9
7136,[C][C][O][/C][Branch1][C][O][=C][\C],399,16290741,5.5497,892.1
7137,[=Ring2][Ring1][#C],398,16290343,5.5498,892.2
7138,[C][C][C@H1][O][C][=Branch1][C][=O],398,16289945,5.5499,892.4
7139,[C][Branch1][Ring1][C][C],398,16289547,5.5501,892.5
7140,[N][C][=C][C][=C][C][Branch1][C][Cl][=C][Ring1][#Branch1][Cl],398,16289149,5.5502,892.6
7141,[C][Branch2][Ring1][Branch1][C][=N],398,16288751,5.5503,892.8
7142,[NH1][C][=C][C][=C][Branch1][C][Cl],398,16288353,5.5505,892.9
7143,[N][C][=C][C][Branch1][=Branch2][C][Branch1][C][F][Branch1][C][F][F][=C][C][=C][Ring1][#Branch2],398,16287955,5.5506,893
7144,[=C][C][=C][C][=C][C][Ring1][=Branch1][=N][Ring2][Ring1][Ring2],398,16287557,5.5507,893.2
7145,[C][Branch1][=C][N][C][=C][C][=C][Branch1][Ring1][C][#N][C][=C][Ring1][Branch2],398,16287159,5.5509,893.3
7146,[Ring2][Ring1][C][N],397,16286762,5.551,893.4
7147,[\S][=Branch1][C][=O][=Branch1][C][=O],397,16286365,5.5511,893.5
7148,[N][Branch1][Branch1][C][C][C],397,16285968,5.5513,893.7
7149,[C][C][=Branch1][C][=O][C][=C][C][=C][Branch2][Ring2],397,16285571,5.5514,893.8
7150,[Branch1][C][O][Ring1][Ring1],397,16285174,5.5516,893.9
7151,[N][C][C][N][Branch2][Ring1][=C],397,16284777,5.5517,894.1
7152,[Ring2][Ring1][Branch1][C][=C][Ring2][Ring1][O],397,16284380,5.5518,894.2
7153,[C][=Branch1][C][=O][C][=C][C][=C][C][=C][C][=C][C][=C][Ring1][#Branch2][Ring1][=Branch1],397,16283983,5.552,894.3
7154,[Branch1][Branch2][C][=C][C][=C][S][Ring1][Branch1],397,16283586,5.5521,894.4
7155,[N][Branch1][Branch2][C][C][N][Branch1][C][C],397,16283189,5.5522,894.6
7156,[Branch1][#Branch2][O][C][=C][C][=C][C][=C][Ring1][=Branch1][O][C][=C][C][=C][C][=C][Ring1][=Branch1],397,16282792,5.5524,894.7
7157,[C@@][Branch2][Ring1],396,16282396,5.5525,894.9
7158,[C][=C][C][=C][Branch1][C][Cl][C][=C][Ring1][#Branch1][F],396,16282000,5.5526,895
7159,[C][O][C][=C][C][Branch2][Ring1][O],396,16281604,5.5528,895.1
7160,[C][C][C][=C][Branch2][Ring2],396,16281208,5.5529,895.3
7161,[N][=C][Branch1][C][N][S][Ring1][=Branch1],396,16280812,5.553,895.4
7162,[O][C][Branch2][Ring1][Branch1],396,16280416,5.5532,895.6
7163,[C][=Branch1][C][=O][N][C][=C][C][=C][C][=C][Ring1][=Branch1][F],396,16280020,5.5533,895.7
7164,[C][=C][C][=C][Branch2][Branch1][#Branch1],396,16279624,5.5534,895.9
7165,[C][=C][N][Branch1][C][C][C][=C][C][=C][C][=C][Ring1][#Branch2][Ring1][=Branch1],396,16279228,5.5536,896
7166,[C][=C][C][Branch1][#Branch2][N][S][Branch1][C][C][=Branch1][C][=O][=O][=C][C][=C][Ring1][O],396,16278832,5.5537,896.1
7167,[N][C][C][N][Branch2][Ring1][Ring2][C][Branch1][=Branch2][C][=C][C][=C][C][=C][Ring1][=Branch1][C][=C][C][=C][C][=C][Ring1][=Branch1][C][C][Ring2][Ring1][Ring1],396,16278436,5.5539,896.3
7168,[C][C][C][C][Branch1][C][C][C],395,16278041,5.554,896.4
7169,[Ring1][=C][C],395,16277646,5.5541,896.5
7170,[O][C@H1][Ring2][Ring1],395,16277251,5.5543,896.6
7171,[C][C][=N][C][=C][C][=C][Ring1][=Branch1],395,16276856,5.5544,896.8
7172,[C][C][O][C][=C][C][=C][C][=C][Ring1][=Branch1][C][=Branch1][C][=O],395,16276461,5.5545,896.9
7173,[Ring2][C][C][N],395,16276066,5.5547,897
7174,[Ring1][S][=C][Ring2][Ring1][Ring2],395,16275671,5.5548,897.1
7175,[C][C@@H1][Branch1][=Branch2],395,16275276,5.5549,897.2
7176,[C][C][Branch2][Ring1][#C],395,16274881,5.5551,897.3
7177,[C][C][=Branch1][C][=O][N][C][C@@H1],395,16274486,5.5552,897.5
7178,[N][C][=Branch1][C][=O][C][=C][C][=C][Branch2][Ring2][=Branch2],395,16274091,5.5553,897.6
7179,[C][/C][=C][\C@@H1],395,16273696,5.5555,897.7
7180,[C][Ring1][P][=Ring1][=N],395,16273301,5.5556,897.8
7181,[=N][O][C],394,16272907,5.5557,898
7182,[N][C][=Branch1][C][=O][/C],394,16272513,5.5559,898.1
7183,[N][C][=Branch1][C][=O][C][=Branch1][C][=O],394,16272119,5.556,898.2
7184,[=C][Ring1][N][=N],394,16271725,5.5561,898.4
7185,[N][C][=Branch1][C][=O][C][=C][C][=N],394,16271331,5.5563,898.5
7186,[S][C][=C][C][=C][C][=C][Ring1][=Branch1][C][=Branch1][C][=O],394,16270937,5.5564,898.7
7187,[C][=Branch1][C][=O][N][C][C][C][N][Branch1],394,16270543,5.5565,898.8
7188,[O][=C][Branch2][Ring1][Ring1][C][C],394,16270149,5.5567,898.9
7189,[O][=C][Branch1][C][O][C][=C][C][=C][C][=Branch1][Ring2][=C][Ring1][=Branch1],394,16269755,5.5568,899.1
7190,[C][C@H1][Branch2][Ring1][Ring2],394,16269361,5.5569,899.2
7191,[N][C][=C][C][=C][Branch2][Ring1][Branch1],394,16268967,5.5571,899.4
7192,[O][=N+1][Branch1][C][O-1][C][=C][C][=C],394,16268573,5.5572,899.5
7193,[C][Ring1][Branch2][N][Ring1][#Branch1],394,16268179,5.5574,899.7
7194,[C][C][O][C][=C][C][=C][Branch2][Ring1][#Branch2],394,16267785,5.5575,899.8
7195,[O][=C][NH1][C][=Branch1][C][=O][N][Branch1],394,16267391,5.5576,900
7196,[C][Branch1][C][O][=C][C][Branch1][C][O][=C][Ring1][Branch2],394,16266997,5.5578,900.1
7197,[O][C][Branch1][=Branch2][C][=C][C][=C][C][=C][Ring1][=Branch1][C][=C][C][=C][C][=C][Ring1][=Branch1],394,16266603,5.5579,900.2
7198,[C@H1][Branch1][=Branch2][C][C][=C][NH1][C][=N][Ring1][Branch1],394,16266209,5.558,900.3
7199,[C][=C][C][=C][C][=C][Ring1][=Branch1][C][=Branch1][C][=O][NH1][Ring1][O],394,16265815,5.5582,900.5
7200,[C][=C][C][=C][Branch1][#Branch1][C][C][=Branch1][C][=O][O][C][=C][Ring1][#Branch2],394,16265421,5.5583,900.6
7201,[C][=C][C][=C][Branch1][=Branch1][C][=C][Ring1][=Branch1][F][C][=Branch1][C][=O][C][Branch1][=Branch1][C][=Branch1][C][=O][O][=C][N][Ring1][=N][C][C][C][Ring1][Ring1][C][C][Ring2][Ring1][Branch2],394,16265027,5.5584,900.7
7202,[=C][Branch1][=Branch2][C][Branch1][C][F][Branch1][C][F][F],393,16264634,5.5586,900.8
7203,[C][C][C][C][C][Ring1][Branch2],393,16264241,5.5587,900.9
7204,[C][=C][Branch1][Ring1][O][C][C][=C][Ring1][Branch2],393,16263848,5.5588,901.1
7205,[O][C][=C][C][=C][Branch2][Ring1][=Branch1],393,16263455,5.559,901.2
7206,[C][O][C][=C][C][Branch1][=Branch2],393,16263062,5.5591,901.3
7207,[C@@H1][Branch1][C][O][C][Ring1][=Branch1],393,16262669,5.5592,901.4
7208,[C][C][=C][C][=C][Branch1][C][F][C][=C][Ring1][#Branch1][Cl],393,16262276,5.5594,901.6
7209,[C][=C][Branch1][C][F][C][=C][C][Ring1][#Branch1],393,16261883,5.5595,901.7
7210,[#C][N][C][=Branch1][C][=O][O][C][Branch1][C][C][Branch1][C][C][C],393,16261490,5.5596,901.8
7211,[C][C][C][N][Branch1][#Branch1][C][C][C][C][Ring1][Ring1],393,16261097,5.5598,902
7212,[=Branch1][C][=C][Ring1][=Branch1][F][C][=Branch1][C][=O][C][Branch1][=Branch1][C][=Branch1][C][=O][O][=C][N][Ring1][=N],393,16260704,5.5599,902.2
7213,[C][=C][C][=C][C][=Branch1][Ring2][=C][Ring1][=Branch1][C][C][O][Ring1][=Branch1],393,16260311,5.56,902.3
7214,[N][Branch1][S][C@@H1][O][C@H1][Branch1][Ring1][C][O][C@@H1][Branch1][C][O][C@H1][Ring1][Branch2],393,16259918,5.5602,902.4
7215,[C@@H1][C][N][Branch1],392,16259526,5.5603,902.5
7216,[C][C][=C][C][=C][Branch2][Ring1][=Branch1][C],392,16259134,5.5604,902.7
7217,[C][N][C][C][=C][C][=C][C][=C][Ring1][=Branch1],392,16258742,5.5606,902.8
7218,[O][C][C][=C][C][=C][C][=C][Ring1][=Branch1][Br],392,16258350,5.5607,902.9
7219,[=N][C][=C][C][=C][Branch1][C][Cl],392,16257958,5.5608,903.1
7220,[O][=N+1][Branch1][C][O-1][C][=C][C][=C][Branch2][Ring1],392,16257566,5.561,903.2
7221,[C][=C][N][=C][Branch1][#C],392,16257174,5.5611,903.3
7222,[C][S][C][=N][C][=C][C][=C][C][=C][Ring1][=Branch1][S][Ring1][=Branch2],392,16256782,5.5612,903.4
7223,[C@H1][Branch1][=N][C][C][=C][C][=C][Branch1][C][O][C][=C][Ring1][#Branch1],392,16256390,5.5614,903.6
7224,[=Branch1][N][C][C][C][O],392,16255998,5.5615,903.7
7225,[=C][C][Branch1][Ring1][O][C][=C][Ring2][Ring1][Ring2][O][C],392,16255606,5.5617,903.8
7226,[Si][Branch1][C][C][Branch1][C][C][C][Branch1][C][C][Branch1][C][C],392,16255214,5.5618,904
7227,[O][=P][Branch1][C][O][Branch1][C][O],392,16254822,5.5619,904.1
7228,[O][C][C][=C][C][=C][Branch1][S][C][=C][C][=C][C][=C][Ring1][=Branch1][C][N][=N][NH1][N][=Ring1][Branch1][C][=C][Ring1][P],392,16254430,5.5621,904.2
7229,[C][S][C][=C][Branch1][Branch2][C][=Ring1][Branch1][C],392,16254038,5.5622,904.4
7230,[C][O][C][=C][C][=C][C][=C][Ring1][=Branch1][C][=Branch1][C][=O][C][=C][Branch1][C][O][C][=C][Branch1][N][C][Branch1][C][O][=C][Ring1][Branch2][C][Ring1][=N][=O],392,16253646,5.5623,904.5
7231,[Branch1][Branch1],391,16253255,5.5625,904.6
7232,[C][C][=Branch1][C][=O][O][=C],391,16252864,5.5626,904.7
7233,[C][C][C][N][C][=C],391,16252473,5.5627,904.8
7234,[Branch2][Ring2][Ring1][O],391,16252082,5.5629,905
7235,[N][C][=C][Ring2][Ring2][Ring1],391,16251691,5.563,905.1
7236,[C][C@H1][Branch1][#Branch2],391,16251300,5.5631,905.2
7237,[C@H1][Branch1][#Branch2][C][C][=C][C][=C][C][=C][Ring1][=Branch1][C][=Branch1][C][=O],391,16250909,5.5633,905.3
7238,[N][Branch1][O][C][C][C][=C][C][=C][C][=C][Ring1][=Branch1],391,16250518,5.5634,905.4
7239,[=Branch1][C][C][C][Ring1][Ring2],391,16250127,5.5635,905.6
7240,[O][C@][Ring1],391,16249736,5.5637,905.7
7241,[S][C][=C][C][=C][C][=C][Ring1][=Branch1][C][=Ring1][=Branch2],391,16249345,5.5638,905.8
7242,[=N][O][Ring2][Ring1][Branch1],391,16248954,5.5639,905.9
7243,[O][=C][Branch1][#Branch2][N][C][C][=C][C][=C][O][Ring1][Branch1],391,16248563,5.5641,906.1
7244,[C][=C][N][=C][NH1][C][=C][C][Ring1][Branch1][=C][Ring1][=Branch2],391,16248172,5.5642,906.2
7245,[N][C][=C][Branch1][C][F][C][=Branch1][C][=O][NH1][C][Ring1][Branch2][=O],391,16247781,5.5643,906.3
7246,[N][=C][Branch1][C][N][N][=C][Branch1][C][N][N][Ring1][=Branch2],391,16247390,5.5645,906.5
7247,[C][N][C][=Branch1][C][=O][C][C][C][C],390,16247000,5.5646,906.6
7248,[C][=C][C][S],390,16246610,5.5647,906.8
7249,[C][C][=Branch1][C][=O][C][S],390,16246220,5.5649,906.9
7250,[C][C][C][Branch1][C][O],390,16245830,5.565,907
7251,[O][=S][=Branch1][C][=O][Branch1][C][O],390,16245440,5.5651,907.2
7252,[C][=C][C][=C][Branch1][S][C][=Branch1][C][=O][N][C][C],390,16245050,5.5653,907.4
7253,[O][Ring1][=N][C][=C][Ring2][Ring1][Ring1],390,16244660,5.5654,907.5
7254,[C][=Branch1][C][=O][NH1][C][Ring1][#C][=O],390,16244270,5.5655,907.6
7255,[C@@H1][Branch1][C][O][C@@H1][Branch1][C][O][C@H1],390,16243880,5.5657,907.8
7256,[C][=C][Ring2][Ring2][Branch1][O][C],390,16243490,5.5658,907.9
7257,[C][Branch1][=Branch2][C][C][C][N][C][C][Ring1][=Branch1],390,16243100,5.5659,908.1
7258,[C][C][N][C][C@H1][Branch1][C][O],390,16242710,5.5661,908.2
7259,[N][C][=Branch1][C][=O][C][=C][C][=C][C][=C][C][=C][Ring1][=Branch1][O][Ring1][=Branch2],390,16242320,5.5662,908.3
7260,[N][C][C][N][C][Ring1][Branch1][=O],390,16241930,5.5663,908.5
7261,[C][=C][C][=C][Ring1][=N][Ring1][=Branch2],390,16241540,5.5665,908.6
7262,[O][C][Ring1][Branch2][=O],390,16241150,5.5666,908.7
7263,[C][C][N][C][=C][Branch1][=Branch1][C][=Branch1][C][=O][O][C][=Branch1][C][=O][C][=C][C][Branch1][C][F][=C],390,16240760,5.5667,908.8
7264,[C][C][Ring1][N][C],389,16240371,5.5669,909
7265,[Ring1][=Branch2][Ring1][=Branch1],389,16239982,5.567,909.1
7266,[C@][Ring2][Ring1][=Branch2],389,16239593,5.5671,909.2
7267,[N][C][=C][C][=C][Branch2][Ring1][=C],389,16239204,5.5673,909.4
7268,[O][C][=C][C][=C][Branch2][Ring1][P],389,16238815,5.5674,909.5
7269,[C][C][C][N][Branch2][Ring2][Ring2],389,16238426,5.5675,909.6
7270,[N][C][=Branch1][C][=O][C][=C][C][=C][C][=Branch1][Ring2][=C][Ring1][=Branch1][O][C][O][Ring1][=Branch1],389,16238037,5.5677,909.8
7271,[C][C][=C][C][=C][Branch1][=Branch2][C][=C][C][=C][C][=C][Ring1][=Branch1][C][=C][Ring1],389,16237648,5.5678,909.9
7272,[S][/C][Ring1][=Branch1],389,16237259,5.5679,910
7273,[C][N][C][C][C][N][Branch1],388,16236871,5.5681,910.1
7274,[C][=C][C][=C][Ring2][Ring1][=Branch2],388,16236483,5.5682,910.3
7275,[C][=C][C][=N][C][=C][Ring1][=Branch1][F],388,16236095,5.5683,910.4
7276,[N][C][=C][C][Branch2][Ring1][Ring2],388,16235707,5.5685,910.5
7277,[N][Ring1][#Branch2][C][=C][C][=C][C][=C][Ring1][=Branch1],388,16235319,5.5686,910.7
7278,[S][C][C][Branch1][C][O][C],388,16234931,5.5687,910.8
7279,[S][=Branch1][C][=O][=Branch1][C][=O][C][=C][C][=C][C][Branch1][C][F][=C][Ring1][#Branch1],388,16234543,5.5689,910.9
7280,[C][C][C][Branch1][=C],388,16234155,5.569,911
7281,[C][=N][Ring2][Ring1][S],388,16233767,5.5691,911.1
7282,[O][C][=C][C][=C][Branch2][Ring2][Ring2],388,16233379,5.5693,911.2
7283,[C][=C][Branch1][Branch2][C][=C][C][=C][S][Ring1][Branch1],388,16232991,5.5694,911.4
7284,[C][C][C][Branch1][C][C][N][C][=Branch1][C][=O],388,16232603,5.5695,911.5
7285,[C][C][=C][C][Branch2][Ring1][P],388,16232215,5.5697,911.6
7286,[C][=C][Branch1][=Branch1][C][=Branch1][C][=O][O][C],388,16231827,5.5698,911.7
7287,[C][N][Branch2][Ring1][=Branch2][C][=Branch1][C][=O],388,16231439,5.5699,911.9
7288,[C][=C][C][Branch1][=Branch2][C][=C][C][=C][C][=C][Ring1][=Branch1][=N][N][Ring1],388,16231051,5.5701,912
7289,[C@@H1][C][C@@H1][Ring1][Ring1],388,16230663,5.5702,912.1
7290,[N][C][=N][C][C][=Branch1][C][=O][NH1],388,16230275,5.5703,912.3
7291,[=C][C][Branch1][Ring1][O][C][=C][Ring2][Ring1][Branch1][O][C],388,16229887,5.5705,912.4
7292,[C][=C][C][=C][Branch1][Ring1][C][#N][C][=N][Ring1][Branch2],388,16229499,5.5706,912.5
7293,[=C][=N],387,16229112,5.5707,912.7
7294,[C][=Branch1][C][=O][C@@H1],387,16228725,5.5709,912.9
7295,[C][C][Branch1][C][C][S],387,16228338,5.571,913
7296,[C][=Branch1][C][=O][N][Ring2][Ring1][Branch2],387,16227951,5.5711,913.2
7297,[C][=Branch1][C][=O][N][C][=C][C][=C][Branch1][#Branch2],387,16227564,5.5713,913.3
7298,[C@@H1][Ring2][Ring1][S],387,16227177,5.5714,913.4
7299,[C][C][=Branch1][C][=O][N][C][=C][C][=C][Branch2][Ring2],387,16226790,5.5715,913.5
7300,[C][C][=C][N][=C][N][Ring1][Branch1][C][C],387,16226403,5.5717,913.7
7301,[=N][Ring1][=N][C][=C][Ring2][Ring1][Ring1],387,16226016,5.5718,913.8
7302,[N][Branch1][Ring2][C][C][O][C][C],387,16225629,5.5719,913.9
7303,[N][C][=Branch1][C][=O][C][S][C][Ring1][=Branch1],387,16225242,5.5721,914
7304,[C][=C][C][=C][Branch1][=Branch2][C][=C][C][=C][C][=C][Ring1][=Branch1][C][=C][Ring1][N][C][C],387,16224855,5.5722,914.2
7305,[Branch1][C][C][C][=Ring1][=Branch1][C],387,16224468,5.5723,914.3
7306,[C][O][C][=C][C][=C][Branch1][O][C][Branch1][Ring1][O][C][=C][Ring1][Branch2][O][C],387,16224081,5.5725,914.5
7307,[C][Branch1][C][C][Branch1][C][C][C][C][C][C@][Ring1][Branch2],387,16223694,5.5726,914.6
7308,[C][C][Branch1][C][C][C][=Branch1][C][=O][N][C][C],386,16223308,5.5727,914.7
7309,[C][=C][C][C][C@@H1],386,16222922,5.5729,914.9
7310,[C][=Ring2][Ring1][N],386,16222536,5.573,915
7311,[C][=N][C][=C][Branch1][=Branch2],386,16222150,5.5731,915.1
7312,[N][C][C][N][Branch2][Ring1][#Branch1][C][=Branch1][C][=O],386,16221764,5.5733,915.2
7313,[C][=C][N][=C][Branch1][Branch2],386,16221378,5.5734,915.4
7314,[C][C][Ring2][Ring1][C][=O],386,16220992,5.5735,915.5
7315,[N][=C][Ring1][P][Ring1][=N],386,16220606,5.5737,915.6
7316,[O][C][=Branch1][C][=O][C][=C][C][=C][O][Ring1][Branch1],386,16220220,5.5738,915.8
7317,[N][C][C][N][Branch2][Ring1][=Branch2][C][=Branch1][C][=O],386,16219834,5.5739,915.9
7318,[N][Ring2][Ring1][#Branch1][C],386,16219448,5.574,916
7319,[N][Branch1][O][C][C][N][C][C][O][C][C][Ring1][=Branch1][C],386,16219062,5.5742,916.2
7320,[Branch1][#Branch1][C][=Branch1][C][=O][O][C],386,16218676,5.5743,916.3
7321,[O][C][C][C][N][C][C][C][C][C][Ring1][=Branch1][C][=C][Ring1][S],386,16218290,5.5744,916.4
7322,[N][C][=C][C][=C][C][Ring1][=Branch1][=N][Ring1][=Branch2],386,16217904,5.5746,916.6
7323,[N][C@H1][C][C][C@@H1][Ring1][Branch1][C],386,16217518,5.5747,916.7
7324,[N+1][Branch1],385,16217133,5.5748,916.8
7325,[C][=C][C][=C][C][=C][Ring1][=Branch1][C][=Ring1],385,16216748,5.575,917
7326,[=N][C][Branch1][C][C],385,16216363,5.5751,917.1
7327,[C][O][N+1][=Branch1][C][=O][O-1],385,16215978,5.5752,917.2
7328,[C@H1][Branch2][Ring2][Ring1],385,16215593,5.5754,917.3
7329,[O][C][=C][C][=C][C][=N][Ring1][=Branch1],385,16215208,5.5755,917.5
7330,[N][=Ring1][N],385,16214823,5.5756,917.6
7331,[C][O][Ring2][Ring1][Branch2],385,16214438,5.5758,917.7
7332,[O][C][Ring2][Ring1][=Branch2],385,16214053,5.5759,917.9
7333,[C@@H1][Branch1][=Branch1][C][Branch1][C][N][=O],385,16213668,5.576,918
7334,[O][=C][C][C][C],385,16213283,5.5762,918.1
7335,[C][Branch1][C][O][=C][Branch1][C][C],385,16212898,5.5763,918.2
7336,[C][C][=Branch1][C][=O][N][C@@H1][Branch1][=Branch2],385,16212513,5.5764,918.3
7337,[O][C@@][Branch1],385,16212128,5.5766,918.4
7338,[C][C@H1][C][N][Branch2][Ring2],385,16211743,5.5767,918.6
7339,[=N][Ring1][O][C][=C][Ring1][P],385,16211358,5.5768,918.7
7340,[C][Branch1][#Branch2][C][N][C][C][C][C][C][Ring1][=Branch1],385,16210973,5.577,918.8
7341,[Branch1][C][O][C][Branch1][C][O][=C],385,16210588,5.5771,919
7342,[Branch1][#Branch1][/C][=Branch1][C][=O],385,16210203,5.5772,919.1
7343,[C][O][C][=C][C][=C][Branch2][Branch1][C][C],385,16209818,5.5774,919.2
7344,[N][Branch1][C][O][C][=O],385,16209433,5.5775,919.3
7345,[N][C][C][N][Branch1][=Branch1][C][Branch1][C][C][=O][C][C][Ring1][=Branch2],385,16209048,5.5776,919.5
7346,[O][=C][C][Branch1][C],384,16208664,5.5778,919.6
7347,[=Ring2][Ring1][=N],384,16208280,5.5779,919.7
7348,[NH1][C][=C][C][Branch1][C][Cl][=C],384,16207896,5.578,919.9
7349,[C][C][=C][C][=C][C][=C][Ring1][=Branch1][O][C][C][=Branch1][C][=O],384,16207512,5.5782,920
7350,[C][O][C][=Branch1][C][=O][C@H1][Branch1][C][C],384,16207128,5.5783,920.1
7351,[C][=C][Branch1][#Branch1][O][C][Branch1][C][C][=O],384,16206744,5.5784,920.3
7352,[C][C][C@][Ring2][Ring1][Branch1],384,16206360,5.5786,920.4
7353,[/C][=C][/C][=C][C][=C][Branch1][C][Br][C][=C][Ring1][#Branch1],384,16205976,5.5787,920.5
7354,[N][C][=C][C][=C][Branch1][P][S][=Branch1][C][=O][=Branch1][C][=O],384,16205592,5.5788,920.7
7355,[N][Branch1][=Branch2][C][=C][C][=C][C][=N][Ring1][=Branch1][C][C][Ring1][N],384,16205208,5.5789,920.8
7356,[C][=C][Branch1][Ring1][O][C][C][Branch1][Ring1][O][C][=C][C][Ring1][#Branch2],384,16204824,5.5791,921
7357,[C][=C][C][=C][Branch1][N][C][=C][C][=C][Branch1][C][F][C][=C][Ring1][#Branch1][C][=C][Ring1][=N],384,16204440,5.5792,921.1
7358,[N][C][C][=C][Branch1][=Branch1][C][C][C][Ring1][Ring1][NH1][N][=Ring1][Branch2],384,16204056,5.5793,921.2
7359,[O][C][=C][Ring1][=C],383,16203673,5.5795,921.4
7360,[C][=C][Ring2][Ring1][=Branch2][F],383,16203290,5.5796,921.5
7361,[=C][C][NH1],383,16202907,5.5797,921.6
7362,[C@@H1][Ring2][Ring2][Ring1],383,16202524,5.5799,921.8
7363,[O][C][=Branch1][C][=O][C][=C][C][=C][N][=C][Ring1][=Branch1],383,16202141,5.58,921.9
7364,[C][Branch1][C][F][=C][Ring1][P],383,16201758,5.5801,922
7365,[C][O][C][=C][C][=C][C][Branch2][Ring1][Ring1],383,16201375,5.5803,922.2
7366,[=C][C][Branch1][C][O][=C],383,16200992,5.5804,922.3
7367,[C][=Branch1][C][=O][N][Branch1][#Branch2][C][C][=C][C][=C][C][=C][Ring1][=Branch1][C][=Branch1][C][=O],383,16200609,5.5805,922.4
7368,[#C][C][=Branch1][C][=O][/C][=C][/C][=C][C][=C][C][=C][Ring1][=Branch1],383,16200226,5.5807,922.6
7369,[O][C][C][=C][C][=C][Branch1][C][Br][C][=C][Ring1][#Branch1],383,16199843,5.5808,922.7
7370,[C][C][N][Branch1][P][C][=Branch1][C][=O],383,16199460,5.5809,922.8
7371,[O][C@H1][Branch1][Ring1][C][O][C@@H1][Branch1][C][O][C@H1][Branch1][C][O][C@H1][Ring1][#Branch2][O],383,16199077,5.5811,922.9
7372,[N][=C][N][Ring1][Branch1][C@H1],383,16198694,5.5812,923.1
7373,[N][C][=Branch1][C][=O][N][C][Ring1][Branch2],383,16198311,5.5813,923.2
7374,[N][Branch2][Ring1][Branch1][C][C][=Branch1][C][=O],383,16197928,5.5815,923.4
7375,[Branch2][C][C][C][C][C][Ring1][Ring2],383,16197545,5.5816,923.5
7376,[C][Ring1][Ring2][Branch1][C][C][C],383,16197162,5.5817,923.6
7377,[C][=C][C][=C][Branch1][C][C][C][Branch1][C][C][=C][Ring1][Branch2],383,16196779,5.5819,923.7
7378,[C][=C][C][=C][C][=Branch1][=Branch1][=C][Ring1][=Branch1],383,16196396,5.582,923.9
7379,[N][Branch2][Ring1][Ring2][C][C][=C][C][=C][C][Branch1][=Branch2][C][Branch1][C][F][Branch1][C][F][F][=C][Ring1][#Branch2],383,16196013,5.5821,924
7380,[C][=C][Ring1][Branch1][C][C][C][C][Ring1][=Branch1],383,16195630,5.5822,924.2
7381,[C][N][=N][N][C][=N][C][NH1][C][=C][C][=Ring1][Branch1][C][=Ring1][N][Ring1][=Branch2],383,16195247,5.5824,924.3
7382,[O][Ring1][=Branch1][C][=Branch1][C][=O],382,16194865,5.5825,924.4
7383,[C][C][C][=C][C][Branch2][Ring1],382,16194483,5.5826,924.6
7384,[C][=C][Ring1][P][C],382,16194101,5.5828,924.7
7385,[C@][Ring2][Ring1][#Branch1],382,16193719,5.5829,924.8
7386,[O][=C][Branch1][O][O][C][C][=C][C][=C][C][=C][Ring1][=Branch1],382,16193337,5.583,925
7387,[N][=C][Branch1][Branch2][C][=C][C][=C][O][Ring1][Branch1],382,16192955,5.5832,925.1
7388,[C][N][C][C][N][Branch2][Ring1][=Branch1],382,16192573,5.5833,925.3
7389,[C@@H1][Branch1][C][C][C@H1][Branch1][C][C][C][C],382,16192191,5.5834,925.4
7390,[N][N][C][C][C][Branch1][C][C][C][C][Ring1][#Branch1],382,16191809,5.5836,925.5
7391,[S][=Branch1][C][=O][=Branch1][C][=O][N][C][C][C][Branch1][C][C][C][C][Ring1][#Branch1],382,16191427,5.5837,925.7
7392,[C][O][C][=Branch1][C][=O][N][C@H1][Branch2][#Branch1],382,16191045,5.5838,925.8
7393,[C][C][=C][Branch1][N][NH1][C][=C][C][=C][C][=C][Ring1][=Branch2][Ring1][=Branch1][C],382,16190663,5.584,926
7394,[C][=C][C][Branch1][C][F][=C][Branch1][C][F][C][=C][Ring1][Branch2][F],382,16190281,5.5841,926.1
7395,[S][S][=Branch1][C][=O][=Branch1][C][=O][N][C][C][=C][O][N][=Ring1][Branch1][=C],382,16189899,5.5842,926.3
7396,[C][=C][Ring2][Ring1][C][=N],381,16189518,5.5844,926.4
7397,[Cl][C][=C][C][=C][C][=C][Ring1][=Branch1][C],381,16189137,5.5845,926.5
7398,[Ring2][Ring2][C][O],381,16188756,5.5846,926.7
7399,[C][N][C][=Branch1][C][=O][C][=C],381,16188375,5.5847,926.8
7400,[N][=N][N][Ring1],381,16187994,5.5849,926.9
7401,[/C][=C][/C][=C][/C],381,16187613,5.585,927.1
7402,[O][C][C][C][C][=C][C][=C][C][=C][Ring1][=Branch1],381,16187232,5.5851,927.2
7403,[=C][C][=C][Ring2][Ring1][P],381,16186851,5.5853,927.4
7404,[C][S][=Branch1][C][=O][=Branch1][C][=O][N][C][C][=C][C][=C][C][=C][Ring1][=Branch1],381,16186470,5.5854,927.5
7405,[O][C][=C][C][=C][Branch2][Ring1][S],381,16186089,5.5855,927.6
7406,[C][C][C@H1][Branch1][C][N][C][=Branch1][C][=O],381,16185708,5.5857,927.8
7407,[N][C][=C][Branch2][Ring1][=Branch1],381,16185327,5.5858,927.9
7408,[C][C][Ring2][Ring2][Branch2],381,16184946,5.5859,928
7409,[=N][C][C][=C][C][=C][Branch1][C][Cl][C][=C][Ring1][#Branch1][C][C][Ring1][=C],381,16184565,5.5861,928.2
7410,[C][Ring2][Ring2][=N],381,16184184,5.5862,928.3
7411,[C][=N][C][Branch1][=Branch2][C][=C][C][=C][C][=C][Ring1][=Branch1][=C][Branch1][=Branch2][C][=C][C][=C][C][=C][Ring1][=Branch1],381,16183803,5.5863,928.4
7412,[C][Ring2][Ring1][=C][=C][Ring2][Ring2][C],381,16183422,5.5865,928.6
7413,[C][=C][Branch1][C][O][C][=C][C][Branch1][C][O][=C][Ring1][Branch2],381,16183041,5.5866,928.7
7414,[C][O][C][=Branch1][C][=O][C@H1][Branch1][C][O][C@@H1][Branch1],381,16182660,5.5867,928.8
7415,[O][N+1][Branch1][C][O-1][=C][Ring1][=Branch1][S][=Branch1][C][=O][=Branch1][C][=O][C][=C][C][=C][C][=C][Ring1][=Branch1],381,16182279,5.5869,928.9
7416,[C][N][C][=Branch1][C][=O][NH1],380,16181899,5.587,929.1
7417,[C][=C][C][O][C][=Branch1][C][=O],380,16181519,5.5871,929.2
7418,[N][C][=Branch1][C][=O][N][C][=C][C][=C][Branch1],380,16181139,5.5872,929.3
7419,[C@@][Ring2][Ring1][Ring2],380,16180759,5.5874,929.5
7420,[C@@][Branch1][Ring2],380,16180379,5.5875,929.6
7421,[/C][=Branch2][Ring1][=N],380,16179999,5.5876,929.7
7422,[C][=C][C][=C][C][=C][Ring1][=Branch1][Ring2][Ring1][O],380,16179619,5.5878,929.8
7423,[C][N][Branch1][Ring1][C][C][C][C],380,16179239,5.5879,929.9
7424,[O][Ring1][S][C][=C][Ring2][Ring1][=Branch1],380,16178859,5.588,930
7425,[C][O][C@@H1][Ring1][Ring2],380,16178479,5.5882,930.2
7426,[N][C][Ring1][S][=O],380,16178099,5.5883,930.3
7427,[C][=C][C][=C][C][=C][C][Ring1][=Branch1][=N],380,16177719,5.5884,930.5
7428,[C@@H1][Branch1][=Branch2][C][=C][C][=C][C][=C][Ring1][=Branch1][C],380,16177339,5.5886,930.6
7429,[C][C][C][=C][S][C][=Ring1][Branch1][C],380,16176959,5.5887,930.7
7430,[/C][=Branch2][Ring1][C][=N],380,16176579,5.5888,930.9
7431,[C][C][Branch1][C][C][N][=C][Branch1][C][N][N][=C][Branch1][C][N][N][Ring1][=Branch2],380,16176199,5.589,931
7432,[Ring2][C][C][=C],379,16175820,5.5891,931.1
7433,[Ring1][S][C][=C][Ring2][Ring1][=Branch1],379,16175441,5.5892,931.3
7434,[O][C@@][Branch1][C][C],379,16175062,5.5893,931.4
7435,[C][C][=C][NH1][N][=Ring1],379,16174683,5.5895,931.6
7436,[Branch2][Ring1][Ring1][N][C][=Branch1][C][=O],379,16174304,5.5896,931.7
7437,[C][C@@H1][C@@][Branch1][C][C][C][C],379,16173925,5.5897,931.9
7438,[N][Branch1][N][C][=C][C][=C][Branch1][C][Br][C][=C][Ring1][#Branch1],379,16173546,5.5899,932
7439,[Ring1][C][=O][C][=C][Ring1][Branch2],379,16173167,5.59,932.1
7440,[C][Branch2][Branch1][C][C],379,16172788,5.5901,932.3
7441,[N][=C][N][=C][Ring1][N][Ring1][#C],379,16172409,5.5903,932.4
7442,[C][C][C@@][Ring1][P][Ring2][Ring1][Ring2][C],379,16172030,5.5904,932.5
7443,[C@H1][Branch2][Ring1][P][C][C][C@@H1][C@@][Branch1][C][C][C][C][C@H1][Branch1][C][O][C][Branch1][C][C][Branch1][C][C][C@@H1][Ring1][#Branch2][C][C][C@][Ring1][=C][Ring2][Ring1][Ring1][C],379,16171651,5.5905,932.6
7444,[=C][C][=N][S][C][=C][C][=C][C][=C][Ring1][=Branch2][Ring1][=Branch1][C][C][Ring1][#C],379,16171272,5.5907,932.8
7445,[O][C][C][C][Branch1][C][F][Branch1][C][F][F],378,16170894,5.5908,932.9
7446,[C][O][C][C@@H1],378,16170516,5.5909,933
7447,[C][C][O][Ring1][Branch1],378,16170138,5.591,933.2
7448,[C][=Branch1][C][=O][N][C][Branch1][C][C],378,16169760,5.5912,933.3
7449,[N][=N][Ring2][Ring1][S],378,16169382,5.5913,933.5
7450,[=N][C][=C][C][=C][C][=C][Ring1][=Branch1][Ring2][Ring1][Ring2],378,16169004,5.5914,933.6
7451,[N][C][C][C][C][=C][C][=C][C][=C][Ring1][=Branch1][C],378,16168626,5.5916,933.8
7452,[C][Ring1][S][=N][Ring2][Ring1][Ring2],378,16168248,5.5917,933.9
7453,[=N][Ring1][=C][C][=C][Ring2][Ring1][Ring2],378,16167870,5.5918,934.1
7454,[N][/N][=C][\C][=Branch1][C][=O],378,16167492,5.592,934.2
7455,[/C][=C][/C][=C][C][=C][Branch1][Ring1][O][C][C][=C][Ring1][Branch2],378,16167114,5.5921,934.4
7456,[C][Branch2][Ring1][Ring2][C][=C][C][=C][Branch1][#Branch2][O][C][=C][C][=C][C][=C][Ring1][=Branch1][C][=C][Ring1][=N],378,16166736,5.5922,934.5
7457,[C][/C][=Branch1][P],378,16166358,5.5924,934.7
7458,[C][N][C][=Branch1][C][=N][N],378,16165980,5.5925,934.8
7459,[O][C][Branch1][C][C][Branch1][C][C][O][C@@H1][Ring1][#Branch1],378,16165602,5.5926,934.9
7460,[Branch1][C][O][C@H1][C][C][=C][C][=C][Branch1][C][O][C][=C][Ring1][#Branch1][C@@][Ring1][N][Branch1][N][C][C][N][Ring1][=N][C][C][C][C][Ring1][Ring1],378,16165224,5.5927,935.1
7461,[=N][C][=C][Ring2][Ring1],377,16164847,5.5929,935.2
7462,[C][C][Branch1][C][C][O][C][C],377,16164470,5.593,935.3
7463,[C][C][C][C][Ring1][O],377,16164093,5.5931,935.5
7464,[Branch2][Branch1][C][N],377,16163716,5.5933,935.6
7465,[C][N][C][=Branch1][C][=O][N][Branch1][C][C],377,16163339,5.5934,935.7
7466,[C][Branch1][C][Cl][=C][C][Branch1][C][Cl][=C][Ring1][Branch2],377,16162962,5.5935,935.9
7467,[C][C@H1][Branch1][Branch2],377,16162585,5.5937,936
7468,[O][C][=C][C][=C][Branch2][Ring1][Branch1],377,16162208,5.5938,936.1
7469,[N][=C][Branch1][=Branch2][S][Branch1][C][N][=Branch1][C][=O][=O],377,16161831,5.5939,936.3
7470,[C][=C][C][Branch1][=Branch2][C][=C][C][=C][C][=C][Ring1][=Branch1][=C],377,16161454,5.5941,936.4
7471,[C][=C][C][=C][Branch1][Ring2][S][Ring1][Branch1],377,16161077,5.5942,936.5
7472,[=C][C][=C][Ring2][Ring1][#Branch1][O],377,16160700,5.5943,936.6
7473,[C][C][C][C][Branch1][Branch1][C][C][Ring1][=Branch1],377,16160323,5.5944,936.8
7474,[O][=C][N][C][=Branch1][C][=O][/C][=Branch2][Ring2],377,16159946,5.5946,936.9
7475,[C@H1][Branch1][Ring1][C][O][C@@H1][Branch1][C][O][C@H1][Ring1][Branch2],377,16159569,5.5947,937
7476,[/C][=C][/C][=C][C][=C][Branch1][C][O][C][Branch1][Ring1][O][C][=C][Ring1][=Branch2],377,16159192,5.5948,937.2
7477,[C][C][Branch1][C][F],376,16158816,5.595,937.3
7478,[C][N][Ring1][=C],376,16158440,5.5951,937.4
7479,[C][C][O][C][=C][C][Branch2][Ring1],376,16158064,5.5952,937.6
7480,[O][C][=Branch1][C][=O][N][C][Branch1][C][C],376,16157688,5.5954,937.7
7481,[C][=C][Ring1][N][Ring1][=Branch2],376,16157312,5.5955,937.8
7482,[C@@H1][Ring2][Ring1][#C],376,16156936,5.5956,938
7483,[N][C][C][C][Branch2][Ring1][Branch2],376,16156560,5.5957,938.1
7484,[S][C][C][=Branch1][C][=O][N][C][C][=C][C][=C][C][=C][Ring1][=Branch1],376,16156184,5.5959,938.2
7485,[C][=Branch1][C][=O][C][=C][Branch1][=Branch2][C][=C][C][=C][C][=C][Ring1][=Branch1],376,16155808,5.596,938.3
7486,[C][C][O][C][=Branch1][C][=O][C][C][C][C][N][Branch2][Ring1],376,16155432,5.5961,938.5
7487,[C][=Branch1][C][=O][N][C][C][C][N][Branch1][C][C][C][C][Ring1][#Branch1],376,16155056,5.5963,938.6
7488,[N][Branch1][=Branch1][C][Branch1][C][C][C][C][Ring1][Branch2],376,16154680,5.5964,938.8
7489,[N][C][=C][C][=C][C][=C][C][=C][Ring1][=Branch1][Ring1][=Branch2],376,16154304,5.5965,938.9
7490,[C][=C][C][C@@H1][C@@][Branch1][C][C][C][C][C@H1][Branch1][C][O][C][Branch1][C][C][Branch1][C][C][C@@H1][Ring1][#Branch2][C][C][C@@][Ring1][=C][Branch1][C][C][C@][Ring2][Ring1][Ring1],376,16153928,5.5967,939.1
7491,[S][C][Ring1],375,16153553,5.5968,939.2
7492,[C][C][Branch1][C][C][C][O],375,16153178,5.5969,939.4
7493,[C][S][C][=C][C][=C][Branch1][C][Cl][C][=C][Ring1][#Branch1],375,16152803,5.597,939.5
7494,[C][N][Branch2][Ring2][Ring1],375,16152428,5.5972,939.7
7495,[N][C][C][N][Branch2][Ring1][=Branch1],375,16152053,5.5973,939.8
7496,[C][=C][Ring2][Ring1][#Branch2][Ring1][=Branch1],375,16151678,5.5974,939.9
7497,[Branch2][C][C][C][Branch1][C][C],375,16151303,5.5976,940.1
7498,[N][C][=N][C][=N][C][NH1],375,16150928,5.5977,940.2
7499,[C][O][C][=C][C][=C][C][Branch1][P],375,16150553,5.5978,940.3
7500,[C][C][Branch2][Ring1][S],375,16150178,5.598,940.5
7501,[C][=Branch1][C][=O][N][C][=C][C][Branch1][C][Cl][=C][C][=C][Ring1][#Branch1],375,16149803,5.5981,940.6
7502,[N][=C][Ring2][Ring2][C],375,16149428,5.5982,940.8
7503,[=C][C][=C][Ring1][S][F],375,16149053,5.5983,940.9
7504,[C][=C][C][=C][Branch1][#Branch2][O][C][Branch1][C][F][Branch1][C][F][F][C][=C][Ring1][O][C][C],375,16148678,5.5985,941
7505,[N][Branch1][Branch1][C][Ring1][=Branch1][=O],375,16148303,5.5986,941.2
7506,[S][=Branch1][C][=O][=Branch1][C][=O][O][C][=C][Ring1][#Branch2],375,16147928,5.5987,941.3
7507,[N][C][C][N][Branch1][O][C][=C][C][=C][C][=C][Ring1][=Branch1][O][C][C][C][Ring1][=C],375,16147553,5.5989,941.4
7508,[C][=C][Branch1][C][F][C][=C][C][=Branch1][C][=O][C][Branch1][=Branch1][C][=Branch1][C][=O][O][=C][N][Branch1][=Branch1][C][C][C][Ring1][Ring1][C][Ring1][=N],375,16147178,5.599,941.6
7509,[C@@][Ring2][Ring1][Branch1],374,16146804,5.5991,941.7
7510,[C][O][C][C][O][C][C],374,16146430,5.5993,941.9
7511,[C][C][Branch1][#C][C][=Branch1][C][=O],374,16146056,5.5994,942
7512,[C@@H1][Ring2][Ring1][C][C][C],374,16145682,5.5995,942.1
7513,[N][Branch1][#Branch2][C][C][=C][C][=C][C][=C][Ring1][=Branch1][C][C][=C][C][=C][C][=C][Ring1][=Branch1],374,16145308,5.5996,942.3
7514,[C][C][C][C][=C][C][=Branch1][C][=O][O],374,16144934,5.5998,942.4
7515,[O][C][O][P][=Branch1][C][=O][Branch1][C][O][O],374,16144560,5.5999,942.5
7516,[C][C][=C][C][=C][C][Branch1][=Branch1][C][=Branch1][C][=O][O][=C][Ring1][=Branch2],374,16144186,5.6,942.7
7517,[/C][=C][/C][=Branch1][C][=O][O][C][=C][Ring1][O],374,16143812,5.6002,942.8
7518,[C@@][Branch1][C][C][C][O][Ring1][Ring2],374,16143438,5.6003,942.9
7519,[C][=C][N][N][=C][Branch1][Ring1][O][C][S][C][Ring1][#Branch1][=N][Ring1][#Branch2][O][C][Ring1][#C],374,16143064,5.6004,943.1
7520,[C][C][Ring1][Branch1][C],373,16142691,5.6006,943.2
7521,[C][N][Ring1][S],373,16142318,5.6007,943.4
7522,[C][O][C][=C][C][=C][Branch2][Ring1][Branch1][C][=Branch1][C][=O],373,16141945,5.6008,943.5
7523,[Ring2][Ring1][C][C][=C][Ring2][Ring1][=Branch2],373,16141572,5.6009,943.6
7524,[C][C][=C][C][=C][Branch2][=Branch1],373,16141199,5.6011,943.8
7525,[C][=C][Ring2][Ring1][=N][Cl],373,16140826,5.6012,943.9
7526,[Branch1][C][Cl][=C][Ring1][#C],373,16140453,5.6013,944
7527,[C][C][=Branch1][C][=O][N][/N][=C][/C][=C],373,16140080,5.6015,944.1
7528,[N][C][=Branch1][C][=S][N][C][C],373,16139707,5.6016,944.2
7529,[N][C@@H1][Branch1][#Branch2][C][C][=C][C][=C][C][=C][Ring1][=Branch1][C],373,16139334,5.6017,944.4
7530,[C][=Branch1][C][=O][C][=C][C][=C][C][Branch1][C][O][=C][Ring1][#Branch1],373,16138961,5.6018,944.5
7531,[C][=N][C][=C][C][=C][C][=C][Ring1][=Branch1][C][=Branch1][C][=O][N][Ring1],373,16138588,5.602,944.6
7532,[C][=C][C][=C][Branch1][Ring2][S][Ring1][Branch1][C][C],373,16138215,5.6021,944.7
7533,[N][=N][N][Ring1][Branch1][C][C][=C][C][=C][C][=C][Ring1][=Branch1],373,16137842,5.6022,944.8
7534,[#Branch1][C][=Branch1][C][=O][N][O][S][Branch1][C][C][=Branch1][C][=O][=O],373,16137469,5.6024,945
7535,[C][=C][C][=C][Branch1][N][C][=Branch1][C][=O],372,16137097,5.6025,945.1
7536,[Ring1][N][C][=C][C][=C],372,16136725,5.6026,945.2
7537,[C][C@H1][C][C@H1],372,16136353,5.6028,945.4
7538,[C][=C][Ring2][Ring1][C][NH1],372,16135981,5.6029,945.5
7539,[C][Branch1][C][C][=C][Ring2][Ring1][#Branch2],372,16135609,5.603,945.6
7540,[C][=Branch1][C][=O][O][C][Branch1][C][C][C],372,16135237,5.6031,945.8
7541,[C][=C][N][=C][N][Ring1][Branch1],372,16134865,5.6033,945.9
7542,[C][C][=Branch1][C][=O][N][C][C][C][C][C][C],372,16134493,5.6034,946
7543,[C][=C][S][C][Branch1][=N],372,16134121,5.6035,946.2
7544,[C][=C][Ring1][=Branch1][C][Branch1][C][F][Branch1][C][F][F],372,16133749,5.6037,946.3
7545,[C][N][C][C][N][Branch2][Ring1][Ring1],372,16133377,5.6038,946.4
7546,[N][C][Branch2][Ring1][Branch1],372,16133005,5.6039,946.6
7547,[C][C][=Branch1][C][=O][N][C][C][C][C][C][C][Ring1][=Branch1],372,16132633,5.604,946.7
7548,[C][=C][Branch1][N][C][=C][C][=C][Branch1][C][Br][C][=C][Ring1][#Branch1],372,16132261,5.6042,946.8
7549,[N][C][=Branch1][C][=S][N][/N][=C][/C][=C],372,16131889,5.6043,947
7550,[C][=C][C][Branch1][C][Cl][=C][C][=C][Ring1][#Branch1][O][Ring1][#Branch2],372,16131517,5.6044,947.1
7551,[Branch2][C][C][N][Branch1][C][C][C][C],372,16131145,5.6046,947.2
7552,[C][S][C][=N][C][=C][C][=C][C][=C][Ring1][=Branch1][NH1][Ring1][=Branch2],372,16130773,5.6047,947.4
7553,[C][=C][C][=C][Branch2][Branch1][Ring1],372,16130401,5.6048,947.5
7554,[C@@H1][Branch1][Ring1][C][O][O][C@@H1],372,16130029,5.6049,947.6
7555,[C][C][=Branch1][C][=O][O][C@H1][C][C][C@@][Branch1][C][C],372,16129657,5.6051,947.7
7556,[N][C][=C][C][=C][Branch1][C][Cl][N][=C][Ring1][#Branch1],372,16129285,5.6052,947.9
7557,[=N][C][Ring2][Ring1][C][=C][Ring2][Ring1][=Branch1],372,16128913,5.6053,948
7558,[S][C][=C][C][=C][Branch1][=Branch1][N+1][=Branch1][C][=O][O-1][C][=C][Ring1][=Branch2][C][C][Ring1][#C],372,16128541,5.6055,948.1
7559,[C][=C][C][=C][Branch1][N][N][C][C][N][Branch1][C][C][C][C][Ring1][#Branch1][C][=C][Ring1][=N],372,16128169,5.6056,948.3
7560,[C][=C][C][=Branch1][C][=O][O][C][Ring1][#Branch1][=C][Ring1][O],372,16127797,5.6057,948.4
7561,[C][=C][C][=C][C][=C][Ring1][=Branch1][S][Branch1][C][N][=Branch1][C][=O][=O][C][=C][Ring1][S],372,16127425,5.6059,948.5
7562,[O][C][O][C],371,16127084,5.606,948.7
7563,[F][C][=C][C][=C][C][=C][Ring1][=Branch1][C],371,16126713,5.6061,948.8
7564,[C@H1][Branch1][Branch1][C],371,16126342,5.6062,948.9
7565,[=Ring2][Ring1][=Branch1][C],371,16125971,5.6064,949
7566,[C][C][O][C][=Branch1][C][=O][C][C][C][C],371,16125600,5.6065,949.2
7567,[C][C][Branch1][=Branch2][C][Branch1][C][F][Branch1][C][F][F],371,16125229,5.6066,949.3
7568,[N][C][=Branch1][C][=O][C][Branch1][C][C][Branch1][C][C],371,16124858,5.6067,949.4
7569,[=N][C][=C][C][=C][N][=C][Ring1][=Branch1],371,16124487,5.6069,949.5
7570,[#C][C][=C][C][=C][Branch1][C][F],371,16124116,5.607,949.7
7571,[C][=C][C][=N][C][Branch1][#Branch2],371,16123745,5.6071,949.8
7572,[C][C][C][Branch1][Ring1][C][O],371,16123374,5.6073,949.9
7573,[C][C][O][C][=C][C][=C][Branch2][Ring1][=Branch2],371,16123003,5.6074,950.1
7574,[C][=C][Branch1][=N][C][=C][C][=C][Branch1][Ring1][O][C][C][=C][Ring1][Branch2],371,16122632,5.6075,950.2
7575,[C][N][C][=Branch1][C][=O][C@H1][Branch1][#Branch2][C][C][=C][C][=C][C][=C][Ring1][=Branch1],371,16122261,5.6077,950.4
7576,[O][C][Ring1][=N][=O],371,16121890,5.6078,950.5
7577,[C][Ring2][Ring1][Branch1][=Ring1][P],371,16121519,5.6079,950.6
7578,[C][=Branch1][N][=N][C][=C][C][=C][C][=C][Ring1][#Branch2][Ring1][=Branch1][C][C][C][C][Ring1][=N],371,16121148,5.608,950.8
7579,[C][N][C][C][Branch1][C][C],370,16120778,5.6082,950.9
7580,[C][Branch1][Ring1][C],370,16120408,5.6083,951
7581,[C][C][=C][C][=C][Branch2][Ring1][Branch1][C][=Branch1][C][=O],370,16120038,5.6084,951.2
7582,[C][=C][C][=Branch1][C][=O][C][=C][C][=C][C][=C][Ring1][=Branch1],370,16119668,5.6086,951.3
7583,[C][Branch2][Ring1][Ring1][N][C][C],370,16119298,5.6087,951.4
7584,[C][C@H1][Branch1][=Branch2],370,16118928,5.6088,951.6
7585,[C][C][C][N][Branch1][=N][C][=Branch1][C][=O],370,16118558,5.6089,951.7
7586,[O][C][=C][C][=C][C][=Branch1][Ring2][=C][Ring1][=Branch1][O][C][O][Ring1][=Branch1],370,16118188,5.6091,951.8
7587,[O][C][=C][C][=C][Branch1][C][Cl][C][=C][Ring1][#Branch1][C][=C][Ring1][=C],370,16117818,5.6092,951.9
7588,[N][C][Ring1][#C][=O],370,16117448,5.6093,952.1
7589,[N][C][=N][C][=C][Branch1][C][Br],370,16117078,5.6095,952.2
7590,[C][C][Ring1][=Branch1][C][Ring1][#Branch2][=O],370,16116708,5.6096,952.3
7591,[Branch1][=Branch1][C][=Branch1][C][=O][O][C][C],370,16116338,5.6097,952.5
7592,[N][C][=Branch1][C][=O][C][C][C][C][C][Branch1][O][C][C][Branch1][Ring2][C][Ring1][=Branch1][C][Ring1][=Branch2][C][Ring1][#Branch2],370,16115968,5.6098,952.6
7593,[C][C][O][C][=C][C][=C][Branch2][Ring1][#C],370,16115598,5.61,952.8
7594,[C][Branch1][C][O][=N][C][Ring1][=Branch1][=C][Ring1][#Branch2],370,16115228,5.6101,952.9
7595,[C][Branch1][Ring1][C][#N][=C][Branch1][C][N],370,16114858,5.6102,953.1
7596,[/C][=Branch1][P][=C][/C][=C][C][=C][Branch1],370,16114488,5.6104,953.2
7597,[N][C][C][C][=C][Branch1][N][C][=C][N][=C][Branch1][C][N][N][=C][Ring1][#Branch1],370,16114118,5.6105,953.3
7598,[=C][/C][C][=N][N][C][Branch1][#Branch1][N][C][C][C][Ring1],370,16113748,5.6106,953.4
7599,[N][C][C][O][C][C],369,16113379,5.6107,953.5
7600,[C][C][=Branch1][C][=O][C][=C][C][=C][Branch2][Ring1],369,16113010,5.6109,953.7
7601,[C][=C][C][=C][C][=C][Ring1][=Branch1][C][=C][Ring1][#Branch2],369,16112641,5.611,953.8
7602,[O][C][O][C@H1],369,16112272,5.6111,954
7603,[C][=C][Ring1][=N][F],369,16111903,5.6113,954.1
7604,[C][Branch2][Branch1][#Branch2],369,16111534,5.6114,954.2
7605,[C][C][N][C][C][=C],369,16111165,5.6115,954.3
7606,[N][Branch1][C][C][C][C][Ring1][Branch2],369,16110796,5.6116,954.5
7607,[=N][\N][C][=Branch1][C][=S],369,16110427,5.6118,954.6
7608,[N][C][=Branch1][C][=O][C][=C][C][=C][S][Ring1][Branch1][C],369,16110058,5.6119,954.7
7609,[O][C][=C][N][=C][NH1][C][=C][C][Ring1][Branch1][=C][Ring1][=Branch2],369,16109689,5.612,954.8
7610,[N][N][C][C][C][Branch1][C][O][C][C][Ring1][#Branch1],369,16109320,5.6122,955
7611,[=Branch1][C][Branch1][C][C][C][C][=C][C][=C][Ring1][=Branch2][C][Branch1][C][C][C],369,16108951,5.6123,955.1
7612,[=N][C][=C][Ring1][Branch2],368,16108583,5.6124,955.2
7613,[N][Ring1][#Branch2][C][C][=C][C][=C][C][=C][Ring1][=Branch1],368,16108215,5.6125,955.3
7614,[C@][Branch1][C][C][Branch1][C][O][C@@H1],368,16107847,5.6127,955.5
7615,[C][=C][NH1][C][Ring1][Branch1],368,16107479,5.6128,955.6
7616,[C][C][C][O][C][=C][C][=C][C][=C][Ring1][=Branch1],368,16107111,5.6129,955.7
7617,[C][=C][Branch2][Ring2][#C],368,16106743,5.6131,955.9
7618,[C@H1][Branch1][O][O][C][C][=C][C][=C][C][=C][Ring1][=Branch1],368,16106375,5.6132,956
7619,[Branch2][Ring1][=Branch2][C][=Branch1][C][=O],368,16106007,5.6133,956.2
7620,[O][C][=C][C][=C][C][=C][Ring1][=Branch1][C][Ring1][#Branch2][=O],368,16105639,5.6134,956.3
7621,[C][C@H1][C][C][C@H1][Branch1],368,16105271,5.6136,956.4
7622,[/C][=C][/C][=C][C][=C][Branch1][Ring1][O][C][C][Branch1][Ring1][O][C][=C][Ring1][#Branch2],368,16104903,5.6137,956.6
7623,[C][=C][C][=C][Branch1][Ring1][O][C][C][=C][Ring1][N][Ring1][Branch2],368,16104535,5.6138,956.7
7624,[C][C][=C][C][=C][C][=Branch1][Ring2][=C][Ring1][=Branch1][O][C][O][Ring1][=Branch1][C][=Branch1][C][=O],368,16104167,5.614,956.8
7625,[Ring1][#Branch2][=C],367,16103800,5.6141,956.9
7626,[C][N][Branch1][Ring1][C][C],367,16103433,5.6142,957.1
7627,[Ring1][=C][C][=C][Ring2][Ring1][#Branch1],367,16103066,5.6143,957.2
7628,[O][C][Ring2][Ring1][#Branch2],367,16102699,5.6145,957.3
7629,[N][S][=Branch1][C][=O][=Branch1][C][=O][C][=C][C][=C][Branch1][C][F][C][=C][Ring1][#Branch1][F],367,16102332,5.6146,957.5
7630,[C@@H1][Branch1][#Branch1][C][C][Branch1][C][C][C][N][C][=Branch1][C][=O],367,16101965,5.6147,957.6
7631,[C][=C][C][=C][C][=C][Ring1][=Branch1][C][=N][N][=N][NH1][Ring1][Branch1],367,16101598,5.6148,957.7
7632,[=C][C][Branch1][Ring1][O][C][=C][Ring2][Ring1][=N][O][C],367,16101231,5.615,957.9
7633,[C@@H1][Branch1][O][C][=C][C][=Branch1][C][=O][O][C][Ring1][=Branch1][C][C][C@],367,16100864,5.6151,958
7634,[O-1][N+1],366,16100498,5.6152,958.2
7635,[C][=C][C][=C][C][=C][Ring1][=Branch1][N][Ring2][Ring1],366,16100132,5.6154,958.3
7636,[Ring1][N][Branch1][C][C][C][C],366,16099766,5.6155,958.5
7637,[C][N][Branch2][Ring1][Branch1][C][=Branch1][C][=O],366,16099400,5.6156,958.6
7638,[=Ring2][Ring1][Branch1][C],366,16099034,5.6157,958.7
7639,[/C][=C][/C][=Branch1][C][=O][O][C][C][=Branch1][C][=O],366,16098668,5.6159,958.8
7640,[C][=C][C][Branch1][C][F][=C][Branch1][C][F],366,16098302,5.616,959
7641,[C@H1][Ring2][Ring1][=N],366,16097936,5.6161,959.1
7642,[NH1][Ring2][Ring1][O],366,16097570,5.6163,959.2
7643,[Branch1][#Branch2][C][C][=C][C][=C][C][=C][Ring1][=Branch1][C],366,16097204,5.6164,959.3
7644,[N][=C][Ring1][Branch1][C][=N],366,16096838,5.6165,959.4
7645,[C][C][C][C][O][C][=Branch1][C][=O][N],366,16096472,5.6166,959.6
7646,[S][C][=Ring1][#C],366,16096106,5.6168,959.7
7647,[N][C][=N][C][Branch1][N][C][=C][C][=C][Branch1][C][Cl][C][=C][Ring1][#Branch1],366,16095740,5.6169,959.8
7648,[C][=Branch1][C][=O][O][C][=Branch1][C][=O][O],366,16095374,5.617,959.9
7649,[N][/N][=C][\C],366,16095008,5.6171,960.1
7650,[C][C][=Branch1][C][=O][O][C][C@],366,16094642,5.6173,960.2
7651,[C][=C][C][=C][C][=C][Ring1][=Branch1][C][Ring1][=N][=O],366,16094276,5.6174,960.4
7652,[C][C][=C][C][Branch1][Ring1][C][#N][=C][C][Branch1][C][C][=C][Ring1][=Branch2],366,16093910,5.6175,960.5
7653,[=Branch1][C][=Branch1][C][=N][N][=C][C][=C][Ring1][=Branch2],366,16093544,5.6177,960.6
7654,[C][=C][C][=C][NH1][C][=N][C][Ring1][Branch1][=C][Ring1][=Branch2],366,16093178,5.6178,960.8
7655,[C][N][C][C][Ring1][Branch2],365,16092813,5.6179,961
7656,[C][C][=Branch1][C][=O][N][C@H1][Branch1][C][C],365,16092448,5.618,961.1
7657,[N][C][=C][Branch1][#Branch2],365,16092083,5.6182,961.3
7658,[C][O][C][=C][C][Branch1][Ring1][O][C][=C][Branch1],365,16091718,5.6183,961.4
7659,[C@@H1][Branch2][Ring2][Ring2],365,16091353,5.6184,961.6
7660,[C][C][C][Branch1][Ring2],365,16090988,5.6185,961.7
7661,[C][Branch1][O][/C][=C][/C][=C][C][=C][C][=C][Ring1][=Branch1],365,16090623,5.6187,961.9
7662,[C@H1][Branch1][#Branch1][O][C][Branch1][C][C][=O][C][Branch1][C][C][Branch1][C][C],365,16090258,5.6188,962
7663,[C][/C][=Branch2][Ring1][Ring2],365,16089893,5.6189,962.1
7664,[=Branch1][C][C][C][C][N][N][C][=Branch1][C][=O],365,16089528,5.6191,962.3
7665,[C][O][C][Branch1][Ring1][C][O][C],365,16089163,5.6192,962.4
7666,[C][=N][N][=N][N][Ring1][Branch1],365,16088798,5.6193,962.6
7667,[N][/C][=C][\C][=Branch1][C][=O],365,16088433,5.6194,962.7
7668,[C][Ring2][Ring1][Ring2][=Ring1][S],365,16088068,5.6196,962.9
7669,[N][C][=N][C][Branch1][C][O][=C][N][=C],365,16087703,5.6197,963
7670,[C][C][C@][Branch1][C][C][C][=Branch2],365,16087338,5.6198,963.1
7671,[Branch1][C][O][C][C@@H1][Branch1][C][O][C][C][=Branch1][C][=O],365,16086973,5.62,963.3
7672,[/C][Branch1][C][N][=N][/O],365,16086608,5.6201,963.4
7673,[#Branch1][C][C][=Branch1][C][=O][O][C][C@H1][Branch1][N][C][=C][C][=C][C][Branch1][C][Cl][=C][Ring1][#Branch1],365,16086243,5.6202,963.6
7674,[C][=C][Branch1][C][C][C@@H1][C][C][C@][Branch1][=Branch1][C][=Branch1][C][=O][O][C][C][C@][Branch1][C][C],365,16085878,5.6203,963.7
7675,[C][=C][N][=C][Branch2][Ring1][O][C@@H1][C][C][C][N][Ring1][Branch1][C][=Branch1][C][=O][C@@H1][Branch1][Branch2][N][C][=Branch1][C][=O][O][C][C][Branch1][C][C][C],365,16085513,5.6205,963.9
7676,[Branch1][C][C][O][C][C],364,16085149,5.6206,964
7677,[C][C][Branch1][C][C][C][N][C][C],364,16084785,5.6207,964.2
7678,[C][Branch2][Ring1][C][C][=N],364,16084421,5.6208,964.3
7679,[N][C][=C][C][=C][C][=C][Ring1][=Branch1][C][=C][Ring1][S],364,16084057,5.621,964.4
7680,[O][C][=C][Ring2][Ring1][Ring1],364,16083693,5.6211,964.5
7681,[Ring2][Ring1][Ring2][C][=C][Ring2][Ring1][#Branch2],364,16083329,5.6212,964.7
7682,[C][=Ring2][Ring1][=Branch1][C],364,16082965,5.6214,964.8
7683,[C][=Branch1][C][=O][N][C][=C][C][=C][C][=N][Ring1][=Branch1],364,16082601,5.6215,965
7684,[C][Ring2][Ring2][=Branch2],364,16082237,5.6216,965.1
7685,[C][=C][Branch1][C][I],364,16081873,5.6217,965.2
7686,[=C][C][=Branch1][C][=O][O][C][Branch1][C][C][Branch1][C][C][C],364,16081509,5.6219,965.3
7687,[C][/C][=Branch2][Ring2],364,16081145,5.622,965.5
7688,[C][O][C][=C][C][=C][N][=C][C][=C][Branch1][C][Cl][C][=C][C][Ring1][#Branch1],364,16080781,5.6221,965.6
7689,[O][C][Branch1][C][C][=N][Ring1][=Branch1],364,16080417,5.6222,965.7
7690,[=Branch1][S+1][Branch1][C][C][O-1],364,16080053,5.6224,965.9
7691,[N][C][C][N][Branch1][S][S][=Branch1][C][=O][=Branch1][C][=O][C][=C][C][=C][C][=C][Ring1][=Branch1][C][C][Ring1][#C],364,16079689,5.6225,966
7692,[O][C][N][=C],363,16079326,5.6226,966.1
7693,[C@@H1][C][N],363,16078963,5.6228,966.3
7694,[C@][Ring1][Branch1],363,16078600,5.6229,966.4
7695,[N][C][C][C][S],363,16078237,5.623,966.5
7696,[C][=Branch1][C][=O][N][C][C][O],363,16077874,5.6231,966.7
7697,[N][=C][Branch1][C][N][N][Branch1][C][C],363,16077511,5.6233,966.8
7698,[C][C][Branch1][C][C][C@@H1][C][C],363,16077148,5.6234,966.9
7699,[O][C][=Branch1][C][=O][C@H1][Branch1][C][O],363,16076785,5.6235,967
7700,[N][=C][Branch1][Branch2][C][=C][C][=C][S][Ring1][Branch1],363,16076422,5.6236,967.2
7701,[C@@H1][Ring2][Ring2][=Branch2],363,16076059,5.6238,967.3
7702,[C][N][Branch1][=N][C][=Branch1][C][=O][C][=C][C][=C][C][=C][Ring1][=Branch1],363,16075696,5.6239,967.4
7703,[C][=Branch1][C][=O][N][C][Branch1][C][C][Branch1][C][C],363,16075333,5.624,967.6
7704,[N][C][C][C][N][C][C][Ring1][#Branch1],363,16074970,5.6241,967.7
7705,[C][=C][C][Branch1][C][Br][=C][C][Branch1][C][Br][=C][Ring1][Branch2],363,16074607,5.6243,967.8
7706,[C][=C][Branch1][Branch2][NH1][C][Ring1][Branch1][=C][Ring1][=Branch2],363,16074244,5.6244,968
7707,[2H][C][Branch1][C][2H],363,16073881,5.6245,968.1
7708,[S][S][=Branch1][C][=O][=Branch1][C][=O][N][C][C][=C][O][N][=Ring1][Branch1][=C][C][=C][Ring1][#C][Ring2][Ring1][Ring2],363,16073518,5.6247,968.3
7709,[C][O][S][=Branch1][C][=O][=Branch1][C][=O],362,16073156,5.6248,968.4
7710,[O][C][=C][C][=C][C][=C][Ring2][Ring1],362,16072794,5.6249,968.6
7711,[C][C][C][N][Branch2][Ring2][Ring1],362,16072432,5.625,968.7
7712,[N][C][=C][C][=C][C][=C][Ring1][=Branch1][N+1][=Branch1][C][=O][O-1],362,16072070,5.6252,968.8
7713,[N][C][=C][C][=C][C][Branch2][Ring1][Branch2],362,16071708,5.6253,969
7714,[=N][C][=C][C][=C][C][=C][Ring1][=Branch1][Ring1][=Branch2],362,16071346,5.6254,969.1
7715,[C][C][N][C][C][N][Branch2][Branch1],362,16070984,5.6255,969.3
7716,[O][C][=C][C][Branch1][#C],362,16070622,5.6257,969.4
7717,[#C][N][C][=Branch1][C][=O][C][=C][C][=C][C][=C][Ring1][=Branch1][F],362,16070260,5.6258,969.6
7718,[N][=C][Ring2][Ring1][Ring1][Ring1][#C],362,16069898,5.6259,969.7
7719,[C][C][N][N][=C][Branch1][C][C],362,16069536,5.626,969.8
7720,[N][C][C][N][Branch2][Ring2][Ring1],362,16069174,5.6262,970
7721,[N][=C][N][Ring1][Branch1][C@@H1][O][C@H1][Branch1][Ring1][C][O][C@@H1][Branch1][C][O][C@H1][Ring1][Branch2][O],362,16068812,5.6263,970.2
7722,[C][=C][C][=C][C][=N][Ring1][=Branch1][C][=Branch1][C][=O],362,16068450,5.6264,970.3
7723,[=N][N][Branch1][=N][C][=C][C][=C][Branch1][C][Cl][C][=C][Ring1][#Branch1][Cl],362,16068088,5.6266,970.4
7724,[C][=C][NH1][C][=C][C][=C][Branch1][C][Cl][C][=C][Ring1][#Branch2][Ring1][#Branch1],362,16067726,5.6267,970.5
7725,[C][Branch2][Ring1][#Branch1][C][Branch1][C][O][Branch1][=Branch2][C][=C][C][=C][C][=C][Ring1][=Branch1][C][=C][C][=C][C][=C][Ring1][=Branch1],362,16067364,5.6268,970.7
7726,[C][=C][C][Branch1][=Branch2][C][Branch1][C][F][Branch1][C][F][F][=C][C][Branch1][=Branch2][C][Branch1][C][F][Branch1][C][F][F][=C][Ring1],362,16067002,5.6269,970.8
7727,[/N][C][=Branch1][C][=O],361,16066641,5.6271,970.9
7728,[Ring2][Ring1][C][=N],361,16066280,5.6272,971
7729,[C][C][C][C][Branch2][Ring1],361,16065919,5.6273,971.2
7730,[Branch1][C][N][Branch1],361,16065558,5.6274,971.3
7731,[N][Ring1][Ring2],361,16065197,5.6276,971.4
7732,[C][N][Ring1][Branch1],361,16064836,5.6277,971.6
7733,[S][C][Ring1][#C],361,16064475,5.6278,971.7
7734,[C@][Ring2][Ring1][#Branch2],361,16064114,5.6279,971.8
7735,[C][C][Branch1][=Branch1][C][Branch1][C][N][=O],361,16063753,5.6281,972
7736,[S][=Branch1][C][=O][=Branch1][C][=O][N][C][C][C][C][C][Ring1][=Branch1],361,16063392,5.6282,972.1
7737,[C][C][O][C][=Branch1][C][=O][C][=C][N][Branch1],361,16063031,5.6283,972.2
7738,[Branch1][C][C][C@H1][Ring2][Ring1],361,16062670,5.6285,972.4
7739,[C][=Branch1][C][=O][N][C@@H1][C][C],361,16062309,5.6286,972.5
7740,[C][N][C][Branch1][=C],361,16061948,5.6287,972.7
7741,[C][Ring2][Ring2][=C],361,16061587,5.6288,972.8
7742,[N][C][=C][Branch1][C][C][C][=C][C][=C][Ring1][#Branch1],361,16061226,5.629,972.9
7743,[O][=C][Branch2][Ring1][Ring2][N][C][=C][C][=C][Branch1][=Branch2][C][Branch1][C][F][Branch1][C][F][F][C][=C][Ring1][#Branch2],361,16060865,5.6291,973.1
7744,[Branch1][Ring1][C][#N][=C][Branch1][C][N],361,16060504,5.6292,973.2
7745,[N][C][=C][Branch1][=Branch1][C][=Branch1][C][=O][O][C][=Branch1][C][=O],361,16060143,5.6293,973.3
7746,[N][C][=N][C][=C][C][=C][C][=C][Ring1][=Branch1][N][=C][Ring1][#Branch2],361,16059782,5.6295,973.5
7747,[Ring2][Ring2][C][C][=C],360,16059422,5.6296,973.6
7748,[C][Branch1][C][C][N][C][=Branch1][C][=O],360,16059062,5.6297,973.7
7749,[N][=C][Branch1][Ring1][S],360,16058702,5.6298,973.8
7750,[C][=C][Ring2][Ring1][Ring2][Ring1][#Branch1],360,16058342,5.63,974
7751,[O][C][=C][Ring2][Ring1][Ring2],360,16057982,5.6301,974.1
7752,[C][Branch1][C][Cl][=C][Ring1][P],360,16057622,5.6302,974.2
7753,[O][=C][Branch2][Ring2][N],360,16057262,5.6303,974.4
7754,[C][Branch1][C][O][Branch1][=Branch2][C][=C][C][=C][C][=C][Ring1][=Branch1],360,16056902,5.6305,974.5
7755,[S][Ring2][Ring1][#C],360,16056542,5.6306,974.7
7756,[O][O][Ring1][Branch2],360,16056182,5.6307,974.8
7757,[=N][Ring2][Ring2][Branch1],360,16055822,5.6309,974.9
7758,[O][C][=C][C][=C][C][=C][Ring1][=Branch1][O][Ring1][#Branch2],360,16055462,5.631,975.1
7759,[C][O][C][=C][C][=C][Branch2][Branch1][#Branch2],360,16055102,5.6311,975.2
7760,[/C][=C][/C][=C][C][=C][Branch1][#Branch2],360,16054742,5.6312,975.3
7761,[P][N][C][=Branch1][C][=O][C][=C][C][=C][Branch1][C][Cl][C][=C][Ring1][#Branch1],360,16054382,5.6314,975.4
7762,[N][Branch1][N][C][=C][C][=C][C][Branch1][C][F][=C][Ring1][#Branch1],360,16054022,5.6315,975.6
7763,[C][Branch1][Ring1][C][#N][=C][Ring1][=Branch2],360,16053662,5.6316,975.7
7764,[C][/C][=Branch2][Ring1][Branch1],360,16053302,5.6317,975.8
7765,[C][=C][C][=Branch1][Ring2][=N][Ring1][=Branch1],360,16052942,5.6319,976
7766,[=C][C][=C][Ring2][Ring1][Branch1][O],360,16052582,5.632,976.1
7767,[C][C][Branch1][=Branch2][C][=C][C][=C][C][=C][Ring1][=Branch1][C],360,16052222,5.6321,976.3
7768,[C][Ring1][#Branch1][=C][Ring1][O][C][C],360,16051862,5.6322,976.4
7769,[C@H1][Branch1][Branch2][C][C][=C][O][C][=Ring1][Branch1][C],360,16051502,5.6324,976.5
7770,[O][C][=Branch1][C][=O][C@H1],359,16051143,5.6325,976.7
7771,[F][C][=C][Ring1][#Branch2],359,16050784,5.6326,976.8
7772,[C][=C][C][Branch2][Ring1][=Branch1][C][=Branch1][C][=O],359,16050425,5.6327,976.9
7773,[C][C][O][C][=Branch1][C][=O][C][C][=N],359,16050066,5.6329,977.1
7774,[C][=Branch1][C][=O][N][C][=C][C][=C][Branch2][Ring1],359,16049707,5.633,977.2
7775,[Branch1][=Branch2][C][=C][C][=C][C][=N][Ring1][=Branch1],359,16049348,5.6331,977.3
7776,[Ring2][Ring2][Ring2][O],359,16048989,5.6333,977.5
7777,[C][=C][C][=C][C][=C][Ring1][=Branch1][Ring2][Ring1][N],359,16048630,5.6334,977.6
7778,[C][C][C][=Branch1][C][=O][N][C][=N],359,16048271,5.6335,977.7
7779,[C][N][C][C][N][Branch2][Ring1][P],359,16047912,5.6336,977.8
7780,[C][=C][C][Branch1][C][Cl][=C][C][=C][Ring1][#Branch1][NH1][Ring1][#Branch2],359,16047553,5.6338,978
7781,[C][=C][C][Branch1][C][F][=C][C][=C][Ring1][#Branch1][NH1][Ring1][#Branch2],359,16047194,5.6339,978.1
7782,[N][=C][Branch2][Ring1][Ring1][C][=C][C][=C][Branch1][=Branch2][C][Branch1][C][F][Branch1][C][F][F][C][=C][Ring1][#Branch2],359,16046835,5.634,978.2
7783,[/C][=Branch1][P][=C][/C][=C],359,16046476,5.6341,978.3
7784,[N][Branch1][#Branch2][C][C][=C][C][=C][N][=C][Ring1][=Branch1][C][=Branch1][C][=O],359,16046117,5.6343,978.5
7785,[N][N][C][C][C][C@@H1][Branch1][C][N],359,16045758,5.6344,978.6
7786,[C][N][C][C][N][Branch1][=Branch2][C][=C][C][=C][C][=C][Ring1][=Branch1][C][C][Ring1][N],359,16045399,5.6345,978.8
7787,[/C][=C][\C@H1],358,16045041,5.6346,978.9
7788,[C][O][C][=Branch1][C][=O][C][N],358,16044683,5.6348,979
7789,[C][Branch1][C][C][=C][Ring2][Ring1][=Branch2],358,16044325,5.6349,979.2
7790,[C@][Branch1][Ring2],358,16043967,5.635,979.3
7791,[Branch1][C][Cl][=C][Ring1][=N],358,16043609,5.6351,979.4
7792,[C][C@@H1][Branch1][S],358,16043251,5.6353,979.6
7793,[C][C][O][C][=C][C][=C][C][=C][Ring1][=Branch1][N][C][=Branch1][C][=O],358,16042893,5.6354,979.7
7794,[=C][Branch1][C][\O],358,16042535,5.6355,979.9
7795,[=N][C][=C][C][=C][C][=C][C][=C][Ring1][#Branch2][Ring1][=Branch1],358,16042177,5.6356,980
7796,[C][=C][C][=C][C][=Branch1][Ring2][=C][Ring1][=Branch1][N][C][=Branch1][C][=O][C][O][Ring1][Branch2],358,16041819,5.6358,980.1
7797,[C][C][Branch1][C][C][=O],357,16041462,5.6359,980.2
7798,[C][C][Branch1][C][C][C][=C][C][=C][C][=C][Ring1][=Branch1],357,16041105,5.636,980.3
7799,[O][C][Branch1][C][O][C],357,16040748,5.6361,980.5
7800,[C][N][C][=Branch1][C][=O][C][N],357,16040391,5.6363,980.6
7801,[N][Branch1][C][C][C][=C][C][=C][C][=C][Ring1][=Branch1],357,16040034,5.6364,980.7
7802,[C][=C][Ring2][Ring1][O][F],357,16039677,5.6365,980.9
7803,[C][=C][Branch1][=Branch2][C][=C][C][=N][C][=C][Ring1][=Branch1],357,16039320,5.6366,981
7804,[C][N][C][C][C][Branch1][Branch2],357,16038963,5.6368,981.1
7805,[C][=C][C][Branch1][=Branch2][S][Branch1][C][C][=Branch1][C][=O][=O],357,16038606,5.6369,981.3
7806,[S][C][C][=Branch1][C][=O][N][C][=C][C][=C][Branch1],357,16038249,5.637,981.4
7807,[N][C][=C][Branch2][Ring1][#Branch2],357,16037892,5.6371,981.5
7808,[N][C][C][=C][C][=C][C][=C][Ring1][=Branch1][C][Ring1][=Branch2][=O],357,16037535,5.6373,981.7
7809,[=N][C][=Ring2][Ring1][=Branch1],357,16037178,5.6374,981.8
7810,[C][=Branch1][C][=O][C][=C][C][=C][C][=C][Ring1][=Branch1][C][Ring1][O][=O],357,16036821,5.6375,982
7811,[C][=C][C][Branch1][=Branch1][C][Branch1][C][N][=O][=C][C][=C][Ring1][=Branch2],357,16036464,5.6377,982.1
7812,[C@][Branch1][C][C][C@@H1][Ring1][Branch2][C][C][=C][C@@H1][C][C][Branch1][C][C][Branch1][C][C][C][C],357,16036107,5.6378,982.2
7813,[N][Branch1][#Branch1][C][C][C][C][Ring1][Ring1][C][C],357,16035750,5.6379,982.3
7814,[C][=Ring1][=Branch1][C],356,16035394,5.638,982.5
7815,[/C][=C][/C][=C][C][=C][Branch2][Ring1],356,16035038,5.6382,982.6
7816,[O][=C][O][C][=C][C][=C][C][=C][Ring1][=Branch1],356,16034682,5.6383,982.7
7817,[S][C][Branch1][C][C][Branch1][C][C],356,16034326,5.6384,982.8
7818,[C][=C][O][Ring1][Branch1],356,16033970,5.6385,983
7819,[C][=C][Ring1][N][O][C],356,16033614,5.6387,983.1
7820,[N][C][C@H1][Branch2][Ring1],356,16033258,5.6388,983.2
7821,[C][=Ring1][Branch1][C][=C][Ring1][=Branch2],356,16032902,5.6389,983.3
7822,[C][C][=C][C][=C][C][Branch1][P],356,16032546,5.639,983.5
7823,[Branch1][Ring1][C][=O],356,16032190,5.6392,983.6
7824,[C][=C][C][=N][NH1][Ring1][Branch1],356,16031834,5.6393,983.7
7825,[N][C][=C][C][=C][C][=C][Ring1][=Branch1][C][Branch1][C][F][Branch1][C][F][F],356,16031478,5.6394,983.8
7826,[C][=Branch1][C][=O][O][C][=C][C][=C][C][=C][Ring1][O][Ring1][=Branch1],356,16031122,5.6395,983.9
7827,[N][N][=C][Branch1][C][C][C][=C][Ring1][=Branch1][C],356,16030766,5.6397,984.1
7828,[S][C][Ring1][Branch1][=N][Ring1][Branch2],356,16030410,5.6398,984.2
7829,[=C][S][C][=C][C][Ring1][Branch1],356,16030054,5.6399,984.3
7830,[O][C][C][N][Branch1],355,16029699,5.64,984.5
7831,[C][C][C][C][S][=Branch1][C][=O][=Branch1][C][=O],355,16029344,5.6402,984.6
7832,[C][=N][C][=C][C][Branch1],355,16028989,5.6403,984.8
7833,[C@@H1][O][C][=Branch1][C][=O],355,16028634,5.6404,984.9
7834,[C][C][=C][Branch1][N][C][=C][C][=C][Branch1][C][F][C][=C][Ring1][#Branch1],355,16028279,5.6405,985
7835,[=C][Ring1][P][C],355,16027924,5.6407,985.2
7836,[=C][Ring1][=N][C][=Branch1][C][=O],355,16027569,5.6408,985.3
7837,[C][C@H1][Branch1][=N],355,16027214,5.6409,985.4
7838,[O][C][C@H1][Ring1][=Branch1],355,16026859,5.641,985.6
7839,[N][C][Branch2][Ring1][Branch2],355,16026504,5.6412,985.7
7840,[=N][N][Branch1][C][C][C][=Ring1][=Branch1],355,16026149,5.6413,985.8
7841,[C][O][C][=C][C][Branch1][Ring1][O][C][=C][Branch1][Ring1][O][C][C][=C][Ring1][#Branch2],355,16025794,5.6414,986
7842,[C][N][C][C][N][Branch1][N][C][=C][C][=C][Branch1][C][F][C][=C][Ring1][#Branch1][C][C][Ring1][=N],355,16025439,5.6415,986.1
7843,[O][C][Ring1][#Branch1][=O],355,16025084,5.6417,986.2
7844,[C][=Branch1][C][=O][N][C@@H1][Branch1][#Branch1][C][C][Branch1][C][C][C][C][=Branch1][C][=O][N][C@@H1][Branch1],355,16024729,5.6418,986.4
7845,[C@@H1][O][C@H1][Branch2][Ring1],355,16024374,5.6419,986.5
7846,[C@H1][Branch1][Branch2][C][C][C][=Branch1][C][=O][O][N][C][=Branch1][C][=O],355,16024019,5.642,986.6
7847,[C][=C][C][=C][Branch1][#Branch2][C][N][C][C][C][C][C][Ring1][=Branch1][C][=C][Ring1][=N],355,16023664,5.6422,986.8
7848,[N+1][Branch1][C][C],354,16023310,5.6423,986.9
7849,[Branch1][C][C][N][C][=Branch1][C][=O],354,16022956,5.6424,987
7850,[C][=C][Branch1][Branch1],354,16022602,5.6425,987.2
7851,[C][O][C][=Branch1][C][=O][C][=C][Branch1],354,16022248,5.6427,987.3
7852,[C@@H1][Branch1][C][C][N][C][=Branch1][C][=O],354,16021894,5.6428,987.4
7853,[C][Branch1][C][C][Branch1][C][C][C][C][=Branch1][C][=O],354,16021540,5.6429,987.6
7854,[O][C][=C][C][=C][Branch1][=Branch2],354,16021186,5.643,987.7
7855,[C][O][C][=C][C][=C][C][=C][Ring1][=Branch1][F],354,16020832,5.6432,987.8
7856,[C][C][C][Branch1][#C],354,16020478,5.6433,987.9
7857,[N][C][=C][C][=N][C][Branch1][C][F][=C][Ring1][#Branch1],354,16020124,5.6434,988
7858,[=N][C][=C][C][=C][Branch1][C][C][C][=C][Ring1][#Branch1],354,16019770,5.6435,988.2
7859,[C][Branch1][=Branch2][C][Branch1][C][F][Branch1][C][F][F][=C][Ring1][N],354,16019416,5.6437,988.3
7860,[C][C@H1][O][C@@H1][Branch1],354,16019062,5.6438,988.4
7861,[Ring1][P][C][C][Ring2][Ring1][#Branch1],354,16018708,5.6439,988.5
7862,[=C][C][C][C][=C][C][=C][Branch1][C][F][C][=C][Ring1][#Branch1],354,16018354,5.644,988.6
7863,[=N][O][Ring1][P],354,16018000,5.6442,988.7
7864,[=N][N][Ring2][Ring1][#Branch1],354,16017646,5.6443,988.9
7865,[C][Branch1][S][C][=C][C][=C][C][Branch1][=Branch1][N+1][=Branch1][C][=O][O-1][=C][Ring1][=Branch2],354,16017292,5.6444,989
7866,[C][S][C][=N][C][=C][C][=C][C][=C][Ring1][=Branch1][C][=Branch1][C][=O][N][Ring1],354,16016938,5.6445,989.1
7867,[C][=C][C][=C][Branch1][C][C][N][=C][Ring1][#Branch1],354,16016584,5.6446,989.3
7868,[C][O][C][=C][C][=C][C][Branch2][=Branch1],354,16016230,5.6448,989.4
7869,[C][=C][C][=C][Branch1][Branch2][N][C][=C][C][=N][Ring1][Branch1],354,16015876,5.6449,989.5
7870,[O][C][C][C][N][Branch1][C][C][C][C][Ring1][#Branch1],354,16015522,5.645,989.7
7871,[C][C@@H1][Branch1][C][O][C@H1][Branch1][#Branch2][C][C][=C][C][=C][C][=C][Ring1][=Branch1][N][C][=Branch1][C][=O],354,16015168,5.6451,989.8
7872,[Branch1][Branch2][C][O][C][Branch1][C][C][=O],354,16014814,5.6453,989.9
7873,[C@][C][C][C][Branch1][C][C][Branch1][C][C][C][C@H1][Ring1][Branch2],354,16014460,5.6454,990.1
7874,[N][N][=C][C][=N][Ring1][Branch1][C],354,16014106,5.6455,990.2
7875,[C][=C][N][=C][Branch2][Ring1][O][C@@H1][C][C][C][N][Ring1][Branch1][C][=Branch1][C][=O][C@@H1][Branch1][Branch2][N][C][=Branch1][C][=O][O][C][C][Branch1][C][C][C][NH1][Ring2][Ring1][Branch1],354,16013752,5.6456,990.3
7876,[C][Ring2][Ring1][Branch1][C][C],353,16013399,5.6458,990.5
7877,[O][=C][Branch2][Ring1][#Branch2][C],353,16013046,5.6459,990.6
7878,[C][N][Branch1][C][C][C@@H1],353,16012693,5.646,990.8
7879,[C][C][C@@H1][C@@][Branch1][C][C],353,16012340,5.6461,990.9
7880,[O][=C][Branch2][Ring1][Branch2][C][C],353,16011987,5.6463,991.1
7881,[O][C][C][=C][C][=C][C][=N][Ring1][=Branch1],353,16011634,5.6464,991.2
7882,[N][C][C][C][Branch2][Ring1][Ring1],353,16011281,5.6465,991.3
7883,[N][Ring1][#Branch2][Ring1][#Branch1],353,16010928,5.6466,991.5
7884,[C][Branch2][Ring1][=Branch2][C][=Branch1][C][=O],353,16010575,5.6468,991.6
7885,[O][C][=C][C][=C][C][Branch1][C][O][=C][Ring1][#Branch1],353,16010222,5.6469,991.7
7886,[Branch2][Ring2][=Branch1][N][C][=Branch1][C][=O],353,16009869,5.647,991.9
7887,[N][Ring1][Branch2][C],353,16009516,5.6471,992
7888,[O][C][=C][C][Branch1][#Branch2],353,16009163,5.6473,992.1
7889,[N][C][=Branch1][C][=O][N][C@H1][Branch1][C][C],353,16008810,5.6474,992.3
7890,[C][=C][C][=C][Branch2][Branch1][=Branch2],353,16008457,5.6475,992.4
7891,[N][C][=Ring1][S],353,16008104,5.6476,992.6
7892,[C@@H1][C][C][C@H1][C][Branch1][C][C][Branch1][C][C],353,16007751,5.6478,992.8
7893,[C@][Ring2][Ring1][=C][Ring2][Ring1][=Branch1],353,16007398,5.6479,992.9
7894,[C][C@@H1][Branch1][C][O][C][C][C@@][Ring1][#Branch1],353,16007045,5.648,993.1
7895,[C@H1][Branch1][C][C][O][C][Ring1][=Branch1][=O],353,16006692,5.6481,993.2
7896,[C][=C][C][Branch1][Ring1][O][C][=C][Branch1][C][O][C][Branch1][Ring1][O],353,16006339,5.6483,993.3
7897,[C][=C][C][=C][C][=C][Ring1][=Branch1][S][C][=C][C][=C][C][Branch1][O][/C][=C][/C][=C][C][=C][C][=N][Ring1][=Branch1][=N][NH1][C][Ring1][=N][=C][Ring1][P],353,16005986,5.6484,993.4
7898,[C][Branch1][Branch1][C],352,16005634,5.6485,993.5
7899,[C][=C][C][=C][C][=C][Ring1][=Branch1][C][Ring1][O],352,16005282,5.6486,993.7
7900,[=N][Ring2][Ring1][Branch1][C][C],352,16004930,5.6488,993.8
7901,[C][C][C][C][N][Branch1][=Branch2],352,16004578,5.6489,993.9
7902,[N][C][=C][Branch1][=Branch1][N+1][=Branch1][C][=O][O-1],352,16004226,5.649,994
7903,[N][=C][Ring1][S][Ring2][Ring1][Ring1],352,16003874,5.6491,994.2
7904,[O][Ring1][N][C][=C][Ring2][Ring1][C],352,16003522,5.6493,994.3
7905,[=N][Ring2][Ring1][Branch2][C][=C][Ring2][Ring1][=C],352,16003170,5.6494,994.4
7906,[C][Branch1][C][O][C][Branch1][C][O][C],352,16002818,5.6495,994.5
7907,[=N][N][Ring1][S][Ring1][=N],352,16002466,5.6496,994.7
7908,[N][C][C][C][S][=Branch1][C][=O][=Branch1][C][=O][C][Ring1][#Branch1],352,16002114,5.6498,994.8
7909,[C][C@@H1][Branch1][C][O][C@H1][C][=Branch1][C][=O][N][C][Branch1][=Branch1][C][=Branch1][C][=O],352,16001762,5.6499,994.9
7910,[O][C][=C][C][=C][C][=C][Ring1][=Branch1][C][Ring1][=Branch2][=C][Ring1][=N],352,16001410,5.65,995
7911,[C][=C][Branch1][C][Cl][C][=N][C][=C][Ring1][#Branch1][Cl],352,16001058,5.6501,995.2
7912,[C][C][C][=C][C][=C][C][Branch1][Ring1][C][C][=C][Ring1][Branch2],352,16000706,5.6503,995.3
7913,[C][Branch1][C][C][=C][C][=C],351,16000355,5.6504,995.4
7914,[C][=C][O][C][=Branch1][C][=O],351,16000004,5.6505,995.6
7915,[C][=C][C][=N][Ring1][#Branch1],351,15999653,5.6506,995.7
7916,[N][#C][C][=N],351,15999302,5.6507,995.8
7917,[O][=C][N][C][Branch1],351,15998951,5.6509,996
7918,[C][=C][Ring1][O][F],351,15998600,5.651,996.2
7919,[Branch1][S][=Branch1][C][=O][=Branch1][C][=O][C][=C][C][=C],351,15998249,5.6511,996.3
7920,[C][#C][C][N],351,15997898,5.6512,996.5
7921,[C][=C][N][Branch1][C][C][C][=Branch1][C][=O],351,15997547,5.6514,996.6
7922,[C][O][C][=C][C][Branch2][Ring2][#C],351,15997196,5.6515,996.8
7923,[Ring2][Ring2][#Branch1][O],351,15996845,5.6516,996.9
7924,[Branch2][Ring2][#Branch1][N][C][=Branch1][C][=O],351,15996494,5.6517,997.1
7925,[Branch2][Ring2][=Branch2][N][C][=Branch1][C][=O],351,15996143,5.6519,997.2
7926,[N][C][C][C][Branch1][P][N][C][=Branch1][C][=O],351,15995792,5.652,997.3
7927,[O][=S][=Branch1][C][=O][Branch1][N][C][=C][C][=C][Branch1][C][Cl][C][=C][Ring1][#Branch1],351,15995441,5.6521,997.5
7928,[C@@H1][Branch1][N][O][C][=Branch1][C][=O],351,15995090,5.6522,997.6
7929,[/C][=C][\C][=C][Branch1][C][/C],351,15994739,5.6524,997.7
7930,[N][Branch1][#Branch1][C@H1][Branch1][C][C][C],351,15994388,5.6525,997.8
7931,[C][C][=N][NH1][C][=Branch1][C][=O][C][=C][C][=C][C][=C][Ring1][O][Ring1][=Branch1],351,15994037,5.6526,998
7932,[C][=Branch2][Ring1][=Branch2][=C],351,15993686,5.6527,998.1
7933,[/C][=Branch1][#Branch2][=N][\C][=C][C][=C][C][=C][Ring1][=Branch1],351,15993335,5.6529,998.2
7934,[C][=C][C][=C][Branch1][Ring1][C][C][C][=C][Ring1][Branch2],351,15992984,5.653,998.4
7935,[C][=N][Ring2][Ring1],350,15992634,5.6531,998.5
7936,[C][=Branch1][C][=O][C][=Ring1],350,15992284,5.6532,998.6
7937,[N][C][=C][Branch1][C][O],350,15991934,5.6534,998.8
7938,[C][=Branch1][C][=O][N][C][C][C][=C][C][=C][C][=C][Ring1][=Branch1],350,15991584,5.6535,998.9
7939,[C][=C][Ring1][O][C][=C][C][=C][C][=C][Ring1][=Branch1],350,15991234,5.6536,999
7940,[C][N][Branch2][Ring1][C][C],350,15990884,5.6537,999.2
7941,[C][C][C][=C][Branch1][C][O],350,15990534,5.6538,999.4
7942,[C][Ring1][=C][=C],350,15990184,5.654,999.5
7943,[O][C@@H1][Ring1][Ring2],350,15989834,5.6541,999.6
7944,[C][=C][C][=N][C][=C][Ring1][=Branch1][C][C][Ring1][N],350,15989484,5.6542,999.8
7945,[C][C][O][C][=C][C][=C][Branch2][Ring1][Ring2],350,15989134,5.6543,999.9
7946,[C][C][Ring2][Ring1][Ring2][=O],350,15988784,5.6545,1000
7947,[Branch1][Ring2][O][C][C][O][C][C],350,15988434,5.6546,1000.2
7948,[C][=C][C][=Branch1][=Branch2],350,15988084,5.6547,1000.3
7949,[C][Branch1][C][C][=C][Branch1][C][C][C],350,15987734,5.6548,1000.4
7950,[N][C][=Ring1][P],350,15987384,5.655,1000.5
7951,[=C][C][=C][Ring2][Ring1][Ring2][O],350,15987034,5.6551,1000.7
7952,[C][O][C][=C][C][Branch1][C][C][=C][C][=C][Ring1][#Branch1],350,15986684,5.6552,1000.8
7953,[C][N][Branch2][Ring1][Ring1][C][=Branch1][C][=O],350,15986334,5.6553,1000.9
7954,[C@][Ring1][#Branch1][Branch1][C][C][C@H1][Ring1][=N],350,15985984,5.6555,1001.1
7955,[C][=Branch1][#Branch1][=C][Ring1][=Branch1],350,15985634,5.6556,1001.2
7956,[C@@H1][C][C][=C][C][C@@H1][Branch1][C][O][C][C][C@][Ring1][#Branch1][Branch1][C][C][C@H1][Ring1][N][C][C],350,15985284,5.6557,1001.3
7957,[O][C@@H1][O][C@@][Branch1][C][C][C][C][C@H1][C@H1][Branch1][C][C][C][C][C@@H1][Branch1][Branch1][C@H1][Ring1][#C][C][C@][Ring1][=Branch2][Ring1][#C][O][O][Ring1][#C],350,15984934,5.6558,1001.4
7958,[C][C][C][C][Branch1][C][O],349,15984585,5.6559,1001.6
7959,[C][C][O][C][=Branch1][C][=O][C][N],349,15984236,5.6561,1001.7
7960,[C][C][=C][C][=C][C][=C][Ring1][=Branch1][S][=Branch1][C][=O][=Branch1][C][=O],349,15983887,5.6562,1001.8
7961,[C@@H1][Branch2][Ring2][Ring1],349,15983538,5.6563,1002
7962,[O][C][C][=C][C][=C][N][=C][Ring1][=Branch1],349,15983189,5.6564,1002.1
7963,[S][C][C][C][C][C][C][Ring1][=Branch1],349,15982840,5.6566,1002.3
7964,[C][C@@H1][Branch1][#Branch2],349,15982491,5.6567,1002.4
7965,[C@H1][Branch2][Ring2][Ring2],349,15982142,5.6568,1002.6
7966,[O][C][C][=C][C][=C][O][Ring1][Branch1],349,15981793,5.6569,1002.7
7967,[C][Ring1][#Branch2][=Ring1][Branch1],349,15981444,5.6571,1002.9
7968,[N][Branch1][S][C][=C][C][=C][Branch1][=Branch1][C][=Branch1][C][=O][O][C][=C][Ring1][=Branch2],349,15981095,5.6572,1003
7969,[C@@H1][Branch1][=N][C][C][=C][C][=C][Branch1][C][Cl][C][=C][Ring1][#Branch1],349,15980746,5.6573,1003.2
7970,[N][Branch1][=Branch2][C][=C][C][=C][C][=C][Ring1][=Branch1][C][Ring1][N][=O],349,15980397,5.6574,1003.3
7971,[O][C@@H1][O][C@H1][Branch1][C][C],349,15980048,5.6576,1003.4
7972,[=N][C][Ring2][Ring1][Branch1][=C][Ring2][Ring1][=Branch2],349,15979699,5.6577,1003.6
7973,[C][C][O][C][=C][C][=Ring1][Branch1][C][=Branch1][C][=O],349,15979350,5.6578,1003.7
7974,[C][Branch1][C][N][C][C][Ring1][#Branch1],349,15979001,5.6579,1003.8
7975,[C][Branch1][C][C][Branch1][C][C][C][O][N][=Ring1][=Branch2],349,15978652,5.658,1004
7976,[O][C][=Branch1][C][=O][C@H1][Branch1][C][O][C@@H1][Branch1],349,15978303,5.6582,1004.1
7977,[C][=C][C][Branch1][=Branch2][C][Branch1][C][C][Branch1][C][C][C][=C][Branch1][C][O][C][Branch1][=Branch2][C][Branch1][C][C][Branch1][C][C][C][=C][Ring1][#C],349,15977954,5.6583,1004.2
7978,[=C][S][=Branch1][C][=O][=Branch1][C][=O],348,15977606,5.6584,1004.4
7979,[Branch1][C][O][C][#C],348,15977258,5.6585,1004.5
7980,[O][C][=Branch1][C][=O][C][N][C][=Branch1][C][=O],348,15976910,5.6587,1004.6
7981,[C][=C][Branch2][Ring1][=Branch1][C][=Branch1][C][=O],348,15976562,5.6588,1004.8
7982,[N][Ring2][Ring1][#Branch2][C],348,15976214,5.6589,1004.9
7983,[C][C][C][=N][N][Branch2][Ring1],348,15975866,5.659,1005
7984,[=N][C][=N][Ring1][=C],348,15975518,5.6592,1005.2
7985,[C@H1][Ring2][Ring1][S],348,15975170,5.6593,1005.3
7986,[C][=C][C][=C][Branch1][C][Cl][C][=C][Ring1][#Branch1][C][=Ring1][#Branch2],348,15974822,5.6594,1005.5
7987,[O][C][C][C][N][C][C][Ring1][=Branch1],348,15974474,5.6595,1005.6
7988,[C][C][C@][Branch1][=Branch1][C][=Branch1][C][=O][O][C][C][C@][Branch1][C][C][C][=Branch2],348,15974126,5.6597,1005.7
7989,[C][C@H1][Branch1][Ring1][C][O][C@@H1][Branch1][C][O][C@H1],348,15973778,5.6598,1005.9
7990,[/C][=Branch1][=N][=C][/C][=C][C][=C][Branch1][C][Cl][C][=C][Ring1][#Branch1],348,15973430,5.6599,1006
7991,[=C][C][=N][C][=N][C][NH1][C][=C][C][Ring1][=Branch2][=Ring1][Branch1][C][=N][Ring1][=C],348,15973082,5.66,1006.1
7992,[=C][C][Ring2][Ring1],347,15972735,5.6601,1006.3
7993,[O][C][C][=C][N][=C],347,15972388,5.6603,1006.4
7994,[Ring1][Branch1][C][Ring1][Branch2],347,15972041,5.6604,1006.5
7995,[C][C][=C][C][=C][Branch2][Ring2][O],347,15971694,5.6605,1006.7
7996,[C][Branch1][C][O][=C][Ring1][P],347,15971347,5.6606,1006.8
7997,[C][C][C][C@H1][Branch1],347,15971000,5.6608,1006.9
7998,[O][=C][Branch2][Ring1][Ring2][C][C],347,15970653,5.6609,1007
7999,[C][=N][Ring2][Ring1][P],347,15970306,5.661,1007.2
8000,[O][C][O][Ring1][#C],347,15969959,5.6611,1007.3